household_count,gu_name,umd_nm,apt_name,jibun,apt_seq,sgg_cd,bjdong_cd,land_cd,bonbun,bubun,trade_count,latest_deal_date,max_deal_amount,exclusive_area_count,exclusive_areas
72,강남구,개포동,개포현대200동,655-1,11680-295,11680,,1,0655,0001,9,2025-06-26,235000,1,82.2
19,강남구,개포동,개포현대6차,1242-2,11680-298,11680,,1,1242,0002,2,2025-12-09,175500,2,132.63|133.19
19,강남구,개포동,그린빌리지,1167,11680-296,11680,,1,1167,0000,1,2022-02-11,180000,1,197.91
10,강남구,개포동,뉴현대파크빌,1164-30,11680-673,11680,,1,1164,0030,9,2025-08-13,80000,5,69.16|69.55|69.86|73.55|83.46
78,강남구,개포동,대치푸르지오발라드,176-2,11680-5271,11680,,1,0176,0002,61,2025-07-15,171666,7,35.1099|40.9659|41.3882|52.0103|55.4924|59.4152|59.9957
10,강남구,개포동,리더스,1164-25,11680-477,11680,,1,1164,0025,3,2024-08-22,90000,2,83.62|84.16
12,강남구,개포동,리치타운,1204-5,11680-581,11680,,1,1204,0005,3,2026-04-10,135000,2,68.64|107.88
18,강남구,개포동,상지리츠빌,176-1,11680-449,11680,,1,0176,0001,2,2021-07-10,350000,1,161.07
12,강남구,개포동,새롬(1164-12),1164-12,11680-670,11680,,1,1164,0012,3,2026-02-11,111500,1,73.5
14,강남구,개포동,새롬(1164-13),1164-13,11680-671,11680,,1,1164,0013,9,2026-01-21,95000,2,59.67|59.96
15,강남구,개포동,새롬(1164-14),1164-14,11680-672,11680,,1,1164,0014,6,2023-11-26,64000,2,40.35|57.93
19,강남구,개포동,아람손프라자/비바빌,1164-7,11680-1364,11680,,1,1164,0007,7,2025-10-23,81000,2,59.96|84.96
9,강남구,개포동,에버그린,166-4,11680-448,11680,,1,0166,0004,2,2021-10-15,120000,2,62.15|84.89
15,강남구,개포동,우찬현대(1260-11),1260-11,11680-3662,11680,,1,1260,0011,2,2021-03-07,77500,2,59.7|100.5
10,강남구,개포동,우찬현대(1260-2),1260-2,11680-3660,11680,,1,1260,0002,2,2026-01-24,92500,1,65.06
10,강남구,개포동,우찬현대(1260-4),1260-4,11680-3661,11680,,1,1260,0004,2,2023-10-17,149000,2,103.94|137.82
10,강남구,개포동,포이벨리,1164-28,11680-479,11680,,1,1164,0028,2,2024-05-23,89000,1,84.69
14,강남구,개포동,포이현대빌라트,1165,11680-674,11680,10300,1,1165,0000,1,2026-04-13,182000,1,164.18
12,강남구,개포동,한림,1164-20,11680-716,11680,,1,1164,0020,2,2020-10-05,72000,1,72.78
60,강남구,논현동,경남논현,274,11680-105,11680,,1,0274,0000,10,2026-03-19,184500,4,59.56|83.72|84.89|114.27
7,강남구,논현동,골든캐슬,103-11,11680-3858,11680,,1,0103,0011,1,2019-03-25,99000,1,123.8
15,강남구,논현동,그랑디오스,268-12,11680-700,11680,,1,0268,0012,2,2022-01-08,159140,1,132.96
14,강남구,논현동,네오빌,55-12,11680-108,11680,,1,0055,0012,11,2024-01-31,720000,5,64.29|70.56|73.08|128.26|187.47
82,강남구,논현동,논현동월드메르디앙,212-13,11680-3730,11680,,1,0212,0013,11,2025-11-13,170000,8,84.9374|84.9914|84.9943|84.9954|84.9968|115.751|115.937|115.948
19,강남구,논현동,논현동프라임,192-3,11680-717,11680,,1,0192,0003,7,2026-01-31,160000,3,134.28|135.3|139.35
70,강남구,논현동,논현동한화꿈에그린,205-2,11680-699,11680,,1,0205,0002,17,2026-02-14,133000,1,67.671
65,강남구,논현동,논현베르빌,214-2,11680-158,11680,,1,0214,0002,17,2025-11-18,172000,6,111.08|111.36|111.6|113.84|129.76|132.59
10,강남구,논현동,논현빌라트,102-9,11680-137,11680,,1,0102,0009,2,2026-03-05,64000,2,50.1|52.65
99,강남구,논현동,논현아이파크,225-6,11680-4911,11680,,1,0225,0006,22,2026-01-19,207500,3,47.46|59.75|84.89
11,강남구,논현동,논현아트빌,215-14,11680-444,11680,,1,0215,0014,4,2024-03-13,96800,3,84.84|90.38|102.2
38,강남구,논현동,논현웰스톤,108,11680-3843,11680,,1,0108,0000,9,2026-03-21,133000,7,81.98|83.36|83.64|84.96|93.79|101.04|103.09
,강남구,논현동,논현인텔(9-2),9-2,11680-117,11680,,1,0009,0002,19,2019-03-28,90963,11,17.22|21.24|21.84|22.05|23.1|31.11|33.32|45.16|50.68|58.7|83.45
19,강남구,논현동,논현프라임아파트,196-4,11680-3690,11680,,1,0196,0004,3,2025-12-29,148000,1,122.44
32,강남구,논현동,논현한가람빌라트,105-3,11680-160,11680,,1,0105,0003,9,2026-01-05,189000,4,84.83|84.95|90.94|141.05
9,강남구,논현동,더그레이스,212-20,11680-443,11680,,1,0212,0020,2,2021-05-19,95000,1,98.81
29,강남구,논현동,더원센트럴,118-8,11680-4730,11680,,1,0118,0008,4,2024-11-05,51000,3,26.96|27.09|27.14
17,강남구,논현동,두영,216-1,11680-557,11680,,1,0216,0001,6,2023-02-25,94000,3,82.6|84.84|85
13,강남구,논현동,라이헤스빌,109-9,11680-162,11680,,1,0109,0009,1,2021-01-02,80500,1,82.67
17,강남구,논현동,로체샤르캐슬,114-23,11680-3844,11680,,1,0114,0023,5,2025-12-17,139000,2,105.99|106.59
12,강남구,논현동,마블하우스,267-23,11680-469,11680,,1,0267,0023,3,2024-08-06,182000,2,142.48|171.2
10,강남구,논현동,벨러스빌,47-11,11680-696,11680,,1,0047,0011,1,2022-02-14,65000,1,86.51
19,강남구,논현동,브라운스톤,43-3,11680-695,11680,,1,0043,0003,6,2021-05-14,280000,5,232.54|235.81|242.57|243.94|244.2
10,강남구,논현동,비쥬힐,39-10,11680-431,11680,,1,0039,0010,4,2026-04-10,111200,2,74.84|78.54
19,강남구,논현동,삼성빌라트,79-5,11680-124,11680,,1,0079,0005,1,2019-07-01,90000,1,120.98
19,강남구,논현동,세호시티라이프,122-25,11680-128,11680,,1,0122,0025,8,2026-01-24,48000,4,39.6|44.29|45.04|45.78
17,강남구,논현동,스위트캐슬레지던스,55,11680-697,11680,,1,0055,0000,6,2021-05-27,240000,5,105.96|143.28|164.04|167.22|203.17
24,강남구,논현동,아츠논현,249-9,11680-5257,11680,,1,0249,0009,1,2025-04-29,85000,1,38.8237
19,강남구,논현동,애플타운,16-42,11680-692,11680,,1,0016,0042,14,2021-11-15,173200,5,29.9|32.2|36.11|68.31|133.44
9,강남구,논현동,요진보네르,46-3,11680-441,11680,,1,0046,0003,3,2025-02-28,130000,2,125.07|129.24
14,강남구,논현동,우성,180-6,11680-583,11680,,1,0180,0006,3,2023-05-30,105000,3,93.31|102|110.1
15,강남구,논현동,월드쉐르빌,138-9,11680-442,11680,,1,0138,0009,3,2020-03-07,68000,3,65.31|68.86|70.56
18,강남구,논현동,은탑리더스카운티,44-6,11680-439,11680,,1,0044,0006,7,2025-12-05,148000,7,81.61|109.36|122.5|131.86|135.67|144.8|160.99
11,강남구,논현동,이산,194-22,11680-3958,11680,,1,0194,0022,10,2022-03-02,60000,4,46.06|60.28|62.1|64.23
32,강남구,논현동,제이빌,108-2,11680-556,11680,,1,0108,0002,8,2026-02-13,95000,5,31.22|36.53|52.54|75.12|80.31
14,강남구,논현동,지고하임(101동),44-8,11680-432,11680,,1,0044,0008,4,2025-02-10,121000,1,80.4
19,강남구,논현동,지고하임(102동),44-9,11680-467,11680,,1,0044,0009,7,2025-12-22,127500,3,73.17|77.61|77.7
70,강남구,논현동,"청학아파트에이동,비동,씨동",62-3,11680-141,11680,,1,0062,0003,16,2026-02-12,165000,2,85.12|97.18
12,강남구,논현동,케이씨빌,104-23,11680-553,11680,,1,0104,0023,1,2026-01-17,136000,1,113.77
18,강남구,논현동,테크노빌라트,271-6,11680-164,11680,,1,0271,0006,3,2026-02-10,129000,2,80.21|114.3
16,강남구,논현동,토미빌(228-9),228-9,11680-446,11680,,1,0228,0009,1,2019-05-07,121000,1,148.54
131,강남구,논현동,펜트힐루논현,211-21,11680-4994,11680,,1,0211,0021,12,2025-11-11,124614,2,42.257|43.392
28,강남구,논현동,프라임,80-13,11680-552,11680,,1,0080,0013,2,2019-10-15,93000,2,73.06|97.8
18,강남구,논현동,학동,217-34,11680-3176,11680,,1,0217,0034,3,2026-01-17,132800,2,74.6|107.86
19,강남구,논현동,한양빌라트,79-7,11680-148,11680,,1,0079,0007,2,2021-07-29,124500,2,104.64|129.6
108,강남구,논현동,한양수자인어반게이트,221-7,11680-4202,11680,,1,0221,0007,45,2026-04-02,28000,4,16.2|16.4|20.23|20.7
81,강남구,논현동,한진로즈힐,105-4,11680-554,11680,,1,0105,0004,30,2025-09-10,198000,2,84.94|103.96
46,강남구,논현동,한화꿈에그린2차,194-23,11680-3705,11680,10800,1,0194,0023,10,2026-04-20,160000,3,83.7|104.084|117.335
16,강남구,논현동,현대넥서스A동,261-8,11680-151,11680,,1,0261,0008,8,2021-07-23,259000,5,161.36|163.2|198.95|242.48|244.61
18,강남구,논현동,현대넥서스B동,261-7,11680-150,11680,,1,0261,0007,3,2021-05-24,185000,3,194.92|196.74|201.53
42,강남구,논현동,현대인텔렉스,261,11680-155,11680,,1,0261,0000,6,2025-01-22,170000,4,133.16|133.49|142.88|151.92
9,강남구,논현동,힐스빌7,46-2,11680-440,11680,,1,0046,0002,1,2020-02-24,119750,1,139.46
16,강남구,논현동,힐타워,53-1,11680-582,11680,,1,0053,0001,2,2024-02-14,125000,2,125.73|134.83
690,강남구,대치동,개포우성1,503,11680-372,11680,,1,0503,0000,98,2026-01-11,638000,4,84.81|127.61|158.54|189.98
14,강남구,대치동,노빌리티빌리지,1017-1,11680-540,11680,,1,1017,0001,1,2021-01-30,225000,1,168.04
134,강남구,대치동,대우아이빌멤버스(891-26),891-26,11680-531,11680,10600,1,0891,0026,46,2026-04-27,65000,10,25.513|31.393|35.236|35.796|36.566|41.112|42.837|46.877|51.026|54.966
42,강남구,대치동,대치더클래스,1031,11680-5083,11680,,1,1031,0000,2,2025-09-26,228500,2,79.52|84.12
80,강남구,대치동,대치동우정에쉐르1,891-28,11680-580,11680,,1,0891,0028,20,2025-05-26,92000,5,59.73|59.75|59.96|59.98|79.07
10,강남구,대치동,대치타워,914-8,11680-683,11680,,1,0914,0008,3,2023-11-28,105000,3,70.06|81.24|85.81
12,강남구,대치동,대치하나빌,1015-6,11680-689,11680,,1,1015,0006,2,2018-07-01,145000,2,166.22|169.19
66,강남구,대치동,대치한신휴플러스,907-2,11680-682,11680,,1,0907,0002,11,2026-04-22,177300,3,68.4|81.07|84.99
30,강남구,대치동,동민맥스빌A동,938-11,11680-533,11680,,1,0938,0011,5,2025-02-20,147000,3,83.58|84.9|84.96
18,강남구,대치동,동민맥스빌B동,938-13,11680-534,11680,,1,0938,0013,5,2025-11-30,200000,2,117.49|118.48
19,강남구,대치동,동양,920-32,11680-685,11680,,1,0920,0032,2,2025-12-10,150000,2,97.34|98.73
11,강남구,대치동,메트로,901-51,11680-230,11680,,1,0901,0051,2,2024-02-16,100000,2,80.59|99.26
37,강남구,대치동,삼환SOGOOD,938-16,11680-3698,11680,,1,0938,0016,6,2025-06-21,190000,2,84.93|105.6
15,강남구,대치동,상지리츠빌카일룸(1009-4),1009-4,11680-3981,11680,,1,1009,0004,2,2024-12-12,490000,1,178.17
150,강남구,대치동,선릉역대우아이빌(890-49),890-49,11680-528,11680,,1,0890,0049,36,2026-04-14,42000,4,20.37|25.42|28.34|43.75
44,강남구,대치동,선릉역풍림아이원레몬,890-54,11680-3697,11680,,1,0890,0054,3,2026-02-09,100000,2,69.81|76.73
19,강남구,대치동,세연파크뷰,929-8,11680-231,11680,,1,0929,0008,5,2024-11-12,164000,2,80.78|83.58
67,강남구,대치동,세영팔레스타운,975-20,11680-213,11680,10600,1,0975,0020,15,2026-04-18,236700,3,59.91|68.61|84.85
10,강남구,대치동,스카이써밋아파트,915-13,11680-684,11680,,1,0915,0013,1,2019-12-26,99500,1,83.72
18,강남구,대치동,신성미소시티,904-10,11680-3672,11680,,1,0904,0010,4,2025-11-21,240000,2,144.88|174.77
43,강남구,대치동,아름빌(889-74),889-74,11680-526,11680,,1,0889,0074,11,2025-12-03,74500,4,30.46|41.65|48.71|71.08
19,강남구,대치동,우정에쉐르,950,11680-535,11680,,1,0950,0000,2,2021-02-25,150000,1,97.85
11,강남구,대치동,월드빌,950-3,11680-536,11680,,1,0950,0003,1,2019-10-30,68000,1,51.54
18,강남구,대치동,청암빌라트,650,11680-221,11680,,1,0650,0000,4,2022-09-17,270000,1,163.8
19,강남구,대치동,청원,934-1,11680-687,11680,,1,0934,0001,5,2024-10-16,120000,4,78.73|80.23|84.9|92.84
19,강남구,대치동,풍림아이원1차101동(910-3),910-3,11680-393,11680,,1,0910,0003,1,2019-11-23,137000,1,84.69
19,강남구,대치동,풍림아이원1차103동(910-5),910-5,11680-395,11680,,1,0910,0005,2,2018-07-12,102500,2,83.65|84.54
33,강남구,대치동,풍림아이원4차(1007-2),1007-2,11680-539,11680,,1,1007,0002,8,2025-03-21,230000,1,111.54
49,강남구,대치동,하이캐슬,986-14,11680-3780,11680,,1,0986,0014,8,2025-10-15,233000,2,84.06|84.27
18,강남구,대치동,하이캐슬102동,986,11680-602,11680,,1,0986,0000,6,2025-08-09,220000,2,138.91|145.34
14,강남구,대치동,한양팰리스,941-13,11680-447,11680,,1,0941,0013,1,2019-08-28,108500,1,99.19
10,강남구,대치동,한티(933-0),933,11680-686,11680,,1,0933,0000,6,2025-07-19,157500,3,102.43|106.67|116.21
12,강남구,대치동,한티(933-35),933-35,11680-579,11680,,1,0933,0035,1,2019-09-25,108800,1,110.66
5,강남구,도곡동,PLUMHILLS,193-67,11680-706,11680,,1,0193,0067,2,2024-05-25,210000,1,206.1
15,강남구,도곡동,그랜빌캐슬,190-3,11680-705,11680,,1,0190,0003,8,2025-11-22,208000,4,90.85|102.33|120.82|125.83
18,강남구,도곡동,대명비발디,944-6,11680-708,11680,,1,0944,0006,7,2025-10-11,120000,6,63.68|63.88|77.61|82.67|83.72|84.44
58,강남구,도곡동,도곡2차I'PARK,969,11680-3648,11680,,1,0969,0000,7,2024-12-23,320000,5,148.73|148.98|173.48|175.59|198.13
19,강남구,도곡동,도곡그린빌,955,11680-712,11680,,1,0955,0000,6,2025-07-14,52000,2,48.48|56.39
,강남구,도곡동,도곡더써밋타워,954-17,11680-6671,11680,,1,0954,0017,11,2025-07-24,42150,1,18.34
29,강남구,도곡동,도곡루아르,941-1,11680-5045,11680,,1,0941,0001,1,2025-02-01,103000,1,46.4128
15,강남구,도곡동,도곡스타빌,514-3,11680-3681,11680,,1,0514,0003,7,2022-06-15,86000,4,49.44|53.81|57.24|60.66
96,강남구,도곡동,도곡스타클래스,957-11,11680-3731,11680,11800,1,0957,0011,21,2026-04-15,179000,3,111.38|112.05|112.75
48,강남구,도곡동,도곡월드메르디앙아파트,973,11680-5291,11680,,1,0973,0000,3,2025-11-08,210000,2,63.32|73.78
19,강남구,도곡동,도곡지웰카운티101동,199-4,11680-3879,11680,,1,0199,0004,11,2025-12-29,201000,1,107.11
18,강남구,도곡동,도곡지웰카운티102동,199-1,11680-3878,11680,,1,0199,0001,7,2020-07-08,183000,3,110.68|118.87|125.49
17,강남구,도곡동,도곡푸르지오,949-1,11680-3613,11680,,1,0949,0001,6,2024-10-03,190000,2,168.33|173.42
13,강남구,도곡동,도곡푸르지오102동,949-2,11680-3707,11680,,1,0949,0002,4,2023-06-26,190000,1,147.21
12,강남구,도곡동,도곡하이빌,919-3,11680-3479,11680,,1,0919,0003,2,2024-01-14,100000,2,90.93|119.33
19,강남구,도곡동,로덴하우스웨스트빌리지,462-2,11680-3862,11680,,1,0462,0002,7,2025-03-22,625000,2,244.66|273.68
33,강남구,도곡동,로덴하우스이스트빌리지,462-1,11680-3861,11680,,1,0462,0001,8,2024-07-23,550000,2,243.36|244.86
60,강남구,도곡동,롯데캐슬모닝,551-28,11680-399,11680,,1,0551,0028,14,2025-11-01,270000,3,84.51|84.91|150.78
11,강남구,도곡동,리치아르떼빌,194,11680-707,11680,,1,0194,0000,6,2021-07-14,205000,4,126.96|149.37|178.58|182.12
14,강남구,도곡동,벨라빌,193-42,11680-329,11680,,1,0193,0042,5,2025-06-01,198000,4,93.33|124.21|217.54|244.55
23,강남구,도곡동,상지리츠빌카일룸,202,11680-4774,11680,,1,0202,0000,14,2023-05-08,650000,3,210.5|212.45|213.94
19,강남구,도곡동,울트라멤버스,162-4,11680-589,11680,,1,0162,0004,5,2025-07-02,210000,4,84.96|134.4|136.04|145.97
19,강남구,도곡동,원팰리스,952-14,11680-711,11680,,1,0952,0014,6,2020-11-20,95000,5,58.7|75.48|88.8|103.23|112.03
11,강남구,도곡동,월드메르디앙101동,200-1,11680-703,11680,,1,0200,0001,4,2021-01-16,205000,3,177.68|189.33|189.39
18,강남구,도곡동,월드메르디앙102동,200-5,11680-704,11680,,1,0200,0005,4,2019-10-07,145000,4,118.32|138.73|159.43|159.61
14,강남구,도곡동,이니그마빌-III,201,11680-3659,11680,,1,0201,0000,3,2024-01-10,570000,2,240.55|242.75
26,강남구,도곡동,조이너스도곡,950-19,11680-3803,11680,,1,0950,0019,6,2024-10-10,133500,2,81.45|84.98
111,강남구,도곡동,중명하니빌,965,11680-344,11680,,1,0965,0000,37,2026-03-28,59000,15,22.78|24.74|25.16|28.58|30.58|30.77|30.96|32.02|33.12|33.83|34.1|34.11|34.32|37.18|46
17,강남구,도곡동,파크힐,550-1,11680-3600,11680,,1,0550,0001,6,2026-03-09,95000,3,47.6|58.05|88.77
8,강남구,도곡동,필로스(193-45),193-45,11680-433,11680,,1,0193,0045,3,2026-01-03,147000,3,104.76|113.94|128.33
19,강남구,도곡동,힐데스하임빌라,193-1,11680-363,11680,,1,0193,0001,5,2022-07-22,500000,1,244.55
16,강남구,삼성동,SM드림빌,29-11,11680-508,11680,,1,0029,0011,4,2024-10-17,67400,1,52.79
48,강남구,삼성동,강변삼부아파트,99-12,11680-172,11680,,1,0099,0012,11,2025-11-04,280000,2,81.943|110.453
19,강남구,삼성동,골든카운티,5-3,11680-4795,11680,,1,0005,0003,4,2021-10-26,230000,3,84.95|108.68|153.61
19,강남구,삼성동,그라나다,45-5,11680-511,11680,,1,0045,0005,4,2024-06-04,149000,4,45.23|47.88|64.8|77.77
68,강남구,삼성동,금호어울림,102-2,11680-400,11680,,1,0102,0002,4,2025-03-20,264000,4,84.32|84.81|94.25|116.81
10,강남구,삼성동,노블테라스,36-12,11680-510,11680,,1,0036,0012,1,2018-09-12,165000,1,209.86
10,강남구,삼성동,다우림하우스,82-6,11680-3657,11680,,1,0082,0006,2,2018-12-12,88000,2,80.4|131.88
19,강남구,삼성동,대우멤버스카운티(101동),98-18,11680-515,11680,,1,0098,0018,4,2020-07-30,220000,3,152.45|152.73|152.86
19,강남구,삼성동,대우멤버스카운티(102동),98-9,11680-514,11680,,1,0098,0009,1,2018-05-28,158000,1,135.57
17,강남구,삼성동,대우멤버스카운티201,33-20,11680-509,11680,,1,0033,0020,3,2026-04-09,231000,2,145.6|145.73
11,강남구,삼성동,대우멤버스카운티301,33-24,11680-3578,11680,,1,0033,0024,2,2026-01-27,238000,2,109.99|142.31
17,강남구,삼성동,대우멤버스카운티501,33-22,11680-3577,11680,,1,0033,0022,3,2023-09-04,181000,2,119.41|119.86
19,강남구,삼성동,동구싼타빌,108-2,11680-516,11680,,1,0108,0002,4,2020-12-22,120000,3,68.59|71.28|78.21
36,강남구,삼성동,래미안삼성1차(201동),102,11680-3686,11680,,1,0102,0000,4,2025-09-19,247000,1,84.9
64,강남구,삼성동,미켈란107,107,11680-401,11680,,1,0107,0000,11,2025-05-28,212000,1,83
22,강남구,삼성동,브르넨삼성,90,11680-5002,11680,,1,0090,0000,2,2024-10-03,223000,2,40.07|49.86
26,강남구,삼성동,블루밍하우스,64-4,11680-3628,11680,,1,0064,0004,4,2025-10-24,230000,3,110.07|114.08|150.89
67,강남구,삼성동,삼부아그레빌,98-11,11680-407,11680,,1,0098,0011,12,2025-11-04,222000,4,83.757|84.755|89.637|97.671
43,강남구,삼성동,삼부아파트(101동),99-13,11680-681,11680,,1,0099,0013,5,2025-07-05,188000,3,59.85|83.39|103.43
40,강남구,삼성동,삼부아파트102동,99,11680-171,11680,,1,0099,0000,6,2025-06-26,177000,3,59.61|81.21|92.09
18,강남구,삼성동,삼성동드림하우스,47-18,11680-679,11680,,1,0047,0018,1,2021-04-29,75000,1,115.89
18,강남구,삼성동,삼성동라테라스,110-2,11680-4197,11680,,1,0110,0002,4,2025-11-03,470000,2,113.31|182.21
54,강남구,삼성동,삼성동브라운스톤레전드,8-2,11680-3860,11680,,1,0008,0002,14,2025-03-23,510000,5,169.73|201.65|204.1|219.48|219.95
21,강남구,삼성동,삼성동신도브래뉴,121-38,11680-3923,11680,,1,0121,0038,3,2025-10-02,145000,2,104.191|131.225
16,강남구,삼성동,삼성동신영지웰,114-11,11680-3645,11680,,1,0114,0011,5,2026-04-15,263000,3,84.32|117.77|215.45
12,강남구,삼성동,삼성동씨엘케이,3-2,11680-506,11680,,1,0003,0002,1,2020-11-17,155000,1,99.47
41,강남구,삼성동,삼성동에스케이뷰,101,11680-3608,11680,,1,0101,0000,4,2020-03-06,187000,4,84.52|84.88|84.99|117.42
17,강남구,삼성동,삼성동헤렌하우스2(82-1),82-1,11680-3936,11680,,1,0082,0001,7,2022-08-18,500000,3,169.28|217.86|233.68
16,강남구,삼성동,삼성동헤렌하우스2(82-4),82-4,11680-3937,11680,,1,0082,0004,2,2020-08-04,370000,2,183.99|214.74
48,강남구,삼성동,삼성리치빌1,52-9,11680-513,11680,,1,0052,0009,5,2024-11-28,160000,1,84.98
19,강남구,삼성동,삼성벨라스빌,29-19,11680-202,11680,,1,0029,0019,3,2019-12-14,149000,3,138.34|147.26|164.26
48,강남구,삼성동,삼성오네뜨,127-5,11680-518,11680,,1,0127,0005,4,2024-03-22,240000,2,144.43|153.53
46,강남구,삼성동,삼성월드타워,3-1,11680-598,11680,,1,0003,0001,87,2025-11-17,197000,4,58.776|83.849|84.202|84.725
19,강남구,삼성동,삼성웰피아,130-2,11680-3583,11680,,1,0130,0002,2,2026-01-10,147000,1,92.11
19,강남구,삼성동,삼성팰리스(71-16),71-16,11680-3696,11680,,1,0071,0016,3,2020-02-26,149000,1,114.26
18,강남구,삼성동,삼성펠리스,129-5,11680-3582,11680,,1,0129,0005,2,2020-01-16,161000,2,126.15|174.1
17,강남구,삼성동,상아빌라트,47-20,11680-176,11680,,1,0047,0020,1,2019-05-08,166000,1,188.71
13,강남구,삼성동,상지리츠빌카일룸(65-4),65-4,11680-4082,11680,,1,0065,0004,6,2025-09-11,1220000,2,237.74|273.14
14,강남구,삼성동,세방타운하우스,64-7,11680-179,11680,,1,0064,0007,2,2025-09-12,190000,2,91.2|134.4
19,강남구,삼성동,시티(A동),97,11680-181,11680,,1,0097,0000,4,2020-06-15,237000,1,157.63
19,강남구,삼성동,시티(B동),97-2,11680-3581,11680,,1,0097,0002,4,2025-02-06,291000,1,157.63
17,강남구,삼성동,신동아듀크빌,99-11,11680-182,11680,,1,0099,0011,2,2023-03-08,355000,1,243.81
19,강남구,삼성동,심포니하우스,66-1,11680-183,11680,,1,0066,0001,1,2021-08-27,300000,1,239.55
88,강남구,삼성동,쌍용플래티넘,117,11680-403,11680,,1,0117,0000,14,2025-03-23,253000,4,122.25|152.25|154.77|156.97
14,강남구,삼성동,아델하우스,64-5,11680-3819,11680,,1,0064,0005,4,2025-06-21,480000,3,206.1|211.2|211.6
18,강남구,삼성동,아셈,108-1,11680-402,11680,,1,0108,0001,3,2025-03-13,250000,2,83.65|109.32
17,강남구,삼성동,아펠바움,99-3,11680-3779,11680,,1,0099,0003,8,2024-03-07,750000,1,241.83
47,강남구,삼성동,엘에이치삼성도시형생활주택,109-21,11680-4218,11680,,1,0109,0021,9,2025-03-22,57250,2,27.75|41.19
45,강남구,삼성동,영무예다음,122-7,11680-3665,11680,,1,0122,0007,6,2025-06-27,180000,2,84.84|115.88
40,강남구,삼성동,우림루미아트,75-3,11680-599,11680,,1,0075,0003,6,2025-04-20,186000,4,100.64|111.15|127.82|140.35
40,강남구,삼성동,우정에쉐르,3-8,11680-405,11680,,1,0003,0008,2,2022-08-05,210000,2,93.8173|131.053
60,강남구,삼성동,우정에쉐르2,144-10,11680-524,11680,,1,0144,0010,8,2021-07-29,80000,4,55.12|59.54|59.64|59.75
19,강남구,삼성동,월성빌라트,91-16,11680-680,11680,,1,0091,0016,1,2021-01-08,140000,1,82.02
19,강남구,삼성동,이안애2차,130-6,11680-521,11680,,1,0130,0006,2,2024-01-10,105500,2,64.26|118.95
19,강남구,삼성동,이안애빌,130,11680-520,11680,,1,0130,0000,5,2022-05-02,177000,2,106.89|111.27
255,강남구,삼성동,진흥아파트,53-2,11680-187,11680,10500,1,0053,0002,31,2026-04-24,487500,3,104.31|170.01|207.82
78,강남구,삼성동,채널리저브,144-14,11680-3709,11680,,1,0144,0014,19,2025-12-30,193000,3,84.94|84.97|149.52
72,강남구,삼성동,포스코트,146,11680-404,11680,,1,0146,0000,12,2026-01-27,335000,4,154.21|154.24|160.28|160.53
61,강남구,삼성동,푸른솔아파트1동,4-3,11680-190,11680,,1,0004,0003,12,2025-09-19,187000,2,59.4|84.9
28,강남구,삼성동,한양립스,142-16,11680-5027,11680,,1,0142,0016,4,2025-09-29,74300,1,38.2471
41,강남구,삼성동,호산프라자,37,11680-199,11680,,1,0037,0000,7,2025-03-22,38000,6,28.8|29.4|31.16|33.21|33.6|36
19,강남구,신사동,RudenHouse,524-8,11680-3740,11680,,1,0524,0008,9,2025-05-01,117900,6,73.22|84.05|84.39|84.4|84.44|84.98
94,강남구,신사동,강남상가,510-11,11680-1,11680,,1,0510,0011,15,2024-07-20,129500,10,63.31|66.81|69.42|79.47|92.36|103.44|130.61|143.01|145.59|150.45
39,강남구,신사동,금광아크존(635-14),635-14,11680-550,11680,,1,0635,0014,7,2021-08-19,130000,3,45.35|45.4|58.35
10,강남구,신사동,뉴현대,550-5,11680-568,11680,,1,0550,0005,3,2026-02-20,145000,2,61.08|115.84
19,강남구,신사동,대성아파트,540-2,11680-16,11680,,1,0540,0002,6,2025-06-12,98000,4,49.4|65.52|68.24|78.51
15,강남구,신사동,리갈팰리스,626,11680-3755,11680,,1,0626,0000,5,2024-01-20,270000,4,161.89|184.63|234.34|241.4
19,강남구,신사동,신사동닛시빌라트,634-14,11680-17,11680,,1,0634,0014,3,2024-08-19,167000,2,81.05|133.5
17,강남구,신사동,신사동씨티빌,523-4,11680-15,11680,,1,0523,0004,4,2025-03-13,70000,4,55.273|60.938|63.092|63.486
19,강남구,신사동,신사아이빌(522),522,11680-3673,11680,,1,0522,0000,4,2024-02-24,138000,2,84.93|90.35
14,강남구,신사동,신사아크존2,606-2,11680-3611,11680,,1,0606,0002,4,2022-03-17,228000,1,135.72
14,강남구,신사동,신사파크빌A동,562,11680-545,11680,,1,0562,0000,1,2020-08-26,145000,1,117.82
14,강남구,신사동,신사파크빌B동,562-24,11680-546,11680,,1,0562,0024,1,2020-01-29,85000,1,131.99
45,강남구,신사동,썬-타워빌딩,588-16,11680-4357,11680,,1,0588,0016,36,2022-08-30,67352,3,15.42|16.4|23.72
19,강남구,신사동,알파임하우스1,649-5,11680-18,11680,,1,0649,0005,8,2026-01-14,700000,3,212.7|242.16|242.9
14,강남구,신사동,압구정Ainvill,590-7,11680-3746,11680,,1,0590,0007,3,2020-08-18,102000,1,84.36
27,강남구,신사동,압구정케이씨씨(622-1),622-1,11680-548,11680,,1,0622,0001,6,2025-05-21,227000,1,107.75
12,강남구,신사동,압구정화이트빌,591-11,11680-456,11680,,1,0591,0011,4,2019-11-30,80000,2,54.26|84.87
19,강남구,신사동,우찬,550-20,11680-452,11680,,1,0550,0020,3,2026-02-13,64000,3,22.68|37.18|59.78
19,강남구,신사동,유로미아파트A동,547-7,11680-541,11680,,1,0547,0007,2,2022-12-05,165000,2,84.83|111.62
19,강남구,신사동,유로미아파트B동,547-8,11680-542,11680,,1,0547,0008,1,2019-07-19,170000,1,117.29
18,강남구,신사동,장자울아파트,593-21,11680-482,11680,,1,0593,0021,1,2018-04-30,89000,1,94.8
17,강남구,신사동,진흥아마란스,626-1,11680-485,11680,,1,0626,0001,6,2025-10-15,240000,3,97.15|175.64|180.92
11,강남구,신사동,청림빌,555-11,11680-544,11680,,1,0555,0011,2,2024-06-27,90000,2,67.66|84.93
11,강남구,신사동,체리빌,550-7,11680-543,11680,,1,0550,0007,2,2021-04-29,131000,2,97.67|102.02
13,강남구,신사동,토미,593-32,11680-584,11680,,1,0593,0032,6,2026-02-02,110000,2,78.54|80.83
15,강남구,신사동,하야트빌,551-5,11680-713,11680,,1,0551,0005,8,2026-02-12,94000,5,50.56|64.98|65.01|67.22|70.95
19,강남구,신사동,현대아인빌,569-1,11680-547,11680,,1,0569,0001,4,2024-08-30,199000,3,121.72|138.42|138.7
19,강남구,압구정동,대림빌라트,444,11680-19,11680,,1,0444,0000,1,2019-11-21,450000,1,234.75
296,강남구,압구정동,한양2,493,11680-379,11680,,1,0493,0000,40,2026-01-22,845000,2,147.41|175.92
286,강남구,압구정동,한양4,486,11680-381,11680,,1,0486,0000,45,2025-06-05,887000,4,101.09|102.81|104.76|208.65
239,강남구,압구정동,한양7,528,11680-384,11680,,1,0528,0000,40,2026-01-20,600000,3,106.22|110.25|137.55
90,강남구,압구정동,한양8(81동한개동),510,11680-383,11680,,1,0510,0000,14,2025-07-03,835000,4,195.26|200.99|204.64|210.1
15,강남구,역삼동,(828-21),828-21,11680-1327,11680,,1,0828,0021,3,2024-10-15,91000,3,58.65|62.19|81.33
18,강남구,역삼동,(828-76),828-76,11680-487,11680,,1,0828,0076,2,2019-05-27,50800,2,31.83|42.39
28,강남구,역삼동,Bienestar,682-1,11680-4867,11680,,1,0682,0001,1,2022-05-24,263000,1,127.382
99,강남구,역삼동,EGSoulLeader,828-28,11680-4129,11680,,1,0828,0028,6,2025-03-04,28000,5,13.61|17.03|17.19|19.37|25.56
68,강남구,역삼동,강남서해그랑블,796-29,11680-4050,11680,,1,0796,0029,29,2026-01-22,130000,7,62.26|66.04|70.57|71.26|78.57|80.2|84.8
52,강남구,역삼동,강남역우정에쉐르,823-7,11680-503,11680,,1,0823,0007,23,2026-03-03,56000,4,16.78|17.13|17.23|26.68
25,강남구,역삼동,강남웅진베어스빌,838-10,11680-4863,11680,,1,0838,0010,2,2026-03-07,40120,2,18.61|20.63
12,강남구,역삼동,강남한솔,794-19,11680-3626,11680,,1,0794,0019,3,2025-11-25,77500,2,50.7|74.61
15,강남구,역삼동,갤러리아트,783-28,11680-272,11680,,1,0783,0028,4,2022-01-03,76000,2,53.65|80.39
17,강남구,역삼동,갤러리하우스,783-3,11680-271,11680,,1,0783,0003,7,2021-06-14,80000,3,71.66|76.52|84.95
19,강남구,역삼동,거평빌라트,794-28,11680-233,11680,,1,0794,0028,1,2021-07-13,181500,1,210.15
17,강남구,역삼동,경일역삼,775-14,11680-500,11680,,1,0775,0014,4,2025-12-26,135000,3,84.96|110.49|146.11
17,강남구,역삼동,공간쉐르빌,783-30,11680-273,11680,,1,0783,0030,8,2023-09-09,83000,4,43.27|75.45|78.08|79.48
10,강남구,역삼동,네스빌(728-10),728-10,11680-235,11680,,1,0728,0010,5,2025-02-13,192000,2,231.23|244.52
19,강남구,역삼동,노블스위트,747,11680-461,11680,,1,0747,0000,3,2024-03-05,65000,2,78.94|84.85
16,강남구,역삼동,노블카운티,794-24,11680-463,11680,,1,0794,0024,4,2025-11-19,108000,1,81.85
8,강남구,역삼동,뉴엠빌라트,635-9,11680-264,11680,,1,0635,0009,1,2018-12-26,100000,1,146.09
71,강남구,역삼동,대명벨리온,727-2,11680-4036,11680,,1,0727,0002,32,2025-07-18,28000,5,13.604|17.684|23.626|25.762|30.522
28,강남구,역삼동,동원스위트뷰역삼,745-13,11680-4667,11680,,1,0745,0013,8,2026-01-26,120000,4,76.91|84.83|108.45|109.2
19,강남구,역삼동,로얄빌리지,644-6,11680-266,11680,,1,0644,0006,5,2025-06-18,120000,4,79.62|80.64|83.12|103.49
15,강남구,역삼동,로얄팰리스,633-22,11680-458,11680,,1,0633,0022,2,2020-06-10,108500,2,105.16|137.09
15,강남구,역삼동,리츠빌아파트,787-4,11680-408,11680,,1,0787,0004,4,2022-11-16,86500,2,53.68|93.22
19,강남구,역삼동,리치타워,604,11680-248,11680,,1,0604,0000,4,2025-05-28,73000,3,86.76|89.83|93.02
12,강남구,역삼동,마이다스힐빌라트,728-6,11680-667,11680,,1,0728,0006,1,2022-01-28,72000,1,243.52
14,강남구,역삼동,명인갤러리,729-37,11680-261,11680,,1,0729,0037,7,2025-07-23,115000,2,68.37|84.78
14,강남구,역삼동,명인갤러리2차,732-25,11680-597,11680,,1,0732,0025,2,2020-10-13,130000,1,122.46
19,강남구,역삼동,베스젠빌,633,11680-457,11680,,1,0633,0000,3,2020-11-30,149000,3,99.85|127.44|139.23
48,강남구,역삼동,브라운스톤역삼,747-5,11680-496,11680,,1,0747,0005,13,2026-04-05,111000,1,59.96
14,강남구,역삼동,상지리츠빌(1호라인),761-9,11680-499,11680,,1,0761,0009,3,2023-02-23,229000,1,153.65
19,강남구,역삼동,상지리츠빌역삼2차,761-3,11680-3712,11680,,1,0761,0003,3,2025-05-19,230000,3,132.02|141.53|165.06
19,강남구,역삼동,성영forU,681-46,11680-492,11680,,1,0681,0046,7,2023-03-23,168000,3,114.01|115.4|164.53
48,강남구,역삼동,세방하이빌1,771-4,11680-269,11680,,1,0771,0004,7,2026-01-28,129000,1,59.77
19,강남구,역삼동,세종빌라트,791-23,11680-241,11680,,1,0791,0023,5,2020-12-22,133000,3,122.45|150.82|162.48
72,강남구,역삼동,시티프라디움더강남101동,900,11680-4958,11680,,1,0900,0000,7,2026-02-05,180000,2,59.93|59.99
34,강남구,역삼동,시티프라디움더강남201동,901,11680-4957,11680,,1,0901,0000,3,2026-02-12,167000,1,70.54
12,강남구,역삼동,쎄비앙101동,778,11680-3720,11680,,1,0778,0000,2,2019-07-12,68500,1,116.82
17,강남구,역삼동,쎄비앙102동,778-5,11680-3721,11680,,1,0778,0005,4,2026-02-28,148000,3,99.24|109.35|114.29
14,강남구,역삼동,역삼동골든베리힐,667-1,11680-491,11680,,1,0667,0001,3,2020-10-24,93000,3,66.02|112.91|127.7
12,강남구,역삼동,역삼동그린비,656-32,11680-489,11680,,1,0656,0032,1,2020-05-01,85700,1,106.69
69,강남구,역삼동,역삼동우정에쉐르1,826-29,11680-504,11680,,1,0826,0029,23,2026-03-23,88000,4,52.01|57.98|59.81|71.78
93,강남구,역삼동,역삼동월드메르디앙,795-41,11680-3570,11680,,1,0795,0041,15,2025-11-13,160000,4,81.76|83.27|84.53|103.07
19,강남구,역삼동,역삼동칼라,607-17,11680-265,11680,,1,0607,0017,4,2024-08-06,85000,3,57.25|60.66|95.3
19,강남구,역삼동,역삼동프라임,664-21,11680-715,11680,,1,0664,0021,1,2018-05-14,85000,1,125.11
77,강남구,역삼동,역삼동하나빌,681-26,11680-267,11680,10100,1,0681,0026,13,2026-04-28,89000,7,28.44|31.12|33.37|49.55|50.47|50.89|52.31
60,강남구,역삼동,역삼디오슈페리움,832-5,11680-3683,11680,,1,0832,0005,12,2025-06-13,128000,3,46.9|84.34|84.92
12,강남구,역삼동,역삼르비앙1,835-12,11680-410,11680,,1,0835,0012,6,2026-01-21,155000,2,101.55|152.58
12,강남구,역삼동,역삼엔스위트1,656-30,11680-593,11680,,1,0656,0030,4,2022-12-29,92500,2,90.15|107.3
12,강남구,역삼동,역삼엔스위트102동,656-31,11680-594,11680,,1,0656,0031,5,2026-02-28,128000,3,84.68|90.15|107.3
15,강남구,역삼동,역삼예명,664-5,11680-490,11680,,1,0664,0005,3,2026-03-23,85000,2,66.34|67.08
12,강남구,역삼동,역삼우성,633-11,11680-661,11680,,1,0633,0011,3,2020-10-21,120000,1,108.23
70,강남구,역삼동,역삼우정에쉐르2,707-18,11680-493,11680,10100,1,0707,0018,15,2026-04-20,89000,5,43.17|47.02|47.83|49.38|50.72
15,강남구,역삼동,역삼이안애비,777-49,11680-502,11680,,1,0777,0049,4,2020-11-03,80000,2,84.28|108.3
15,강남구,역삼동,역삼이안애에이,777-2,11680-501,11680,,1,0777,0002,1,2021-07-01,103000,1,84.28
19,강남구,역삼동,역삼카이스아파트,836-35,11680-263,11680,,1,0836,0035,4,2024-05-23,138000,1,100.8
14,강남구,역삼동,예지인,828-11,11680-3814,11680,,1,0828,0011,2,2025-07-26,90000,2,66.16|75.35
19,강남구,역삼동,예지향,728-52,11680-460,11680,,1,0728,0052,4,2020-08-03,93500,3,84.6|84.78|84.93
91,강남구,역삼동,요진와이시티미니,727-9,11680-4069,11680,,1,0727,0009,22,2025-07-22,25000,3,12.1|12.94|17.47
42,강남구,역삼동,우림루미아트1,706-11,11680-665,11680,,1,0706,0011,15,2025-11-10,21700,3,23.66|23.9|24
42,강남구,역삼동,우림루미아트2,706-10,11680-664,11680,,1,0706,0010,17,2025-12-31,25000,3,23.66|23.9|24
19,강남구,역삼동,우성빌라트,797-12,11680-244,11680,,1,0797,0012,4,2020-07-12,95500,2,129.72|143.8
45,강남구,역삼동,우정에쉐르3,707-15,11680-595,11680,,1,0707,0015,5,2024-06-17,89900,3,39.94|39.97|63.67
34,강남구,역삼동,우정에쉐르멤버스,708-31,11680-494,11680,,1,0708,0031,14,2025-10-01,58700,3,22.12|36.19|36.37
63,강남구,역삼동,은하수,759-1,11680-246,11680,,1,0759,0001,6,2023-07-10,180000,3,66.24|67.14|69.99
98,강남구,역삼동,이스턴오피스텔,735-15,11680-4317,11680,,1,0735,0015,34,2025-08-01,20000,3,14.78|14.92|15.25
19,강남구,역삼동,정원,828-46,11680-577,11680,,1,0828,0046,2,2019-12-31,87000,2,96.58|97.6
28,강남구,역삼동,조이너스,747-1,11680-3682,11680,,1,0747,0001,1,2020-12-05,90000,1,84.28
14,강남구,역삼동,지석천평대,789-29,11680-462,11680,,1,0789,0029,5,2023-05-06,62000,2,59.77|63.03
56,강남구,역삼동,진넥스빌2,706-24,11680-666,11680,,1,0706,0024,22,2026-01-31,27500,3,23.85|29.44|30.53
19,강남구,역삼동,탑팰리스,723-21,11680-585,11680,,1,0723,0021,5,2023-07-20,107500,3,82.86|82.88|84.97
45,강남구,역삼동,트레벨,766-8,11680-274,11680,,1,0766,0008,10,2025-07-12,62000,2,33.48|36.74
12,강남구,역삼동,포스틸빌라트,741-22,11680-495,11680,,1,0741,0022,1,2022-03-11,53500,1,69.97
17,강남구,역삼동,풍림지오빌,635-5,11680-260,11680,,1,0635,0005,7,2020-11-23,52700,4,27.81|32.95|42.69|42.8
19,강남구,역삼동,프리마빌,727-11,11680-459,11680,,1,0727,0011,5,2025-08-08,120000,5,82.33|92.35|102.79|124.8|140.73
27,강남구,역삼동,프리빌리지,723-16,11680-4655,11680,,1,0723,0016,8,2024-04-13,60000,5,31.42|36.62|40.1|49.9|49.98
9,강남구,역삼동,프리우스역삼101동,636-33,11680-3670,11680,,1,0636,0033,3,2024-07-11,128000,1,82.48
18,강남구,역삼동,프리우스역삼102동,636,11680-3669,11680,,1,0636,0000,3,2021-02-05,115000,1,84.18
18,강남구,역삼동,한양럭스,628-1,11680-488,11680,,1,0628,0001,8,2021-11-08,118000,5,40.92|44|59.78|72.62|103.28
12,강남구,역삼동,현대이스트빌,728-45,11680-258,11680,,1,0728,0045,1,2020-12-17,190000,1,244.14
14,강남구,역삼동,현대트라움,760-7,11680-497,11680,,1,0760,0007,3,2019-10-04,205000,2,163.05|165.23
12,강남구,역삼동,현대하이츠,775-15,11680-586,11680,,1,0775,0015,4,2023-05-20,100000,3,74.1|99.22|111.96
80,강남구,일원동,삼성,626,11680-302,11680,,1,0626,0000,15,2026-03-24,175000,2,61.35|84.67
19,강남구,일원동,호정빌라트,679,11680-313,11680,,1,0679,0000,1,2019-10-17,110000,1,134.14
29,강남구,청담동,PH129,129,11680-4909,11680,,1,0129,0000,9,2025-12-12,1900000,1,273.96
12,강남구,청담동,강변상지리츠빌,106-17,11680-23,11680,,1,0106,0017,1,2020-10-26,307000,1,171.79
19,강남구,청담동,골든아트빌,28-13,11680-25,11680,,1,0028,0013,4,2026-01-14,223000,3,153.33|153.61|178.41
37,강남구,청담동,구산,128-1,11680-24,11680,,1,0128,0001,3,2026-03-21,220000,2,59.4|80.58
15,강남구,청담동,뉴현대리버빌,130-10,11680-26,11680,,1,0130,0010,2,2025-03-03,230000,2,133.12|163.48
13,강남구,청담동,대우로얄카운티2,116-5,11680-476,11680,,1,0116,0005,5,2024-09-11,500000,2,229.58|241.24
19,강남구,청담동,대우로얄카운티3,117-6,11680-100,11680,,1,0117,0006,2,2022-06-16,495000,2,244.68|244.72
19,강남구,청담동,대우리츠카운티,117-22,11680-27,11680,,1,0117,0022,6,2025-02-04,420000,2,211.72|257.34
17,강남구,청담동,대우멤버스카운티Ⅱ,59-2,11680-414,11680,,1,0059,0002,3,2022-04-26,270000,3,137.75|140.75|152.2
6,강남구,청담동,더갤러리파크,54-5,11680-4584,11680,,1,0054,0005,2,2023-12-01,530000,2,163.91|180.58
92,강남구,청담동,동양파라곤,69-18,11680-3667,11680,,1,0069,0018,17,2025-12-13,680000,7,171.101|197.468|219.669|219.965|224.384|244.925|244.977
88,강남구,청담동,라테라스청담,76-12,11680-4756,11680,,1,0076,0012,19,2026-01-26,80000,10,18.55|18.62|21.23|21.29|35.07|35.31|37.57|39.91|40.09|42.56
19,강남구,청담동,마크힐스웨스트윙,130-6,11680-3898,11680,,1,0130,0006,2,2022-02-25,570000,1,183.5
19,강남구,청담동,마크힐스이스트윙,130-7,11680-3899,11680,,1,0130,0007,5,2024-02-02,850000,1,192.86
19,강남구,청담동,목화,105-6,11680-30,11680,,1,0105,0006,6,2026-02-25,342000,2,133.97|232.93
18,강남구,청담동,범신칼릭스빌,125,11680-623,11680,,1,0125,0000,2,2021-10-02,150000,1,84.78
19,강남구,청담동,빌폴라리스,129-7,11680-3863,11680,,1,0129,0007,8,2025-02-24,570000,1,166.01
14,강남구,청담동,삼호빌라A동,113-16,11680-39,11680,,1,0113,0016,4,2024-07-17,330000,2,196.53|197.8
14,강남구,청담동,삼호빌라B동,113-23,11680-368,11680,,1,0113,0023,3,2025-11-29,490000,2,216.45|229.57
17,강남구,청담동,삼호빌라씨동,104-5,11680-40,11680,,1,0104,0005,4,2025-02-11,520000,3,164.91|209.97|229.77
19,강남구,청담동,상지리츠빌(127-16),127-16,11680-43,11680,,1,0127,0016,2,2019-06-04,280000,2,165.17|211.75
17,강남구,청담동,상지리츠빌10차,122-1,11680-3761,11680,,1,0122,0001,4,2019-08-31,250000,3,160.11|186.42|187.55
19,강남구,청담동,상지리츠빌4A,114,11680-44,11680,,1,0114,0000,1,2021-11-25,350000,1,177.07
19,강남구,청담동,상지리츠빌4B,114-18,11680-369,11680,,1,0114,0018,4,2025-06-02,410000,2,172.98|177.28
18,강남구,청담동,상지리츠빌5B,127-37,11680-370,11680,,1,0127,0037,2,2025-02-22,305000,1,152.85
19,강남구,청담동,상지리츠빌6,106-1,11680-46,11680,,1,0106,0001,4,2026-01-13,329000,3,149.88|150.85|168.67
12,강남구,청담동,상지리츠빌9차,116-10,11680-591,11680,,1,0116,0010,5,2025-06-26,490000,1,200.88
15,강남구,청담동,상지리츠빌카일룸2차,128-18,11680-3685,11680,,1,0128,0018,5,2024-04-19,1000000,1,244.32
19,강남구,청담동,상지리츠빌카일룸3차,129-16,11680-3855,11680,,1,0129,0016,8,2025-03-18,850000,3,196.42|254.96|265.47
17,강남구,청담동,상지카일룸,128,11680-478,11680,,1,0128,0000,1,2018-06-21,640000,1,244.98
18,강남구,청담동,씨티2차(201동),104-19,11680-50,11680,,1,0104,0019,3,2025-01-23,350000,2,84.33|133.95
19,강남구,청담동,씨티2차(202동),104-13,11680-49,11680,,1,0104,0013,3,2024-10-18,355000,2,97.74|115.1
19,강남구,청담동,씨티3차,105,11680-51,11680,,1,0105,0000,1,2018-05-30,192000,1,149.77
5,강남구,청담동,아노스카운트빌라트,90-17,11680-675,11680,,1,0090,0017,3,2024-04-15,250000,3,165.41|178.36|227.59
28,강남구,청담동,에비뉴나인티,90-13,11680-4914,11680,,1,0090,0013,3,2025-12-06,156200,3,49.6|49.61|49.7
19,강남구,청담동,연세리버빌,102-7,11680-55,11680,,1,0102,0007,6,2021-04-10,425000,1,236.42
19,강남구,청담동,연세리버빌3,104,11680-56,11680,,1,0104,0000,5,2022-04-16,526000,1,243.21
19,강남구,청담동,연세리버테라스,102,11680-436,11680,,1,0102,0000,2,2025-04-21,690000,1,243.49
13,강남구,청담동,연세빌라(102-6),102-6,11680-57,11680,,1,0102,0006,3,2020-06-21,199000,1,125.64
18,강남구,청담동,연세청담파크빌,59-21,11680-59,11680,,1,0059,0021,3,2025-08-26,430000,1,242.34
6,강남구,청담동,연세힐하우스(Ⅱ),102-5,11680-453,11680,,1,0102,0005,1,2019-12-20,283000,1,238.11
18,강남구,청담동,연세힐하우스1,102-2,11680-676,11680,,1,0102,0002,6,2022-02-14,300000,5,141.9|169.51|176.88|177.58|187.73
49,강남구,청담동,영풍마드레빌,36,11680-412,11680,,1,0036,0000,7,2025-07-30,207000,1,122.2
25,강남구,청담동,우성아파트,11-25,11680-592,11680,,1,0011,0025,9,2026-01-06,175000,6,74.72|79.34|82.9|83.68|84.7|105.58
14,강남구,청담동,이니그마빌,94,11680-60,11680,,1,0094,0000,5,2023-04-09,600000,2,244.77|244.91
16,강남구,청담동,이니그마빌2,90-10,11680-99,11680,,1,0090,0010,3,2020-05-28,500000,2,230.69|272.38
41,강남구,청담동,청담2차이-편한세상(204동),15,11680-3633,11680,,1,0015,0000,7,2026-02-11,261500,3,89.13|91.42|98.05
41,강남구,청담동,청담2차이-편한세상(205동),15-21,11680-3704,11680,,1,0015,0021,10,2026-04-14,265000,3,84.77|84.79|119.55
49,강남구,청담동,청담3차이-편한세상(301동),44-21,11680-3773,11680,,1,0044,0021,19,2026-03-07,260000,5,71.63|72.37|84.09|84.97|145.33
94,강남구,청담동,청담4차이-편한세상,28-20,11680-3946,11680,,1,0028,0020,22,2026-04-06,345000,4,84.51|84.57|97.19|136.41
28,강남구,청담동,청담7상지리츠빌,115-6,11680-451,11680,,1,0115,0006,1,2019-05-08,419000,1,201.38
18,강남구,청담동,청담8차상지리츠빌,121-14,11680-678,11680,,1,0121,0014,5,2025-02-17,590000,3,203.47|208.72|273.45
11,강남구,청담동,청담CJ빌리지,111-11,11680-587,11680,,1,0111,0011,3,2022-11-16,245000,3,158.77|159.55|159.94
19,강남구,청담동,청담그랑빌,46-5,11680-483,11680,,1,0046,0005,2,2023-09-20,118000,2,82.8|95.41
12,강남구,청담동,청담대우로얄카운티5차,59-13,11680-413,11680,,1,0059,0013,1,2018-08-21,330000,1,244.27
12,강남구,청담동,청담대우로얄카운티6차,101-1,11680-3616,11680,,1,0101,0001,3,2023-03-09,330000,3,166.3|166.63|191.59
15,강남구,청담동,청담대우멤버스카운티10차,110-13,11680-572,11680,,1,0110,0013,2,2020-06-06,180000,1,147.91
18,강남구,청담동,청담대우멤버스카운티11차,122-15,11680-575,11680,,1,0122,0015,2,2022-07-07,315000,2,164.65|164.99
16,강남구,청담동,청담대우멤버스카운티12차,110-11,11680-576,11680,,1,0110,0011,1,2018-09-04,161000,1,153.38
19,강남구,청담동,청담대우멤버스카운티6차,110-4,11680-571,11680,,1,0110,0004,2,2019-07-19,200000,1,148.5
19,강남구,청담동,청담대우멤버스카운티7차,110-3,11680-570,11680,,1,0110,0003,2,2024-07-23,285000,2,144.72|145.14
10,강남구,청담동,청담대우멤버스카운티8차,110,11680-569,11680,,1,0110,0000,2,2023-04-08,240500,1,141.04
10,강남구,청담동,청담대우멤버스카운티9차,110-7,11680-574,11680,,1,0110,0007,1,2019-08-02,140000,1,123.8
12,강남구,청담동,청담동마크노빌,89-12,11680-3813,11680,,1,0089,0012,6,2022-07-27,450000,1,270.25
16,강남구,청담동,청담동현대빌라트,121,11680-87,11680,,1,0121,0000,4,2025-03-12,365000,1,183.77
18,강남구,청담동,청담디에브스아파트,62-6,11680-4643,11680,,1,0062,0006,10,2025-06-10,117562,10,45.15|50.63|56.89|63.82|64.96|67.88|72.53|78.7|82.55|91.68
17,강남구,청담동,청담로얄카운티,117-3,11680-67,11680,10400,1,0117,0003,6,2026-04-27,569000,3,218.94|219.66|244.95
19,강남구,청담동,청담매스터빌,141-1,11680-97,11680,,1,0141,0001,3,2020-06-16,260000,1,206.85
18,강남구,청담동,청담범신칼릭스빌2차,109-16,11680-3736,11680,,1,0109,0016,5,2020-03-02,148000,1,102.69
888,강남구,청담동,청담삼익아파트,134-15,11680-35,11680,,1,0134,0015,38,2021-06-03,440000,9,104.63|105.58|106.44|106.86|107.21|108.51|109.49|138.51|161.75
124,강남구,청담동,청담스위트,34-13,11680-4364,11680,,1,0034,0013,54,2025-12-31,26000,4,12.449|13.425|14.039|14.224
29,강남구,청담동,청담아르지움,32,11680-4359,11680,,1,0032,0000,5,2024-04-03,49000,2,22.57|25.65
18,강남구,청담동,청담어퍼하우스,64-1,11680-4862,11680,,1,0064,0001,7,2024-08-30,740000,3,197.73|200.32|200.38
18,강남구,청담동,청담파라곤Ⅱ1단지,102-1,11680-3882,11680,,1,0102,0001,11,2020-09-07,342000,7,157.12|159.15|187.8|187.82|195.88|198.81|217.2
17,강남구,청담동,청담파라곤Ⅱ2단지,102-13,11680-3881,11680,,1,0102,0013,7,2025-05-31,450000,4,149.74|153.77|177.06|241.88
10,강남구,청담동,청담파크빌,46-12,11680-454,11680,,1,0046,0012,2,2024-08-07,99000,1,79.7
11,강남구,청담동,청담포레,59-16,11680-58,11680,,1,0059,0016,2,2020-04-27,208000,1,238.16
30,강남구,청담동,청담힐(에이동)진도(비동),113,11680-61,11680,10400,1,0113,0000,4,2026-04-06,440000,3,192.48|192.77|204.96
63,강남구,청담동,한신오페라하우스,35-47,11680-101,11680,,1,0035,0047,9,2025-06-23,250000,5,84.76|84.89|117.19|123.75|134.91
42,강남구,청담동,한신오페라하우스2차,35-48,11680-3575,11680,,1,0035,0048,9,2025-07-23,280000,3,96.75|100.93|120.22
19,강남구,청담동,현대빌라(43-1),43-1,11680-84,11680,,1,0043,0001,2,2026-03-07,250000,1,148.77
96,강남구,청담동,현대아파트(75-1),75-1,11680-82,11680,,1,0075,0001,8,2025-10-01,380000,2,95.38|159.08
18,강남구,청담동,현대한강빌라,106,11680-89,11680,,1,0106,0000,7,2025-08-25,370000,2,134.76|136.26
12,강남구,청담동,호원빌라,115-17,11680-90,11680,,1,0115,0017,2,2024-01-31,460000,1,244.49
28,강남구,청담동,효성빌라청담101(2차),115-6,11680-5042,11680,,1,0115,0006,1,2025-05-09,753380,1,216.35
17,강남구,청담동,효성빌라청담101(A동),101,11680-4801,11680,,1,0101,0000,1,2020-11-26,620000,1,226.74
18,강남구,청담동,효성빌라청담101(B동),101-17,11680-4802,11680,,1,0101,0017,4,2025-05-01,1130000,2,226.62|226.74
99,강동구,고덕동,대우,470,11740-22,11740,,1,0470,0000,24,2026-03-14,139500,2,72.035|96
39,강동구,길동,SM드림빌,378-1,11740-64,11740,,1,0378,0001,7,2025-04-21,64000,2,77.05|82.77
19,강동구,길동,SM빌,380-1,11740-65,11740,,1,0380,0001,3,2025-07-17,76000,1,128.7
47,강동구,길동,SM해그린12차,97-6,11740-2592,11740,10500,1,0097,0006,10,2026-04-16,67500,5,33.21|57.83|60.66|80.82|84.56
89,강동구,길동,강동렘브란트,457-1,11740-3473,11740,,1,0457,0001,49,2026-03-21,13800,1,15.86
94,강동구,길동,강동역에스케이허브,445-1,11740-2622,11740,,1,0445,0001,46,2025-11-29,98500,3,84.81|84.94|99.55
124,강동구,길동,강동한신휴플러스,414-10,11740-2618,11740,,1,0414,0010,64,2026-02-27,82700,7,76.4|77.82|81.02|84.61|84.76|84.93|84.98
108,강동구,길동,거산유팰리스2차,414-9,11740-5039,11740,,1,0414,0009,75,2024-12-24,47329,4,21.46|33.18|34.32|36.45
124,강동구,길동,경지Arium,413-11,11740-4576,11740,,1,0413,0011,106,2026-03-30,30500,7,13.45|13.98|14.12|14.33|19.39|22.81|26.29
19,강동구,길동,골드빌4차,384-2,11740-297,11740,,1,0384,0002,2,2019-07-24,46500,1,84.92
29,강동구,길동,골드클래스,414-5,11740-4937,11740,,1,0414,0005,7,2026-01-29,59900,3,59.14|59.91|59.99
19,강동구,길동,골든빌,74,11740-286,11740,,1,0074,0000,3,2021-08-17,73000,2,95.52|160.47
18,강동구,길동,광남(355-2),355-2,11740-213,11740,,1,0355,0002,2,2024-09-12,48000,1,84.43
42,강동구,길동,광남벨라스613V,385-3,11740-298,11740,,1,0385,0003,15,2026-01-09,76700,3,65.4|67.51|84.13
13,강동구,길동,광남아파트101동,380-18,11740-217,11740,,1,0380,0018,2,2019-08-29,45000,1,84.97
19,강동구,길동,광남아파트102동,380-6,11740-218,11740,,1,0380,0006,4,2026-04-03,66500,3,74.13|79.1|84.98
59,강동구,길동,광남캐스빌(247-0),247,11740-2612,11740,,1,0247,0000,11,2026-02-13,80000,4,78.82|84.43|84.44|84.47
28,강동구,길동,광남캐스빌(389-9),389-9,11740-423,11740,,1,0389,0009,9,2025-12-01,66500,3,53.83|68.46|84.51
17,강동구,길동,광남캐스빌610V,410-3,11740-219,11740,,1,0410,0003,7,2020-12-16,45000,3,53.94|73.53|75.93
28,강동구,길동,광남캐스빌아파트101동,396-1,11740-70,11740,,1,0396,0001,3,2021-04-06,53600,2,75.46|81.72
38,강동구,길동,길동3차이룸,146-1,11740-2521,11740,10500,1,0146,0001,13,2026-04-07,65400,5,43.49|60.52|73.28|82.81|83.51
41,강동구,길동,길동다성이즈빌,480,11740-5218,11740,,1,0480,0000,3,2025-11-07,50000,2,28.77|32.85
19,강동구,길동,길동쎈스빌주상복합,352-4,11740-275,11740,,1,0352,0004,6,2025-02-05,62000,2,84.32|84.54
19,강동구,길동,노블레스(383-8),383-8,11740-296,11740,,1,0383,0008,10,2025-03-01,75500,4,69.17|84.13|84.55|122.49
28,강동구,길동,다성이즈빌,348-4,11740-2719,11740,,1,0348,0004,5,2025-06-17,65000,3,57.46|80.28|84.96
18,강동구,길동,다성이즈빌,357-7,11740-2596,11740,,1,0357,0007,4,2025-08-18,70000,3,102.26|132.35|154.24
47,강동구,길동,다성이즈빌,371-9,11740-216,11740,,1,0371,0009,14,2024-11-29,65500,7,61.89|69.98|70.17|80.85|84.19|84.76|84.92
96,강동구,길동,다성이즈빌,416-17,11740-4889,11740,,1,0416,0017,3,2025-04-19,45000,2,26.27|33.12
105,강동구,길동,다성이즈빌,456-4,11740-4482,11740,,1,0456,0004,58,2026-04-13,38800,6,15.96|17.38|20.85|22.82|22.96|23.39
40,강동구,길동,다성이즈빌,481,11740-5222,11740,,1,0481,0000,9,2026-03-09,71000,3,46.15|52.08|56.3
96,강동구,길동,다성이즈빌(349-1),349-1,11740-3158,11740,,1,0349,0001,31,2025-06-21,15000,3,16.88|17.2|18.16
28,강동구,길동,다성이즈빌(387-2),387-2,11740-4575,11740,,1,0387,0002,9,2022-04-21,26600,4,14|19.86|20.69|22.32
50,강동구,길동,다성이즈빌(387-4),387-4,11740-4503,11740,,1,0387,0004,37,2025-10-18,42500,5,14.45|14.75|21.32|22.21|32.4
55,강동구,길동,다성이즈빌(주상복합),388-7,11740-3711,11740,,1,0388,0007,49,2026-03-14,35000,4,17.91|36.35|36.62|39.92
13,강동구,길동,다성이즈빌아파트,324-6,11740-2522,11740,,1,0324,0006,8,2025-04-14,66000,1,84.93
53,강동구,길동,다성이즈빌아파트(388-4),388-4,11740-299,11740,,1,0388,0004,10,2026-04-20,88000,2,68.03|84.01
23,강동구,길동,다성이즈텔,416-3,11740-300,11740,,1,0416,0003,11,2025-10-16,64800,1,84.88
19,강동구,길동,다성팰리스,358-3,11740-293,11740,,1,0358,0003,4,2025-08-13,47000,2,52.54|74.44
29,강동구,길동,다오아트빌,383-7,11740-40,11740,,1,0383,0007,6,2020-08-29,51500,1,74.47
80,강동구,길동,대상,344-5,11740-41,11740,,1,0344,0005,21,2026-04-10,83500,3,59.91|84.98|114.94
42,강동구,길동,도림씨티빌1,99-1,11740-42,11740,,1,0099,0001,7,2026-03-05,61000,2,68.64|84.69
104,강동구,길동,동남아이스타즈,413-8,11740-4077,11740,,1,0413,0008,16,2024-07-22,12630,2,12.22|16.89
48,강동구,길동,동삼빌라트,107,11740-43,11740,,1,0107,0000,17,2026-02-06,66500,3,58.96|59.16|81.16
71,강동구,길동,동서울오네뜨,339-1,11740-2906,11740,,1,0339,0001,28,2026-01-30,87000,7,54.12|62.39|74.05|82.65|84.82|84.87|96.71
19,강동구,길동,동심훼밀리,383-6,11740-66,11740,,1,0383,0006,6,2025-12-06,62800,4,81.24|82.18|83.68|84.63
22,강동구,길동,메트로아파트,388-5,11740-361,11740,,1,0388,0005,6,2025-08-20,69000,3,73.41|84.75|84.92
43,강동구,길동,문화1,356-8,11740-46,11740,,1,0356,0008,9,2026-03-13,68500,2,59.92|82.76
19,강동구,길동,삼유스위트빌,241-5,11740-62,11740,,1,0241,0005,3,2025-11-29,75000,2,83.66|112.45
83,강동구,길동,삼익세라믹,184,11740-47,11740,,1,0184,0000,34,2026-01-17,96000,1,84.85
18,강동구,길동,서한베네치아,143-4,11740-416,11740,,1,0143,0004,3,2026-03-31,68000,2,107.33|108.22
18,강동구,길동,시가오똠,334-3,11740-366,11740,,1,0334,0003,1,2020-09-24,53000,1,84.98
18,강동구,길동,시가오똠에이동,334-6,11740-290,11740,,1,0334,0006,4,2020-06-27,48000,1,84.98
18,강동구,길동,신대길파크하임,358-7,11740-349,11740,,1,0358,0007,3,2020-11-17,70000,1,84.79
19,강동구,길동,신세대빌라트,351-2,11740-52,11740,,1,0351,0002,4,2022-01-27,85000,1,180.17
12,강동구,길동,신암,373-7,11740-53,11740,,1,0373,0007,3,2021-09-28,64000,1,84.51
55,강동구,길동,신암가온,414-6,11740-67,11740,,1,0414,0006,16,2025-03-02,47000,1,56.7
19,강동구,길동,양촌,352-3,11740-69,11740,,1,0352,0003,1,2020-10-15,52000,1,79.4
64,강동구,길동,에스아이팰리스강동센텀I,388-2,11740-5208,11740,,1,0388,0002,32,2026-03-11,53484,6,31.629|31.84|32.607|33.291|34.156|34.771
96,강동구,길동,에스아이팰리스강동센텀Ⅱ,386-4,11740-5223,11740,,1,0386,0004,5,2026-02-28,57300,4,29.6544|39.521|42.0337|42.4793
19,강동구,길동,에스엠이로빌,358-1,11740-355,11740,,1,0358,0001,10,2025-07-02,64000,5,60.67|80.53|81.85|83.93|84.98
36,강동구,길동,에스엠이로빌(379-0),379,11740-295,11740,10500,1,0379,0000,6,2026-04-17,68500,3,60.84|61.72|84.89
12,강동구,길동,에이스빌(370-3),370-3,11740-215,11740,,1,0370,0003,1,2019-12-23,58500,1,120.15
78,강동구,길동,에이치비골드빌(102동),384-4,11740-360,11740,,1,0384,0004,21,2025-06-10,78000,2,47.87|64.19
14,강동구,길동,엠엑스아뜨리에빌아파트,361-14,11740-2885,11740,,1,0361,0014,1,2025-03-22,42250,1,60.08
14,강동구,길동,엠프라자아파트(152-3),152-3,11740-348,11740,,1,0152,0003,7,2021-07-06,68000,3,45.02|76.05|82.83
14,강동구,길동,엠프라자아파트(152-9),152-9,11740-5036,11740,,1,0152,0009,2,2025-02-22,62500,2,45.02|82.83
17,강동구,길동,예건타워빌,385-1,11740-417,11740,,1,0385,0001,9,2025-10-15,68500,7,36.02|37.66|64.21|67.93|73.3|73.52|80.73
38,강동구,길동,예다움,347-27,11740-292,11740,,1,0347,0027,14,2025-05-29,67000,5,65.87|72.05|79.07|79.25|100.36
62,강동구,길동,예전이룸1차,242-6,11740-289,11740,,1,0242,0006,17,2025-09-09,70000,4,71.37|71.49|76.57|77.15
64,강동구,길동,예전이룸2차,337-19,11740-291,11740,,1,0337,0019,10,2026-03-18,79800,6,66.56|71.99|83.39|83.56|84|84.13
19,강동구,길동,웅주아크로파크,320-9,11740-2575,11740,,1,0320,0009,2,2020-01-13,43000,1,84.44
38,강동구,길동,유덕휴먼빌,353-40,11740-212,11740,,1,0353,0040,16,2025-11-24,72500,4,71.91|76.66|81.94|98.84
28,강동구,길동,율전에버그린아파트,394-17,11740-3895,11740,,1,0394,0017,14,2026-04-13,43500,8,23.39|27.35|34.83|40.23|43.05|43.1|43.49|44.72
28,강동구,길동,이스트드림힐,385-4,11740-243,11740,,1,0385,0004,14,2026-02-04,68000,4,80.17|84.73|84.77|84.92
49,강동구,길동,장인이즈빌,475,11740-240,11740,,1,0475,0000,18,2026-02-13,76500,4,66.439|72.77|82.918|83.71
19,강동구,길동,주풍그린빌,323-1,11740-63,11740,,1,0323,0001,8,2026-01-20,93000,3,139.61|224.47|234.01
96,강동구,길동,중앙하이츠강동,415-5,11740-5236,11740,,1,0415,0005,2,2025-12-09,63000,1,44.2781
46,강동구,길동,청원파크빌2,361-18,11740-294,11740,,1,0361,0018,9,2025-02-12,68000,3,73.23|77.19|84.95
28,강동구,길동,청원파크빌3,103-5,11740-2573,11740,,1,0103,0005,6,2026-04-01,69000,5,75.1|77.27|82.11|84.15|89.55
35,강동구,길동,태성,360-5,11740-241,11740,,1,0360,0005,3,2025-04-19,70000,1,76.45
18,강동구,길동,태솔,347-20,11740-2905,11740,,1,0347,0020,10,2026-02-19,64000,3,67.08|73.79|77.19
18,강동구,길동,태천해오름18차,83-2,11740-287,11740,,1,0083,0002,7,2020-08-25,47000,4,80.54|82.39|83.18|83.38
18,강동구,길동,태흥,350-9,11740-356,11740,,1,0350,0009,1,2020-03-12,39100,1,74.24
68,강동구,길동,하나플러스,401-1,11740-357,11740,,1,0401,0001,21,2025-11-24,84000,4,84.7|84.84|84.85|84.88
19,강동구,길동,하이존,106,11740-288,11740,,1,0106,0000,6,2025-04-12,59700,3,68.65|84.14|84.57
39,강동구,길동,한건,237,11740-58,11740,,1,0237,0000,6,2025-12-01,64200,2,74.75|79.77
35,강동구,길동,한솔브리즈,415-11,11740-358,11740,,1,0415,0011,9,2026-01-19,78000,2,84.89|125.04
12,강동구,길동,해맞이비동,228-11,11740-2537,11740,,1,0228,0011,2,2020-07-29,52000,1,83.8
12,강동구,길동,해맞이에이동,228,11740-2503,11740,,1,0228,0000,3,2021-05-15,60000,1,83.8
48,강동구,길동,형인허브빌아파트,100,11740-2502,11740,,1,0100,0000,11,2025-12-01,83000,4,82.34|83.24|83.27|83.73
12,강동구,길동,효성노바,346-1,11740-242,11740,,1,0346,0001,5,2025-09-02,61000,2,64.22|84.98
49,강동구,둔촌동,KNP이스트빌,62,11740-301,11740,,1,0062,0000,10,2026-03-24,80000,3,63.42|84.68|84.87
19,강동구,둔촌동,KNP주상복합1,67,11740-85,11740,,1,0067,0000,7,2021-02-28,57000,3,75.53|83.85|84.54
18,강동구,둔촌동,광남아파트101동,518-2,11740-228,11740,,1,0518,0002,4,2024-02-07,79500,4,77.45|84.24|84.36|84.63
13,강동구,둔촌동,광남아파트102동,518-13,11740-227,11740,,1,0518,0013,7,2025-09-13,85000,3,80.33|84.62|84.94
31,강동구,둔촌동,광남캐스빌(631),631,11740-3215,11740,,1,0631,0000,6,2025-04-29,89800,2,84.98|84.99
29,강동구,둔촌동,광남캐스빌101동,435-7,11740-303,11740,,1,0435,0007,5,2025-03-29,88900,1,83.97
29,강동구,둔촌동,광남캐스빌102동,435-8,11740-304,11740,,1,0435,0008,5,2020-12-18,86400,1,83.97
40,강동구,둔촌동,광남캐스빌103동,435-3,11740-302,11740,,1,0435,0003,10,2023-04-01,98000,4,76.28|84.61|84.75|84.77
28,강동구,둔촌동,광남캐스빌105동,435-4,11740-2577,11740,,1,0435,0004,10,2026-02-09,102800,2,84.84|111.34
19,강동구,둔촌동,그랜드1,518-1,11740-226,11740,,1,0518,0001,4,2025-04-16,83000,2,107.96|152.69
12,강동구,둔촌동,노바,61-9,11740-84,11740,,1,0061,0009,6,2026-02-27,36000,5,40.62|44.94|62.96|68.52|77.34
19,강동구,둔촌동,다원애버니아,490-3,11740-305,11740,,1,0490,0003,3,2025-01-06,81500,2,81.87|83.07
12,강동구,둔촌동,도원빌,446-4,11740-224,11740,,1,0446,0004,7,2025-12-31,70000,3,53.9|71.54|84.92
47,강동구,둔촌동,동호리츠빌,61-12,11740-364,11740,10600,1,0061,0012,18,2026-04-08,80500,6,58.62|64.81|66.1|68.54|83.47|84.64
19,강동구,둔촌동,둔촌늘푸른,65-4,11740-2880,11740,,1,0065,0004,6,2024-02-06,45000,5,58.76|58.83|58.9|66.68|66.95
,강동구,둔촌동,둔촌주공1단지,170-1,11740-75,11740,,1,0170,0001,47,2019-12-15,186000,10,25.52|50.84|51.67|58.08|58.21|58.88|79.93|80.03|88.26|88.43
,강동구,둔촌동,둔촌주공2단지,174-1,11740-209,11740,,1,0174,0001,32,2019-11-07,180000,6,50.84|51.67|79.93|80.03|88.26|88.43
,강동구,둔촌동,둔촌주공3단지,174-1,11740-76,11740,,1,0174,0001,46,2019-11-26,178000,5,70.87|72.27|96.75|98.66|99.61
,강동구,둔촌동,둔촌주공4단지,170-1,11740-211,11740,,1,0170,0001,87,2019-11-26,181000,4,71.58|78.24|97.72|99.61
34,강동구,둔촌동,둔촌현대수린나아파트,632,11740-4648,11740,,1,0632,0000,13,2025-12-01,78500,4,66.9262|73.0597|76.6086|84.8282
78,강동구,둔촌동,라이프101동(544)102동(544-1),544,11740-72,11740,,1,0544,0000,22,2026-02-20,84500,3,79.53|84.6|84.71
14,강동구,둔촌동,미랜드퀸아파트101동,46-41,11740-2869,11740,,1,0046,0041,3,2026-03-23,129000,1,141.41
7,강동구,둔촌동,미랜드퀸아파트102동,31-1,11740-2868,11740,,1,0031,0001,3,2020-08-08,93800,1,141.41
19,강동구,둔촌동,상상프리,435-2,11740-3106,11740,,1,0435,0002,10,2025-09-11,57000,3,57.31|57.67|59.79
84,강동구,둔촌동,세양청마루,426,11740-2525,11740,,1,0426,0000,26,2025-09-14,90000,6,79.36|79.59|84.08|84.29|84.42|102.45
32,강동구,둔촌동,암펠로스타워,556,11740-2621,11740,,1,0556,0000,15,2026-03-21,100000,3,94.7|114.6|121.39
29,강동구,둔촌동,월드메르디앙올림픽파크,435-5,11740-5250,11740,,1,0435,0005,4,2025-09-30,91000,2,54.48|59.51
18,강동구,둔촌동,율전에버그린,104-3,11740-2679,11740,,1,0104,0003,3,2023-11-06,81000,3,84.24|84.31|105.45
18,강동구,둔촌동,주풍그린빌라트,622-12,11740-55,11740,,1,0622,0012,5,2020-10-15,80000,3,132.9|165.24|186.76
27,강동구,둔촌동,찬솔,46-20,11740-2663,11740,,1,0046,0020,7,2025-10-14,74500,6,61.37|81.37|83.33|83.39|83.51|83.72
61,강동구,둔촌동,청원파크빌,90,11740-225,11740,,1,0090,0000,15,2026-03-07,88300,3,84.78|84.86|109.11
40,강동구,둔촌동,청호뜨레피움퍼스트아파트,64,11740-4169,11740,,1,0064,0000,38,2026-01-16,68500,4,55.94|56.65|58.16|58.34
19,강동구,둔촌동,케이엔피로얄,511-2,11740-306,11740,,1,0511,0002,6,2021-05-22,66000,4,70.47|79.77|84.03|84.58
10,강동구,둔촌동,태상아트빌,61-8,11740-82,11740,,1,0061,0008,5,2023-05-23,27000,3,42.71|44.45|72.81
18,강동구,둔촌동,태천해오름,425-3,11740-223,11740,,1,0425,0003,4,2026-04-14,60000,3,75.18|81.42|84.95
19,강동구,명일동,KNP,336-12,11740-18,11740,,1,0336,0012,6,2025-10-17,69000,2,84.6|84.72
19,강동구,명일동,다성씨티(1차),351-5,11740-19,11740,,1,0351,0005,2,2025-03-08,56000,2,63.72|82.47
14,강동구,명일동,다성씨티(2),352-5,11740-20,11740,,1,0352,0005,1,2019-01-11,46000,1,84.82
13,강동구,명일동,다성이즈빌(346-10),346-10,11740-283,11740,,1,0346,0010,2,2020-09-28,62500,1,84.14
13,강동구,명일동,다성이즈빌(346-12),346-12,11740-2542,11740,,1,0346,0012,2,2025-07-05,66000,1,84.14
19,강동구,명일동,다성이즈빌(명일4차),348-1,11740-365,11740,,1,0348,0001,10,2026-03-03,69000,2,62.94|84.02
24,강동구,명일동,동양타워,48-12,11740-2,11740,,1,0048,0012,11,2025-09-26,80000,4,75.48|77.46|86.79|94.47
11,강동구,명일동,동은,343-10,11740-244,11740,,1,0343,0010,5,2025-09-12,49000,5,54.27|59.91|73.87|78.78|83.43
19,강동구,명일동,동은그랜드,348-4,11740-2611,11740,,1,0348,0004,1,2025-09-23,66500,1,83.39
33,강동구,명일동,명일동다성이즈빌아파트,358,11740-2987,11740,,1,0358,0000,11,2025-09-21,77500,7,39.18|56.34|60.08|61.21|67.54|82.95|83.19
10,강동구,명일동,삼보힐아파트,312-256,11740-17,11740,,1,0312,0256,3,2026-04-02,84700,2,81.52|125.05
7,강동구,명일동,세비앙,312-16,11740-2553,11740,,1,0312,0016,1,2020-06-30,55000,1,84.22
,강동구,명일동,시앤디아파트,360,11740-6998,11740,,1,0360,0000,5,2026-03-03,77500,3,54.15|54.46|54.55
48,강동구,명일동,에스엠해그린,357,11740-350,11740,,1,0357,0000,17,2026-03-13,80500,4,79.45|84.58|84.72|98.19
47,강동구,명일동,중앙,326-9,11740-12,11740,,1,0326,0009,12,2025-06-28,83000,3,79.29|82.54|84.86
49,강동구,명일동,태천해오름101동,355,11740-284,11740,,1,0355,0000,8,2025-06-21,75000,5,68.11|74.51|74.79|84.53|84.76
18,강동구,명일동,태천해오름102동A,352-8,11740-352,11740,,1,0352,0008,5,2024-07-19,62900,4,77.01|80.76|82.75|83.28
6,강동구,명일동,태천해오름102동B,352-18,11740-2543,11740,,1,0352,0018,2,2021-02-10,73800,1,94.64
18,강동구,명일동,태천해오름103동,351-11,11740-351,11740,,1,0351,0011,5,2025-04-09,59900,4,65.93|75.62|77.01|83.46
18,강동구,명일동,한강훼미리,344-16,11740-282,11740,,1,0344,0016,6,2025-09-22,66500,2,84.78|84.86
19,강동구,명일동,해밀,335-7,11740-2635,11740,,1,0335,0007,3,2026-02-28,65000,3,37.01|67.56|69.8
,강동구,상일동,주공4,134,11740-34,11740,,1,0134,0000,1,2018-04-17,71000,1,48.6
18,강동구,성내동,갑지하이린,443-21,11740-113,11740,,1,0443,0021,4,2022-05-14,105000,2,101.02|124.78
38,강동구,성내동,강동네스빌,444-4,11740-114,11740,,1,0444,0004,11,2025-12-08,51000,4,24.45|29.19|48.19|55.4
19,강동구,성내동,강동다온채,447-2,11740-2770,11740,,1,0447,0002,6,2023-05-08,75300,4,72.51|84.48|84.57|84.73
77,강동구,성내동,경보그레이스힐,596,11740-165,11740,,1,0596,0000,19,2026-01-17,85000,5,65.37|81.36|83.42|84.17|93.09
14,강동구,성내동,광남벨라스타워,445-4,11740-155,11740,,1,0445,0004,1,2018-07-16,80000,1,150.04
28,강동구,성내동,광남캐스빌(435-7),435-7,11740-262,11740,,1,0435,0007,12,2024-11-09,80000,4,75.28|84.67|84.7|84.99
17,강동구,성내동,광남캐스빌(443-26),443-26,11740-2883,11740,,1,0443,0026,10,2025-10-13,73000,6,40.6|54.36|61.7|62.43|63.22|63.56
28,강동구,성내동,광남캐스빌(448-5),448-5,11740-115,11740,,1,0448,0005,6,2025-10-04,85000,4,81.62|84.39|84.48|84.64
19,강동구,성내동,광남캐스빌(510-1),510-1,11740-159,11740,,1,0510,0001,1,2025-06-10,56500,1,80.03
42,강동구,성내동,광남캐스빌3,602,11740-278,11740,,1,0602,0000,8,2023-04-08,65000,3,54.81|73.58|83.19
39,강동구,성내동,금광포란재,604,11740-2638,11740,,1,0604,0000,8,2026-02-27,117000,5,63.02|84.3|84.94|84.99|114.31
18,강동구,성내동,노블네스트,542,11740-160,11740,,1,0542,0000,7,2025-12-12,94000,2,101.32|111.42
28,강동구,성내동,늘조은,244-8,11740-251,11740,,1,0244,0008,11,2023-10-30,58000,5,38.75|61.17|63|65.06|65.81
40,강동구,성내동,다성이즈빌,551-4,11740-3481,11740,,1,0551,0004,28,2026-03-25,31000,2,25.92|35.11
43,강동구,성내동,다성이즈빌아파트,434-13,11740-4038,11740,,1,0434,0013,26,2026-02-21,71000,8,27.15|33.75|34.48|37.56|37.89|51.24|53.72|54.48
12,강동구,성내동,대은팰리스뷰,454-15,11740-2572,11740,,1,0454,0015,3,2024-07-16,61500,2,73.19|73.58
19,강동구,성내동,대주그린빌,420-16,11740-257,11740,,1,0420,0016,6,2025-03-19,65500,4,59.71|67.7|76.46|116.22
40,강동구,성내동,동남1,446-11,11740-116,11740,,1,0446,0011,8,2025-10-18,80000,5,83.37|83.38|84.59|84.64|84.74
19,강동구,성내동,동남2,446-12,11740-156,11740,,1,0446,0012,10,2025-06-30,80000,7,65.34|69.06|79.93|81.13|81.39|84.13|84.31
35,강동구,성내동,동남드림빌,13-15,11740-2580,11740,,1,0013,0015,19,2025-09-12,85000,6,76.03|77.02|80.93|82|82.57|83.5
55,강동구,성내동,동방,407-2,11740-117,11740,,1,0407,0002,19,2025-10-18,72000,3,60|71.4|83.7
135,강동구,성내동,동아1,419-13,11740-118,11740,,1,0419,0013,33,2026-02-26,105000,5,59.72|67.64|75.02|84.91|93.55
43,강동구,성내동,동아2,424-12,11740-119,11740,,1,0424,0012,20,2026-04-02,88200,6,54.36|59.04|64.95|75.15|76.59|84.71
57,강동구,성내동,동원,457-4,11740-158,11740,,1,0457,0004,14,2026-03-28,91800,2,79.16|84.66
73,강동구,성내동,동원2,456-8,11740-157,11740,,1,0456,0008,13,2024-10-06,94500,3,65.11|72.92|84.83
19,강동구,성내동,동일상가,416-11,11740-120,11740,,1,0416,0011,4,2026-01-08,69000,2,104.82|172.59
66,강동구,성내동,둔촌역아치스톤(101동),412,11740-3001,11740,,1,0412,0000,22,2026-04-17,104500,3,84.88|84.94|84.96
12,강동구,성내동,드림스빌,508-2,11740-265,11740,,1,0508,0002,5,2024-06-24,57300,3,67.85|74.82|77.02
16,강동구,성내동,라움,439-2,11740-321,11740,,1,0439,0002,15,2026-04-14,62000,6,41.14|44.23|65.28|66.71|67.84|76.53
71,강동구,성내동,라움포레,607,11740-4787,11740,,1,0607,0000,18,2026-02-07,85000,7,58.2|59.05|59.1|59.18|59.28|59.31|59.63
19,강동구,성내동,로얄,435-5,11740-261,11740,,1,0435,0005,4,2021-09-30,54000,1,75.68
41,강동구,성내동,메이저,429-6,11740-122,11740,,1,0429,0006,14,2025-09-13,74000,7,82.72|83.67|84.8|84.82|84.83|84.86|84.88
18,강동구,성내동,몽촌토성,460,11740-424,11740,,1,0460,0000,6,2025-03-04,101000,3,83.01|84.82|131.77
19,강동구,성내동,미랜드프레임빌,420-20,11740-2606,11740,,1,0420,0020,4,2025-04-07,94000,2,122.64|127.55
41,강동구,성내동,백룡도원,444,11740-124,11740,,1,0444,0000,12,2026-01-26,76000,4,60.17|61.27|80.57|130.41
19,강동구,성내동,비앤비(101동),386,11740-255,11740,,1,0386,0000,1,2019-09-28,49800,1,84.48
19,강동구,성내동,비앤비(102동),386-82,11740-256,11740,,1,0386,0082,4,2026-01-08,70000,2,75.06|84.48
19,강동구,성내동,삼진,433-12,11740-126,11740,,1,0433,0012,4,2021-06-21,68000,2,81.87|82.92
49,강동구,성내동,새한올림픽,467-1,11740-127,11740,,1,0467,0001,15,2025-10-13,85500,4,81.55|82.22|128.39|136.65
13,강동구,성내동,샤인빌(A동),382-1,11740-253,11740,,1,0382,0001,3,2025-12-05,62000,1,84.56
82,강동구,성내동,선광,565,11740-128,11740,,1,0565,0000,21,2025-07-16,80000,3,51.83|59.96|84.98
14,강동구,성내동,성내동AURAⅡ,419-46,11740-2712,11740,,1,0419,0046,3,2020-05-22,60700,1,84.84
67,강동구,성내동,성내동대성,51,11740-232,11740,,1,0051,0000,6,2026-03-24,94000,4,84.61|84.75|84.82|84.98
22,강동구,성내동,성내웰빙시티,410-15,11740-4462,11740,,1,0410,0015,9,2025-08-25,65500,5,57.09|58.98|59.08|59.63|59.79
16,강동구,성내동,성주아트빌,203-5,11740-2951,11740,,1,0203,0005,2,2019-04-27,32000,2,68.67|69.72
18,강동구,성내동,센츄럴(438-2),438-2,11740-131,11740,,1,0438,0002,4,2024-03-11,48300,2,78.54|79.48
17,강동구,성내동,센츄럴(438-6),438-6,11740-132,11740,,1,0438,0006,3,2025-07-19,54600,3,54.6|56.77|81.57
19,강동구,성내동,스위트빌(435-10),435-10,11740-133,11740,,1,0435,0010,7,2024-03-04,67500,3,84.45|84.66|95.73
15,강동구,성내동,신성,423-15,11740-259,11740,,1,0423,0015,7,2025-06-03,60000,3,76.02|80.51|84.83
46,강동구,성내동,신이모닝빌,413-6,11740-418,11740,,1,0413,0006,12,2025-10-01,68500,5,68.26|70.37|73.87|84.83|84.91
19,강동구,성내동,신주,320-1,11740-252,11740,,1,0320,0001,9,2024-05-08,82000,4,84.08|84.98|126.84|127.73
18,강동구,성내동,신호빌라트,452-3,11740-134,11740,,1,0452,0003,5,2021-06-07,150000,1,190.32
60,강동구,성내동,씨제이나인,164-1,11740-2569,11740,,1,0164,0001,16,2026-02-09,85000,5,83.14|83.59|83.87|84.42|84.79
15,강동구,성내동,아미캐슬(434-32),434-32,11740-4255,11740,,1,0434,0032,1,2022-05-04,46000,1,47.59
96,강동구,성내동,아이퍼스트빌,199-18,11740-3151,11740,10800,1,0199,0018,15,2026-03-27,16000,1,15.94
82,강동구,성내동,에스아이팰리스센트럴성내,548-4,11740-4828,11740,,1,0548,0004,89,2025-08-28,27000,7,14.0075|14.04|14.0575|14.0675|14.8975|18.9875|19.8275
17,강동구,성내동,영진파크빌(437-26),437-26,11740-279,11740,,1,0437,0026,10,2025-04-22,68000,3,70.84|83.88|84
132,강동구,성내동,영풍마드레빌,593,11740-162,11740,,1,0593,0000,46,2026-02-19,113000,5,54.93|55.17|74.04|74.36|80.31
29,강동구,성내동,오륜아크로빌,440-27,11740-4605,11740,,1,0440,0027,3,2023-09-09,48000,2,32.94|43.06
12,강동구,성내동,오륜하이츠,443-24,11740-154,11740,,1,0443,0024,4,2026-02-02,86500,3,118.77|129.52|133.01
19,강동구,성내동,올림픽파크플러스,448-18,11740-267,11740,,1,0448,0018,1,2020-12-07,88000,1,145.43
18,강동구,성내동,올림픽파크힐,446-17,11740-2513,11740,,1,0446,0017,8,2022-06-11,84500,3,84.52|84.79|84.81
33,강동구,성내동,용명브릿지2차,378-6,11740-389,11740,,1,0378,0006,5,2020-11-14,64000,1,84.28
69,강동구,성내동,우림루미아트,599,11740-323,11740,,1,0599,0000,25,2026-03-30,90000,5,64.26|68.31|84.24|84.5|84.77
13,강동구,성내동,우성(101동),386-83,11740-317,11740,,1,0386,0083,2,2023-02-21,64500,1,84.99
14,강동구,성내동,우성(102동),386-6,11740-316,11740,,1,0386,0006,10,2026-02-12,78500,3,81.32|83.99|84.45
15,강동구,성내동,우성(104동),386-74,11740-281,11740,,1,0386,0074,6,2025-09-03,69000,3,55.5|71.76|83.21
19,강동구,성내동,운암화인빌,409-8,11740-2623,11740,,1,0409,0008,2,2019-10-17,53300,2,73.47|73.53
13,강동구,성내동,운암화인빌102,466-1,11740-2624,11740,,1,0466,0001,1,2020-06-20,42250,1,55.58
60,강동구,성내동,원다빌2,592,11740-161,11740,,1,0592,0000,20,2026-04-13,79500,2,67.17|83.33
64,강동구,성내동,이안강동,25-1,11740-2558,11740,,1,0025,0001,21,2025-07-14,89500,7,68.29|68.61|77.49|84.47|84.87|84.98|84.99
18,강동구,성내동,인택스파크뷰,448-17,11740-264,11740,,1,0448,0017,6,2023-07-26,148000,1,142.09
28,강동구,성내동,일심,396-10,11740-135,11740,,1,0396,0010,9,2026-03-25,72000,7,75.65|78.3|79.42|84.36|84.4|84.48|84.58
15,강동구,성내동,주성AURA1,419-11,11740-2699,11740,,1,0419,0011,3,2020-07-22,65000,1,84.84
49,강동구,성내동,중명,434-4,11740-136,11740,,1,0434,0004,9,2025-09-14,65000,5,45.09|52.24|56.97|84.58|89.4
19,강동구,성내동,중앙,513,11740-137,11740,,1,0513,0000,2,2021-12-06,116000,1,165.28
87,강동구,성내동,중앙하이츠,410-2,11740-138,11740,,1,0410,0002,32,2026-04-11,93500,3,59.74|61.36|84.95
26,강동구,성내동,집앤사베니아파트,542-1,11740-4626,11740,,1,0542,0001,14,2025-05-05,73000,1,59.57
50,강동구,성내동,집앤사비디아파트,545-7,11740-4625,11740,,1,0545,0007,17,2026-03-11,46900,5,20.83|23.4|32.8|35.49|38.4
21,강동구,성내동,집앤사비키아파트,545-8,11740-4641,11740,,1,0545,0008,26,2025-12-13,110000,7,48.2|54.55|64.76|71.25|72.06|73.25|103.88
16,강동구,성내동,청구빌라트,459-2,11740-139,11740,,1,0459,0002,5,2025-03-13,192000,1,244.59
18,강동구,성내동,코랜드빌리지,465-1,11740-140,11740,,1,0465,0001,5,2024-12-25,81000,3,57.18|80.39|82.51
14,강동구,성내동,타운빌라트,447-5,11740-142,11740,,1,0447,0005,4,2021-03-18,63800,1,84.6
10,강동구,성내동,탑건위너빌,463-1,11740-425,11740,,1,0463,0001,6,2023-11-27,49500,2,63|63.54
24,강동구,성내동,태천,420-9,11740-143,11740,,1,0420,0009,6,2024-02-25,73500,3,67.32|83.91|84.9
10,강동구,성내동,태천해오름,427-74,11740-419,11740,,1,0427,0074,1,2020-10-19,52000,1,83.2
29,강동구,성내동,태천해오름(412-1),412-1,11740-166,11740,,1,0412,0001,4,2021-08-13,60000,3,72.7|80.86|84.94
44,강동구,성내동,태천해오름15차,422,11740-230,11740,,1,0422,0000,7,2025-03-19,84000,2,76.73|84.25
60,강동구,성내동,파라디아,605,11740-2918,11740,,1,0605,0000,23,2026-03-30,130000,2,84.92|115.49
18,강동구,성내동,파크뷰진도맨션,452-2,11740-144,11740,,1,0452,0002,3,2022-12-06,148500,2,208.32|208.92
19,강동구,성내동,파크뷰캐슬,468-3,11740-322,11740,,1,0468,0003,2,2024-08-24,213000,1,162.1
19,강동구,성내동,포레스(A동),111-64,11740-239,11740,,1,0111,0064,5,2025-07-11,81000,3,77.34|77.49|81.14
18,강동구,성내동,포레스(B동),111-66,11740-229,11740,,1,0111,0066,2,2020-02-10,60000,1,79.73
19,강동구,성내동,포레스(C동),111-67,11740-249,11740,,1,0111,0067,3,2020-08-04,88400,3,77.45|78.4|148.47
36,강동구,성내동,하나플러스,448-14,11740-263,11740,,1,0448,0014,13,2025-12-14,74200,2,46.33|59.86
90,강동구,성내동,하나플러스ll,601,11740-421,11740,,1,0601,0000,18,2025-12-24,115000,3,84.67|84.7|84.99
18,강동구,성내동,한강훼미리,410-43,11740-153,11740,,1,0410,0043,4,2025-09-25,70000,3,82.12|83.92|84.72
18,강동구,성내동,한독,435-2,11740-145,11740,,1,0435,0002,3,2024-04-29,88000,2,109.53|121.54
73,강동구,성내동,한솔브리즈,594,11740-163,11740,,1,0594,0000,8,2025-04-21,84500,4,65.92|70.1|84.91|107.86
18,강동구,성내동,한솔브리즈(199-4),199-4,11740-250,11740,,1,0199,0004,5,2024-08-09,73000,1,84.52
27,강동구,성내동,한솔애리즈,405-9,11740-2983,11740,,1,0405,0009,22,2025-08-08,77000,4,75.35|81.5|81.97|84.74
12,강동구,성내동,한솔애리즈(405-5),405-5,11740-2867,11740,,1,0405,0005,2,2023-07-20,55500,1,84.53
13,강동구,성내동,한솔애리즈(438-56),438-56,11740-320,11740,,1,0438,0056,1,2019-07-20,60000,1,102.15
49,강동구,성내동,한솔애리즈1,410-16,11740-146,11740,,1,0410,0016,13,2025-11-05,90000,2,84.89|115.51
13,강동구,성내동,한솔애리즈202동,417-1,11740-319,11740,,1,0417,0001,4,2023-11-04,73200,2,102.58|111.96
48,강동구,성내동,한솔애리즈2차,597,11740-266,11740,,1,0597,0000,8,2025-04-15,91000,4,56.67|65.5|66.85|82.22
18,강동구,성내동,한솔애리즈3차,420-2,11740-258,11740,,1,0420,0002,8,2025-10-01,71500,5,54|60.48|75.75|81.48|84.84
19,강동구,성내동,한솔애리즈501동,438,11740-354,11740,,1,0438,0000,6,2025-10-10,88000,3,79.52|83.86|102.8
18,강동구,성내동,한솔애리즈601동,199-19,11740-2508,11740,,1,0199,0019,4,2024-02-15,75000,2,72.24|84.63
54,강동구,성내동,한양립스,244-5,11740-3505,11740,,1,0244,0005,24,2026-03-06,16000,1,12.33
28,강동구,성내동,한영해시안아파트,552-1,11740-5027,11740,,1,0552,0001,26,2026-03-28,93500,1,64.24
18,강동구,성내동,해가든,387-48,11740-318,11740,,1,0387,0048,7,2025-03-16,72000,2,84.81|116.04
19,강동구,성내동,해가든(454-1),454-1,11740-420,11740,,1,0454,0001,5,2026-02-21,84900,1,82.97
25,강동구,성내동,호암아펙스,455-3,11740-2620,11740,,1,0455,0003,3,2024-09-28,73000,2,84.82|84.86
89,강동구,성내동,힐데스하임올림픽파크아파트,608,11740-4794,11740,,1,0608,0000,11,2026-02-14,122000,5,61.03|70.33|76.04|77.94|80.04
19,강동구,암사동,경지리버캐슬,510-10,11740-1366,11740,,1,0510,0010,9,2025-10-13,140000,3,135.96|142.83|256.36
32,강동구,암사동,내일쎄닛빌,466-3,11740-270,11740,,1,0466,0003,7,2025-05-02,79000,4,79.2|79.29|84.37|111.4
23,강동구,암사동,다성리버빌,441-1,11740-87,11740,,1,0441,0001,2,2020-05-21,56300,1,84.94
33,강동구,암사동,다성이즈빌,459-1,11740-3915,11740,,1,0459,0001,21,2025-10-13,70000,3,29.45|53.23|58.88
24,강동구,암사동,다성이즈빌,488-10,11740-3085,11740,,1,0488,0010,5,2026-04-02,69500,2,84.91|104.34
18,강동구,암사동,다성이즈빌Ⅰ,488-3,11740-2892,11740,,1,0488,0003,7,2025-08-27,61000,4,66|84.6|84.84|84.91
80,강동구,암사동,대명,447-8,11740-107,11740,,1,0447,0008,11,2023-08-10,65000,4,48.45|51.12|59.992|68.19
18,강동구,암사동,대송,440-4,11740-111,11740,,1,0440,0004,3,2025-12-11,62000,2,69.59|70.6
114,강동구,암사동,대원,461,11740-88,11740,,1,0461,0000,32,2025-08-18,77900,2,59.9|84.88
19,강동구,암사동,대은팰리스뷰(101),503-31,11740-2630,11740,,1,0503,0031,3,2025-11-27,71000,1,84.9
19,강동구,암사동,대은팰리스뷰(102),503-6,11740-2629,11740,,1,0503,0006,5,2026-01-17,73000,1,84.9
12,강동구,암사동,대의아름누리,671,11740-2916,11740,,1,0671,0000,3,2021-08-25,65000,3,71.49|81.42|82.95
39,강동구,암사동,동양넥스빌,501-4,11740-89,11740,,1,0501,0004,8,2026-03-30,80000,3,59.75|59.98|84.68
106,강동구,암사동,동원베네스트,670,11740-110,11740,,1,0670,0000,28,2026-03-26,86000,6,72.23|76.36|84.82|84.83|84.89|84.98
12,강동구,암사동,라움(492-28),492-28,11740-1314,11740,,1,0492,0028,1,2021-01-23,61800,1,67.64
11,강동구,암사동,라움(492-45),492-45,11740-2557,11740,,1,0492,0045,1,2026-01-15,64000,1,67.64
6,강동구,암사동,리치,513-4,11740-2656,11740,,1,0513,0004,2,2026-01-13,54000,1,74.81
44,강동구,암사동,메이저(474-21),474-21,11740-109,11740,,1,0474,0021,14,2026-02-27,68000,6,64.67|67.35|73.77|77.41|83.2|84.58
12,강동구,암사동,삼화그린,454-10,11740-309,11740,,1,0454,0010,3,2021-07-08,70000,1,99.97
12,강동구,암사동,새롬,474-10,11740-108,11740,,1,0474,0010,2,2023-02-21,65000,1,69.11
18,강동구,암사동,신동아빌라트,450-10,11740-94,11740,,1,0450,0010,5,2024-09-19,80000,1,163.74
12,강동구,암사동,아키스,487-37,11740-313,11740,,1,0487,0037,2,2019-08-14,38000,1,84.43
131,강동구,암사동,암사e편한세상,422-26,11740-2500,11740,,1,0422,0026,44,2026-01-13,105000,3,84.94|84.96|84.98
15,강동구,암사동,양지벨로스,446-21,11740-307,11740,,1,0446,0021,4,2026-04-10,65000,3,63.56|66.8|81.34
45,강동구,암사동,에스엠해그린,472-18,11740-310,11740,,1,0472,0018,6,2025-06-18,80000,4,81.11|82.08|82.62|83.46
19,강동구,암사동,영상라이브센스,446-3,11740-106,11740,,1,0446,0003,4,2024-03-16,60000,1,84.61
6,강동구,암사동,영진해가든(1동),485-1,11740-311,11740,,1,0485,0001,1,2018-04-17,33000,1,69
19,강동구,암사동,영진해가든(2동),485-2,11740-312,11740,,1,0485,0002,7,2025-10-15,67700,2,75.29|76.64
37,강동구,암사동,우암쎈스뷰,463-18,11740-234,11740,,1,0463,0018,5,2025-01-20,65000,3,59.93|76.05|77.19
19,강동구,암사동,정산(101동),441-10,11740-97,11740,,1,0441,0010,3,2021-05-03,65000,1,84.59
47,강동구,암사동,정산(102동),441-2,11740-98,11740,,1,0441,0002,7,2026-03-30,89500,1,83.42
13,강동구,암사동,정산(103동),441-3,11740-104,11740,,1,0441,0003,5,2025-10-10,95500,2,100.52|131.98
14,강동구,암사동,평대정원,453-38,11740-308,11740,,1,0453,0038,1,2018-08-11,36500,1,79.77
6,강동구,암사동,풍천,440-7,11740-112,11740,,1,0440,0007,1,2025-12-03,63000,1,90.27
17,강동구,암사동,한강리치팰리스,516-2,11740-2963,11740,,1,0516,0002,17,2025-05-31,89000,3,78.19|81.46|84.86
33,강동구,암사동,한건,504-8,11740-100,11740,,1,0504,0008,10,2025-10-17,109000,5,71.31|83.39|83.48|84.7|84.83
34,강동구,암사동,한건브리앙,497-6,11740-314,11740,,1,0497,0006,7,2026-01-23,70000,5,68.54|76.92|82.91|84.91|84.92
19,강동구,암사동,한양그린,449,11740-102,11740,,1,0449,0000,1,2019-11-28,70000,1,135.13
60,강동구,암사동,효정하나플러스,672,11740-268,11740,,1,0672,0000,15,2025-09-04,68000,2,81.46|84.45
19,강동구,천호동,SM이로빌아파트,52-3,11740-248,11740,,1,0052,0003,6,2025-06-25,70000,3,78.86|84.12|84.77
9,강동구,천호동,강동파크빌,450-38,11740-272,11740,,1,0450,0038,4,2026-02-19,84500,2,62.35|66.45
17,강동구,천호동,고려아파트(A동),22-6,11740-187,11740,,1,0022,0006,3,2021-05-11,48000,2,48.69|84.69
19,강동구,천호동,고려아파트(B동),22-23,11740-191,11740,,1,0022,0023,4,2025-10-10,53700,3,73.19|75.71|84.69
12,강동구,천호동,고려아파트(C동),22-11,11740-189,11740,,1,0022,0011,8,2026-01-26,82000,2,46.61|80.08
19,강동구,천호동,고려아파트(D동),22-9,11740-188,11740,,1,0022,0009,6,2025-12-01,73000,2,84.74|143.38
12,강동구,천호동,골드하임(101동),54-13,11740-367,11740,10900,1,0054,0013,10,2026-04-17,67000,2,82.57|84.97
11,강동구,천호동,골드하임(102동),54-25,11740-368,11740,,1,0054,0025,3,2024-10-27,65000,2,84.27|84.39
19,강동구,천호동,광남벨라스2차아파트,53-6,11740-334,11740,,1,0053,0006,9,2025-05-01,71000,2,84.67|84.92
19,강동구,천호동,광남벨라스2차아파트(53-32),53-32,11740-335,11740,,1,0053,0032,5,2025-03-08,80500,3,84.92|117.74|125.69
19,강동구,천호동,광남벨라스643V(50-32),50-32,11740-210,11740,,1,0050,0032,11,2026-01-14,87500,4,84.66|84.89|123.55|126.4
19,강동구,천호동,광남벨라스643V(50-7),50-7,11740-199,11740,,1,0050,0007,5,2026-03-26,80000,4,84.66|110.94|123.55|126.4
32,강동구,천호동,광남캐스빌아파트,52-1,11740-238,11740,,1,0052,0001,12,2025-09-23,77300,3,81.01|81.16|81.35
18,강동구,천호동,그랜드밸리아파트,34-1,11740-246,11740,,1,0034,0001,3,2021-06-25,59000,3,80.07|84.34|84.49
19,강동구,천호동,금성타운,49-16,11740-198,11740,,1,0049,0016,4,2020-09-28,48700,4,47.49|59.49|84|84.61
19,강동구,천호동,늘푸른아파트,52-16,11740-2609,11740,,1,0052,0016,4,2026-02-13,60000,3,57.08|74.41|125.25
49,강동구,천호동,다성시티아파트,358-4,11740-274,11740,,1,0358,0004,9,2026-03-07,85000,3,84.46|84.7|84.91
31,강동구,천호동,다성씨티아파트,53-9,11740-201,11740,,1,0053,0009,10,2026-03-25,65000,2,79.72|81.81
19,강동구,천호동,다성씨티아파트(340-6),340-6,11740-206,11740,,1,0340,0006,4,2021-09-04,58000,4,74.04|77.44|84.29|84.69
27,강동구,천호동,다성이즈빌(121-32),121-32,11740-4203,11740,,1,0121,0032,14,2025-05-08,58000,8,34.39|35.7|39.01|44.24|63.93|64.14|67.38|68.44
96,강동구,천호동,다성이즈빌(320),320,11740-4358,11740,,1,0320,0000,34,2025-12-06,71500,4,46.55|48.82|57.43|57.78
18,강동구,천호동,다성이즈빌(437-22),437-22,11740-344,11740,,1,0437,0022,2,2021-08-10,86700,2,68.8|84.64
18,강동구,천호동,다성이즈빌(50-11),50-11,11740-2644,11740,,1,0050,0011,5,2021-07-03,69600,3,83.45|84.46|84.7
49,강동구,천호동,다성이즈빌아파트(55-25),55-25,11740-2607,11740,,1,0055,0025,13,2025-09-16,87500,3,70.8|84.95|109.37
18,강동구,천호동,대명에버빌아파트,54-4,11740-336,11740,,1,0054,0004,7,2025-04-22,60000,2,84.95|107.31
63,강동구,천호동,동구햇살아파트,567,11740-194,11740,,1,0567,0000,10,2026-02-07,77500,4,83.62|84.82|84.86|91.16
19,강동구,천호동,동성아파트,35-8,11740-196,11740,,1,0035,0008,7,2024-10-31,68000,2,84.28|105.86
18,강동구,천호동,로뎀,362,11740-269,11740,,1,0362,0000,5,2026-03-21,75000,2,84.93|126.48
18,강동구,천호동,리버하임아파트,462-35,11740-273,11740,,1,0462,0035,2,2020-01-28,52700,2,81.88|84.71
131,강동구,천호동,미사아름채아파트,452-15,11740-4687,11740,,1,0452,0015,115,2026-02-04,64000,7,12.14|12.565|12.62|12.995|13.0175|13.3272|26.42
16,강동구,천호동,베네캐슬,315-3,11740-3015,11740,,1,0315,0003,3,2025-03-29,64500,1,83.52
18,강동구,천호동,베스트빌,37-24,11740-197,11740,,1,0037,0024,5,2021-08-23,82500,2,114.85|118.9
25,강동구,천호동,보람아파트,287-25,11740-345,11740,,1,0287,0025,7,2024-09-21,70000,3,82.93|83.95|84.97
18,강동구,천호동,부강아파트,317-31,11740-2546,11740,,1,0317,0031,4,2025-04-16,62800,1,84.99
12,강동구,천호동,새롬트윈스아파트(A동),39-7,11740-328,11740,,1,0039,0007,2,2020-09-29,45000,1,75.51
12,강동구,천호동,새롬트윈스아파트(B동),39-6,11740-327,11740,,1,0039,0006,2,2025-10-15,54900,2,75.5|75.51
122,강동구,천호동,성원아파트,564,11740-179,11740,,1,0564,0000,39,2026-03-11,83000,8,53|53.14|60|60.42|83.15|84.93|109.44|114.55
19,강동구,천호동,성인아파트,32-2,11740-195,11740,,1,0032,0002,8,2025-12-01,55000,4,62.97|78.8|79.66|80.12
19,강동구,천호동,시티빌아파트,287-16,11740-2586,11740,,1,0287,0016,4,2025-12-11,64000,3,81.16|82.09|83.29
33,강동구,천호동,신동양빛여울아파트,35-4,11740-237,11740,10900,1,0035,0004,7,2026-04-17,57000,4,55.02|59.48|67.74|76.2
12,강동구,천호동,신주아파트,27-6,11740-193,11740,,1,0027,0006,1,2021-08-21,74500,1,84.97
12,강동구,천호동,신주아파트(101동),317-4,11740-204,11740,,1,0317,0004,2,2020-05-12,42800,1,84.75
12,강동구,천호동,신주아파트(102동),317-3,11740-203,11740,,1,0317,0003,1,2020-02-19,42300,1,84.75
10,강동구,천호동,신주아파트(313),313,11740-341,11740,,1,0313,0000,3,2024-04-15,44500,2,50.58|62.41
29,강동구,천호동,썬팰리스아파트,28-32,11740-2991,11740,,1,0028,0032,6,2025-09-27,76000,1,84.31
149,강동구,천호동,아스하임,432-7,11740-4852,11740,,1,0432,0007,26,2025-08-22,36000,3,11.33|12.88|20.03
18,강동구,천호동,아크로파크,40-9,11740-329,11740,,1,0040,0009,2,2025-04-05,68000,1,114.96
143,강동구,천호동,엘림스퀘어II,416-12,11740-4554,11740,,1,0416,0012,36,2026-03-30,18500,5,14.92|15.05|17.07|17.58|18.27
44,강동구,천호동,용명브릿지아파트,28,11740-325,11740,,1,0028,0000,4,2026-02-03,74800,3,76.31|90.01|100.51
85,강동구,천호동,우정아파트,46-5,11740-174,11740,,1,0046,0005,19,2026-01-10,78000,4,59.94|67.42|84.9|84.97
36,강동구,천호동,우정에쉐르(101동),163-34,11740-363,11740,,1,0163,0034,17,2026-01-20,70000,3,59.88|81|84.24
32,강동구,천호동,우정에쉐르(102동),163-14,11740-362,11740,,1,0163,0014,9,2026-01-24,68500,3,59.52|61.73|84.3
18,강동구,천호동,율전에버그린아파트,54-7,11740-403,11740,,1,0054,0007,8,2026-03-27,63700,2,78.73|79.38
19,강동구,천호동,이연아마빌레(293-8),293-8,11740-340,11740,,1,0293,0008,8,2026-04-20,65000,3,114.85|141.08|144.46
14,강동구,천호동,장방아파트,36-9,11740-247,11740,,1,0036,0009,1,2026-02-28,60000,1,84.18
62,강동구,천호동,제일아파트,361-1,11740-176,11740,,1,0361,0001,8,2025-03-25,75000,4,59.49|59.96|77.61|105.69
30,강동구,천호동,즈믄촌,334,11740-205,11740,,1,0334,0000,10,2025-10-18,65000,3,68.61|76.96|84.4
12,강동구,천호동,지원G델타아파트,54-12,11740-337,11740,,1,0054,0012,3,2026-01-14,65000,1,84.6
39,강동구,천호동,진넥스빌Ⅲ,447-15,11740-271,11740,,1,0447,0015,16,2026-03-13,78000,3,73.26|75.43|77.36
76,강동구,천호동,집앤사스윗사이드아파트,328-1,11740-4611,11740,,1,0328,0001,71,2025-06-25,25000,2,14.01|14.02
77,강동구,천호동,천호1차우림루미아트,47-24,11740-330,11740,,1,0047,0024,29,2026-03-28,84500,4,69.62|83.71|84.69|84.88
70,강동구,천호동,천호2차우림루미아트,50,11740-332,11740,,1,0050,0000,20,2026-02-22,83500,5,59.51|75.83|75.89|84.7|84.97
27,강동구,천호동,천호2차이룸아파트,52-6,11740-333,11740,,1,0052,0006,7,2026-01-03,73500,2,62.44|83.81
18,강동구,천호동,천호KNP아파트,33-7,11740-326,11740,,1,0033,0007,5,2025-02-15,60000,2,84.23|84.84
42,강동구,천호동,천호네스빌,170-2,11740-207,11740,,1,0170,0002,21,2026-04-13,40000,6,27.3|31.32|33.93|39.15|46.01|50.46
49,강동구,천호동,천호동1차예전이룸아파트,49-4,11740-331,11740,,1,0049,0004,14,2026-03-06,70000,6,45.23|50.83|52.95|59.12|83.59|84.18
40,강동구,천호동,천호동이연아마빌레아파트,291-50,11740-202,11740,,1,0291,0050,10,2024-08-14,66900,3,48.21|65.71|80.57
47,강동구,천호동,천호엘크루,427-3,11740-2835,11740,,1,0427,0003,20,2025-08-25,135000,2,141.65|144.5
77,강동구,천호동,천호역마에스트로,334-2,11740-5284,11740,,1,0334,0002,6,2026-03-31,116000,4,30.1316|33.2328|38.1851|55.4227
19,강동구,천호동,태천아파트,35-12,11740-236,11740,,1,0035,0012,2,2019-07-23,43000,1,84.75
32,강동구,천호동,태천와이드빌,302-3,11740-182,11740,10900,1,0302,0003,10,2026-04-10,60000,2,66.32|84.75
49,강동구,천호동,태천해오름아파트,52-17,11740-200,11740,,1,0052,0017,16,2025-08-19,79800,5,48.83|75.79|84.24|84.92|105.97
58,강동구,천호동,평대미진아파트,22-17,11740-190,11740,,1,0022,0017,15,2026-03-18,75000,4,48.78|75.93|84.14|84.73
38,강동구,천호동,평대보민아파트,26-12,11740-192,11740,,1,0026,0012,15,2025-06-19,56000,4,58.81|59.43|70.05|72
66,강동구,천호동,하이브2,164-70,11740-3322,11740,,1,0164,0070,24,2026-02-24,16900,2,13.5|15.3
42,강동구,천호동,한건브리앙아파트,338-20,11740-342,11740,,1,0338,0020,16,2025-04-25,74000,4,63.2|63.21|63.55|81.7
72,강동구,천호동,현진리버파크,467-11,11740-4353,11740,,1,0467,0011,80,2026-04-08,35000,5,14.9|23.08|23.24|23.26|24.77
30,강동구,천호동,현진에스페랑스,166-109,11740-339,11740,,1,0166,0109,4,2025-10-02,73000,3,62.57|72.71|81.38
42,강동구,천호동,형인허브빌,27-41,11740-2792,11740,,1,0027,0041,8,2026-02-21,72700,6,75.04|75.08|75.19|75.3|75.47|75.81
190,강북구,도봉동,현대성우,642,11320-87,11305,,1,0642,0000,2,2025-08-01,49900,1,84.39
19,강북구,미아동,그린힐빌라트,198-36,11305-1,11305,,1,0198,0036,3,2023-04-12,69500,1,148.54
13,강북구,미아동,동아하이빌14차,192-16,11305-51,11305,,1,0192,0016,2,2026-01-12,41000,1,63.54
10,강북구,미아동,두예파크빌,8-318,11305-3628,11305,,1,0008,0318,4,2020-02-03,29000,3,32.94|46.36|48.88
48,강북구,미아동,두원프라자,1351,11305-3,11305,,1,1351,0000,16,2025-10-03,71700,4,56.1|84.24|98.22|120.95
40,강북구,미아동,미아에스하임,1373,11305-5686,11305,,1,1373,0000,40,2023-10-30,37850,19,30.32|30.62|30.87|31.96|32.89|32.93|33.07|33.2|33.35|34.43|35.56|35.87|36.81|37.57|37.72|37.97|38.82|41.11|42.34
13,강북구,미아동,보람빌라트,198-27,11305-83,11305,,1,0198,0027,3,2020-11-23,29900,3,55.08|69.48|70.38
98,강북구,미아동,성북프라자,318-5,11305-3666,11305,,1,0318,0005,28,2026-03-04,60000,1,68.675
14,강북구,미아동,스카이빌(8-87),8-87,11305-52,11305,,1,0008,0087,6,2025-02-19,37700,2,84.93|117.41
14,강북구,미아동,신대상,137-7,11305-10,11305,,1,0137,0007,4,2022-05-14,79000,4,37.44|50.12|61.22|65.59
18,강북구,미아동,월드,311-9,11305-156,11305,,1,0311,0009,4,2026-02-05,22000,2,37.96|45.27
18,강북구,미아동,월드빌라(311-10),311-10,11305-12,11305,,1,0311,0010,3,2021-08-19,21000,3,42.18|44.4|48.91
71,강북구,미아동,이너스내안에,1361,11305-4545,11305,,1,1361,0000,16,2025-08-26,70000,10,47.82|66.01|73.22|74.82|81.02|84.08|84.63|84.68|84.96|84.97
17,강북구,미아동,인성,224-40,11305-61,11305,,1,0224,0040,3,2021-07-05,37000,3,74.98|83.31|84.84
12,강북구,미아동,젬스톤타운,103-183,11305-3692,11305,,1,0103,0183,4,2025-05-19,51000,1,78.09
19,강북구,미아동,태솔,135-44,11305-60,11305,,1,0135,0044,3,2025-04-16,54000,3,72.16|75.83|78.35
73,강북구,미아동,포르투나,1372,11305-5591,11305,,1,1372,0000,37,2023-06-27,45850,11,17.18|23.34|42.71|44.5|44.81|47.41|49.55|50.08|50.56|51.45|55.49
12,강북구,미아동,한솔드림빌,137-17,11305-11,11305,,1,0137,0017,3,2021-01-02,30000,2,66.21|74.46
42,강북구,미아동,헤리움,189-30,11305-5706,11305,,1,0189,0030,2,2025-05-01,44500,2,29.89|35.86
19,강북구,번동,꿈의숲수림채,118-15,11305-3705,11305,,1,0118,0015,5,2025-01-13,48000,2,107.1|112.29
9,강북구,번동,다우(459-63),459-63,11305-55,11305,,1,0459,0063,5,2025-03-05,26000,3,41.47|49.53|50.96
18,강북구,번동,더조은홈,410-32,11305-4179,11305,,1,0410,0032,3,2025-07-25,45700,1,80.87
15,강북구,번동,백운,461-1,11305-3673,11305,,1,0461,0001,2,2021-07-28,40000,1,69.87
19,강북구,번동,번동완성주상복합아파트,148-496,11305-63,11305,,1,0148,0496,6,2025-03-13,39900,2,74.73|75.99
22,강북구,번동,빌드아르떼APT,432-6,11305-5579,11305,,1,0432,0006,22,2023-03-10,58950,11,59.04|59.99|73|73.82|74.34|74.36|74.4|74.48|74.92|79.58|83.21
44,강북구,번동,센트로힐,761,11305-4887,11305,,1,0761,0000,10,2025-11-10,59800,1,72.7695
99,강북구,번동,스카이캐슬,446-59,11305-5494,11305,,1,0446,0059,8,2025-05-14,20000,6,14.13|14.14|14.46|15.03|15.67|17.35
108,강북구,번동,아츠스테이수유점,443-6,11305-5663,11305,,1,0443,0006,60,2023-08-21,18450,3,16.45|16.93|18.24
16,강북구,번동,장원(101),148-500,11305-30,11305,,1,0148,0500,11,2025-06-27,46500,1,71.1
16,강북구,번동,장원(503),148-503,11305-64,11305,,1,0148,0503,3,2025-05-31,41000,2,71.1|76.35
90,강북구,번동,현대(148-494),148-494,11305-29,11305,,1,0148,0494,30,2026-03-28,59500,2,59.97|84.9
19,강북구,번동,현대꿈에그린,271-2,11305-65,11305,,1,0271,0002,4,2025-07-19,40000,1,84.66
121,강북구,번동,효성네오인텔리안,418-3,11305-161,11305,,1,0418,0003,37,2026-02-08,64000,4,40.99|41.15|71.05|81.12
54,강북구,번동,훼밀리힐,148-490,11305-23,11305,,1,0148,0490,18,2026-02-09,54500,3,59.16|78.84|126.67
40,강북구,수유동,FIRSTVIEW,274-3,11305-4175,11305,,1,0274,0003,19,2026-01-20,35500,7,46.61|47.67|52.88|53|55.71|59.16|59.22
29,강북구,수유동,JKapartment,130-43,11305-5443,11305,,1,0130,0043,4,2026-02-13,41000,4,44.12|53.64|54.03|58.36
42,강북구,수유동,경남아너스빌,229-49,11305-3643,11305,,1,0229,0049,9,2024-04-11,69500,1,84.59
28,강북구,수유동,경원북한산휴그린,268-17,11305-5111,11305,,1,0268,0017,7,2024-05-04,46000,2,59.84|70.34
19,강북구,수유동,골드빌,569,11305-3691,11305,,1,0569,0000,4,2021-09-27,29000,2,63.45|70.97
10,강북구,수유동,궁전,280-14,11305-53,11305,,1,0280,0014,3,2025-06-06,34000,1,65.61
14,강북구,수유동,다경하이빌,177-2,11305-3884,11305,,1,0177,0002,4,2020-03-25,29550,3,38.28|73.8|77.52
24,강북구,수유동,대림(수유),50-75,11305-32,11305,,1,0050,0075,2,2019-05-04,34000,2,78.35|112.99
9,강북구,수유동,대성월드빌,45-93,11305-39,11305,,1,0045,0093,8,2025-04-22,17000,2,30.8|54.17
28,강북구,수유동,대원쉐르빌(47-13),47-13,11305-5209,11305,,1,0047,0013,11,2025-10-14,43000,2,50.16|51.6
18,강북구,수유동,백두골드,710-15,11305-58,11305,,1,0710,0015,3,2026-02-10,31300,3,65.79|66.06|73.23
19,강북구,수유동,부강쉐르빌,281-51,11305-41,11305,,1,0281,0051,10,2026-03-17,35900,7,40.52|50.12|54.66|55.41|56.79|56.84|60.57
53,강북구,수유동,북한산네이처파크,734,11305-4806,11305,,1,0734,0000,20,2025-08-08,49000,11,38.55|43.04|49.69|50.26|51|52.74|55.8|59.43|59.67|59.88|59.95
55,강북구,수유동,북한산스카이뷰아파트,739,11305-5438,11305,,1,0739,0000,18,2026-03-26,46500,10,54.15|56.01|56.81|56.96|57.21|59.51|59.83|64.5|66.28|66.65
9,강북구,수유동,삼성빌리지(223-14),223-14,11305-113,11305,,1,0223,0014,2,2025-01-07,20500,1,58.51
60,강북구,수유동,삼성쉐르빌(50-31),50-31,11305-5381,11305,,1,0050,0031,48,2020-01-16,36750,5,29.07|29.11|36.02|53.42|54.23
18,강북구,수유동,삼성타운,338-1,11305-3770,11305,,1,0338,0001,13,2024-05-15,51300,6,57.12|63.33|71.77|75.41|81.61|84.97
12,강북구,수유동,성덕,50-82,11305-56,11305,,1,0050,0082,3,2025-03-07,38000,1,62.91
17,강북구,수유동,세영,403-17,11305-3875,11305,,1,0403,0017,5,2025-09-29,32000,3,45.39|49.88|77.98
72,강북구,수유동,수유다우아트리체,279-74,11305-5308,11305,,1,0279,0074,18,2025-11-21,15000,2,14.73|14.86
79,강북구,수유동,수유삼호,63,11305-36,11305,,1,0063,0000,21,2025-08-05,52800,2,74.48|114.42
40,강북구,수유동,수유시그니티,87-5,11305-5678,11305,10300,1,0087,0005,15,2026-04-19,57000,4,22.1|33.19|35.8|48.59
,강북구,수유동,수유아름채,47-23,11305-6578,11305,,1,0047,0023,16,2026-03-29,26000,3,12.93|20.45|20.7
144,강북구,수유동,수유역하이씨티,733,11305-4704,11305,,1,0733,0000,39,2026-02-06,10900,4,12.01|12.02|12.19|12.33
110,강북구,수유동,수유프리미어엠,48-8,11305-5110,11305,,1,0048,0008,34,2026-02-20,16300,5,15.13|16.84|18.28|19|23.4
17,강북구,수유동,썬힐하우스,334-3,11305-42,11305,,1,0334,0003,3,2023-11-17,19200,3,37.4|42.88|60.24
15,강북구,수유동,어반레프대원,50-24,11305-5664,11305,,1,0050,0024,5,2024-02-15,60000,2,52.07|52.74
19,강북구,수유동,영남,192-61,11305-72,11305,,1,0192,0061,10,2025-02-22,50000,1,84.9
120,강북구,수유동,예도팔라티움,223-7,11305-5393,11305,,1,0223,0007,42,2025-11-26,19000,2,12.99|13.47
10,강북구,수유동,오페라하우스,560-24,11305-73,11305,,1,0560,0024,5,2023-06-05,46500,2,149.18|149.4
34,강북구,수유동,우암센스뷰,229-50,11305-3644,11305,,1,0229,0050,11,2023-07-19,66300,1,84.83
12,강북구,수유동,은석,697-1,11305-57,11305,,1,0697,0001,2,2024-06-16,41000,1,70.87
10,강북구,수유동,은진,690-9,11305-168,11305,,1,0690,0009,3,2023-09-14,26900,3,49.37|74.25|76.35
18,강북구,수유동,정원,282-20,11305-3700,11305,,1,0282,0020,8,2023-05-20,31900,5,36.33|37.16|49.83|52.79|59.48
12,강북구,수유동,진명,180-31,11305-164,11305,,1,0180,0031,5,2022-12-30,36400,2,66.12|87.78
19,강북구,수유동,진안골드밸리,562-4,11305-167,11305,,1,0562,0004,7,2023-09-02,63500,4,134.18|136.75|143.82|145.33
19,강북구,수유동,청솔,178-1,11305-163,11305,,1,0178,0001,2,2023-11-20,27500,1,56.85
15,강북구,수유동,청솔(269-25),269-25,11305-4093,11305,,1,0269,0025,4,2025-04-29,34000,2,67.32|68.65
19,강북구,수유동,크라운빌,191-28,11305-4735,11305,,1,0191,0028,19,2021-02-25,17200,4,12.9|14.92|15.3|29.47
18,강북구,수유동,태솔에버빌,52-30,11305-3945,11305,,1,0052,0030,6,2022-11-04,44000,3,60.7|84.67|84.86
28,강북구,수유동,태솔캡슬,50-20,11305-4390,11305,,1,0050,0020,15,2025-03-04,30500,4,45|45.68|45.74|49.37
18,강북구,수유동,태솔타운,77-9,11305-4232,11305,,1,0077,0009,6,2024-04-02,22800,3,27.65|30.5|36.65
14,강북구,수유동,태솔타워,51-7,11305-4156,11305,,1,0051,0007,4,2026-01-24,52000,2,68.6|78.55
10,강북구,수유동,파크(가),282-11,11305-54,11305,,1,0282,0011,2,2023-06-09,29500,1,65.99
10,강북구,수유동,파크(나),282-12,11305-114,11305,,1,0282,0012,3,2022-10-11,26200,1,65.82
19,강북구,수유동,포엠빌,190-18,11305-3850,11305,,1,0190,0018,7,2025-05-09,63700,4,58.61|73.615|84.965|100.385
14,강북구,수유동,풍산쉐르빌A동,281-32,11305-68,11305,,1,0281,0032,3,2021-10-04,29000,3,67.35|77.93|79.75
,강북구,수유동,프롬하우징,392-132,11305-6569,11305,,1,0392,0132,14,2025-05-15,37050,8,27.58|27.73|36.75|40.64|40.65|40.77|43.52|43.95
19,강북구,수유동,한솔힐스빌,410-45,11305-165,11305,,1,0410,0045,4,2025-09-09,26000,1,59.82
66,강북구,수유동,한원힐트리움수유,738,11305-5432,11305,,1,0738,0000,79,2026-03-28,32000,3,21.65|26.52|27.39
19,강북구,수유동,현대맨션(52-27),52-27,11305-66,11305,,1,0052,0027,4,2023-09-16,40000,3,59.54|61.2|63.21
38,강북구,수유동,형인휴아름,732,11305-4413,11305,,1,0732,0000,18,2026-01-31,59800,7,48.17|58.49|62.99|73.3|81.54|83.04|83.82
30,강북구,수유동,화계맨숀,461-13,11305-166,11305,,1,0461,0013,16,2025-03-01,20000,3,50.91|53.98|58.51
18,강북구,수유동,훼밀리,519-10,11305-49,11305,,1,0519,0010,3,2025-12-31,29000,2,45.71|84.08
19,강북구,우이동,다인플레움,117-3,11305-134,11305,,1,0117,0003,12,2026-04-11,31000,7,63.36|66.73|67.16|67.54|72.9|77.4|78.17
19,강북구,우이동,두온리치벨리,5-5,11305-70,11305,,1,0005,0005,4,2023-11-15,75500,3,133.47|143.38|149.54
60,강북구,우이동,북한산굿모닝,175,11305-59,11305,,1,0175,0000,21,2025-11-26,42700,2,71.36|77.71
19,강북구,우이동,북한산노블리스빌,84-8,11305-71,11305,,1,0084,0008,2,2025-02-13,90000,2,199.96|231.6
16,강서구,가양동,디아이빌101동,239-1,11500-5228,11500,,1,0239,0001,4,2021-08-20,64500,1,83.92
14,강서구,가양동,디아이빌102동,239-36,11500-5229,11500,,1,0239,0036,1,2020-02-13,39000,1,83.92
27,강서구,가양동,마곡보타닉,235-4,11500-7916,11500,,1,0235,0004,9,2023-06-23,63500,3,59.14|59.8|59.83
39,강서구,가양동,보광드림타운,448-10,11500-352,11500,,1,0448,0010,17,2025-04-22,81500,2,84.22|112.83
19,강서구,가양동,한림타운,192-9,11500-351,11500,,1,0192,0009,3,2023-08-29,53500,1,84.6
13,강서구,가양동,향교,251-5,11500-251,11500,,1,0251,0005,4,2025-03-18,43000,3,53.34|71.38|71.81
45,강서구,공항동,발쿠치네하우스,1378,11500-8014,11500,,1,1378,0000,30,2023-10-16,53000,8,17.2538|21.95|38.7508|47.9142|48.0405|55.8376|95.1132|95.2724
19,강서구,공항동,송정제이빌101동,42-23,11500-266,11500,,1,0042,0023,5,2025-07-29,62000,5,79.05|82.25|84.99|114.94|123.84
19,강서구,공항동,송정제이빌102동,42-12,11500-293,11500,,1,0042,0012,4,2025-12-03,59800,2,79.55|79.59
19,강서구,공항동,스카이,14-10,11500-183,11500,,1,0014,0010,13,2025-07-03,54200,7,50.34|55.29|74.65|82.14|82.34|83.19|83.36
,강서구,공항동,장미,61-2,11500-184,11500,,1,0061,0002,16,2022-12-29,84000,5,62.4|73.68|79.2|81.6|81.82
19,강서구,공항동,청성스카이,22-4,11500-287,11500,,1,0022,0004,5,2025-05-06,64000,5,78.73|83.83|96.02|124.62|152.22
15,강서구,내발산동,A.G.S.드림,674-20,11500-451,11500,,1,0674,0020,6,2026-03-21,39000,2,63.46|65.29
36,강서구,내발산동,강성레스트빌아파트,717-20,11500-5144,11500,,1,0717,0020,12,2024-05-20,69800,4,59.098|59.928|71.329|84.762
18,강서구,내발산동,광남캐스빌,719,11500-372,11500,,1,0719,0000,2,2025-12-12,65000,2,71.18|84.87
37,강서구,내발산동,광성금강,715-5,11500-160,11500,,1,0715,0005,6,2025-04-22,64000,4,50.2081|59.1712|64.1121|72.863
35,강서구,내발산동,그린씨티,716-16,11500-371,11500,,1,0716,0016,13,2024-06-17,69800,5,44.049|61.52|81.799|81.919|84.577
32,강서구,내발산동,낙원연립재건축조합아파트,708-14,11500-161,11500,,1,0708,0014,11,2026-02-20,55000,2,69.96|79.21
49,강서구,내발산동,내발산우신웨스트빌,733,11500-5145,11500,,1,0733,0000,12,2026-03-24,78200,3,72.66|83.92|84.38
18,강서구,내발산동,내안에이너스,689-12,11500-364,11500,,1,0689,0012,2,2019-10-28,38000,2,63.28|63.32
19,강서구,내발산동,내츄럴1차,695,11500-365,11500,,1,0695,0000,7,2026-03-05,58500,3,66.15|70.8|76.98
19,강서구,내발산동,내츄럴2차,696-2,11500-366,11500,,1,0696,0002,3,2025-01-03,66000,2,83.04|98.63
18,강서구,내발산동,내츄럴4차아파트,687-27,11500-6350,11500,,1,0687,0027,3,2023-08-19,49000,2,53.6|76.59
62,강서구,내발산동,내츄럴아파트3차,688-21,11500-5236,11500,,1,0688,0021,12,2026-02-14,74000,2,84.4|84.99
18,강서구,내발산동,다울,675-10,11500-358,11500,,1,0675,0010,7,2026-04-02,51850,3,68.77|72.9|73.14
19,강서구,내발산동,다울아크로빌,722-19,11500-259,11500,,1,0722,0019,1,2023-08-08,86700,1,139.885
29,강서구,내발산동,덕현중앙타워빌,676-12,11500-252,11500,,1,0676,0012,10,2026-01-20,59800,5,38.48|61.64|66.21|68.3|70.51
67,강서구,내발산동,마곡에이치밸리움,764,11500-8375,11500,,1,0764,0000,8,2026-04-05,75830,2,51.464|52.218
16,강서구,내발산동,명덕,655-5,11500-286,11500,,1,0655,0005,2,2021-05-08,44500,1,68.22
19,강서구,내발산동,명진에버그린,716,11500-258,11500,,1,0716,0000,5,2023-09-20,57000,2,84.92|84.99
19,강서구,내발산동,문국,708-1,11500-162,11500,,1,0708,0001,12,2026-04-02,68000,5,76.32|83.76|84.87|107.79|154.74
69,강서구,내발산동,보람,686-1,11500-163,11500,,1,0686,0001,23,2026-03-25,74500,2,79.48|84.03
15,강서구,내발산동,보람하이빌,711-1,11500-164,11500,,1,0711,0001,6,2025-11-28,56500,2,83.56|84.79
18,강서구,내발산동,새신아,673-6,11500-166,11500,,1,0673,0006,4,2026-02-27,51250,1,76.44
48,강서구,내발산동,수명산태송팰리채,688-4,11500-5728,11500,,1,0688,0004,14,2025-11-14,67000,2,77.14|83.709
19,강서구,내발산동,신세계,698-16,11500-256,11500,,1,0698,0016,1,2025-12-15,58000,1,82.55
19,강서구,내발산동,신세계(697-5),697-5,11500-367,11500,,1,0697,0005,5,2024-10-16,72500,3,79.87|83.93|84.7
39,강서구,내발산동,신세계3차101동,731,11500-260,11500,,1,0731,0000,8,2023-03-11,94000,2,84.873|133.619
24,강서구,내발산동,신세계4차,665-6,11500-355,11500,,1,0665,0006,5,2024-12-07,64000,1,73.85
25,강서구,내발산동,신세계5차,675-6,11500-5195,11500,,1,0675,0006,12,2025-06-16,71400,2,84.71|84.89
19,강서구,내발산동,예스빌,687-2,11500-225,11500,,1,0687,0002,8,2025-03-22,55000,3,76.74|84.4|84.6
90,강서구,내발산동,우장산신일해피트리,763,11500-8377,11500,,1,0763,0000,7,2025-10-11,53800,4,42.66|43.34|43.58|44.04
62,강서구,내발산동,우장산타워빌,704-2,11500-180,11500,,1,0704,0002,22,2026-03-17,81000,5,56.37|80.24|83.8|84.6|144.31
42,강서구,내발산동,우장산태승훼미리,671-28,11500-4288,11500,,1,0671,0028,18,2024-11-23,56000,3,70.65|76.87|82.95
48,강서구,내발산동,원다벨라빌,672-15,11500-170,11500,,1,0672,0015,16,2026-03-28,68700,4,81.3332|84.0152|84.9693|84.985
19,강서구,내발산동,원당,650-1,11500-476,11500,,1,0650,0001,2,2025-06-10,46000,1,71.69
48,강서구,내발산동,유니드,712-2,11500-383,11500,,1,0712,0002,15,2025-11-08,67800,3,44.77|69.92|73.51
18,강서구,내발산동,이너스101동,688-5,11500-254,11500,,1,0688,0005,5,2026-04-10,55000,2,84.63|84.75
18,강서구,내발산동,이너스102동,688-40,11500-481,11500,,1,0688,0040,6,2026-03-26,59000,3,73.21|84.79|84.95
19,강서구,내발산동,제이월드에메랄드,674-32,11500-179,11500,,1,0674,0032,8,2025-02-27,65000,2,84.32|111.56
18,강서구,내발산동,쥴리앙,660-6,11500-5282,11500,,1,0660,0006,3,2024-07-15,57000,2,70.08|100.5
16,강서구,내발산동,진한연립,681-16,11500-361,11500,,1,0681,0016,3,2025-02-08,52300,3,72.78|79.55|81.35
19,강서구,내발산동,천우네오젠,674-33,11500-5883,11500,,1,0674,0033,6,2023-12-04,54200,2,83.54|84.82
19,강서구,내발산동,천우네오젠(693),693,11500-5188,11500,,1,0693,0000,9,2025-03-03,82000,5,135.34|138.21|139.08|145.66|147.46
19,강서구,내발산동,천우네오젠5차,663-2,11500-5290,11500,,1,0663,0002,8,2025-12-09,59000,1,70.54
19,강서구,내발산동,천우네오젠6차,670-17,11500-5299,11500,,1,0670,0017,3,2024-10-10,58500,2,81.75|83.83
18,강서구,내발산동,천우네오젠아파트,665-17,11500-5214,11500,,1,0665,0017,2,2026-04-08,63000,1,83.32
19,강서구,내발산동,천우명덕,680-5,11500-360,11500,,1,0680,0005,1,2020-01-11,52000,1,84.94
14,강서구,내발산동,천우캐슬,702-7,11500-257,11500,,1,0702,0007,5,2024-06-22,51300,3,77.39|97.97|99.17
35,강서구,내발산동,청솔101동,673-2,11500-174,11500,,1,0673,0002,5,2025-12-09,67700,2,78.2152|84.5332
19,강서구,내발산동,청솔102동,673-14,11500-173,11500,,1,0673,0014,5,2025-03-17,68000,3,106.38|117.69|126.72
49,강서구,내발산동,청솔샤르망1001동,676-23,11500-359,11500,,1,0676,0023,5,2025-12-09,77000,2,84.4121|84.7449
44,강서구,내발산동,청솔샤르망1002동,675-9,11500-480,11500,,1,0675,0009,7,2021-01-16,64900,5,68.2067|80.9257|84.3147|84.6565|84.7417
46,강서구,내발산동,청솔샤르망1003동,735,11500-5147,11500,,1,0735,0000,10,2025-05-20,79500,2,84.3138|84.5832
55,강서구,내발산동,청솔샤르망1004동,671-13,11500-5142,11500,,1,0671,0013,8,2025-07-30,77500,2,84.53|84.6
81,강서구,내발산동,청솔수(711-6),711-6,11500-5412,11500,,1,0711,0006,13,2025-01-23,80200,4,75.36|84.2|84.65|84.92
48,강서구,내발산동,청솔숲속마을101동,673-11,11500-5262,11500,,1,0673,0011,12,2025-01-09,84000,4,80.61|83.69|84.31|84.82
77,강서구,내발산동,청솔숲속마을102동,738,11500-5383,11500,,1,0738,0000,20,2026-04-03,84250,2,61.68|84.62
43,강서구,내발산동,청솔파인힐(736-0),736,11500-5179,11500,,1,0736,0000,8,2023-12-18,62500,3,79.37|80.89|84.64
30,강서구,내발산동,청솔해오름,660-1,11500-478,11500,,1,0660,0001,14,2026-03-29,69300,2,84.8465|84.8729
51,강서구,내발산동,타워힐101동,661-2,11500-177,11500,,1,0661,0002,12,2025-04-03,80000,1,84.9095
64,강서구,내발산동,태승훼미리,722-16,11500-373,11500,,1,0722,0016,9,2025-04-30,78500,3,83.45|83.58|83.61
43,강서구,내발산동,태승훼미리3차,732,11500-374,11500,,1,0732,0000,13,2026-03-13,68700,3,72.28|84.46|84.97
38,강서구,내발산동,태승훼미리아파트5차,714-4,11500-6006,11500,,1,0714,0004,7,2026-04-04,65000,3,61.14|61.35|70.54
13,강서구,내발산동,태일,697-12,11500-4419,11500,,1,0697,0012,1,2024-06-28,44700,1,82.67
19,강서구,내발산동,한서1차,716-5,11500-291,11500,,1,0716,0005,2,2021-10-26,67400,1,84.96
13,강서구,내발산동,한서2차APT,716-2,11500-370,11500,,1,0716,0002,2,2026-03-06,56000,2,67.86|76.96
14,강서구,내발산동,한서3차,698-11,11500-369,11500,,1,0698,0011,8,2024-08-16,58000,2,72.29|83.07
19,강서구,내발산동,한울앤하우스,696-21,11500-255,11500,,1,0696,0021,4,2023-08-08,60000,1,84.64
18,강서구,내발산동,현대파크,675,11500-357,11500,,1,0675,0000,3,2023-05-25,35500,3,69.4|71.58|73.16
18,강서구,내발산동,홍익,673-7,11500-175,11500,,1,0673,0007,2,2019-10-14,45500,1,106.44
18,강서구,등촌동,강서,517-39,11500-33,11500,,1,0517,0039,1,2023-08-07,55000,1,77.74
29,강서구,등촌동,계명위너스,646-29,11500-6338,11500,,1,0646,0029,13,2025-06-22,27000,7,27.68|28.52|29.38|29.69|29.76|29.97|42.82
65,강서구,등촌동,나성,635-6,11500-230,11500,,1,0635,0006,16,2026-04-11,79500,3,59.8224|59.826|84.7533
38,강서구,등촌동,다울,637-26,11500-66,11500,,1,0637,0026,12,2026-01-29,77000,3,83.198|83.286|83.94
64,강서구,등촌동,두보아파트,365-195,11500-37,11500,,1,0365,0195,22,2026-03-30,47000,3,57.57|58.41|59.49
12,강서구,등촌동,등마루,365-201,11500-228,11500,,1,0365,0201,9,2025-10-01,52500,4,68.68|73.4|83.39|89.3
45,강서구,등촌동,등촌5차보람쉬움,633-28,11500-303,11500,,1,0633,0028,8,2025-06-04,86000,2,59.79|84.97
35,강서구,등촌동,등촌6차보람,716,11500-5108,11500,,1,0716,0000,14,2025-10-15,73000,2,61.908|78.01
65,강서구,등촌동,등촌동보람쉬움아파트,641-4,11500-231,11500,,1,0641,0004,23,2025-06-21,87500,3,84.09|84.51|112.05
89,강서구,등촌동,등촌동현대2차,655-46,11500-63,11500,,1,0655,0046,23,2026-03-31,77500,3,59.97|84.95|94.69
104,강서구,등촌동,등촌퀸즈포디엄삼익,511-4,11500-8078,11500,10200,1,0511,0004,16,2026-04-15,44000,4,32.37|33.64|44.8|47.44
67,강서구,등촌동,등촌파밀리에더클래식101동,722,11500-8050,11500,,1,0722,0000,17,2026-02-13,80000,5,48.39|49.77|49.78|56.94|62.8
53,강서구,등촌동,등촌파밀리에더클래식201동,723,11500-8049,11500,,1,0723,0000,16,2026-03-23,82600,4,49.78|56.5|56.9|62.69
144,강서구,등촌동,마곡루나플라체,725,11500-8150,11500,,1,0725,0000,25,2026-02-02,33800,1,22.05
14,강서구,등촌동,보람하이빌,518-7,11500-70,11500,,1,0518,0007,3,2024-06-04,37800,2,82.92|84.58
18,강서구,등촌동,삼우지엔씨,646-28,11500-5107,11500,,1,0646,0028,4,2025-04-16,59000,2,84.03|84.36
13,강서구,등촌동,세심,526-5,11500-301,11500,,1,0526,0005,4,2026-04-09,51000,2,32.74|82.84
19,강서구,등촌동,신세계,515-41,11500-300,11500,,1,0515,0041,9,2021-09-09,59000,2,64.7|84.95
70,강서구,등촌동,신송타워,662-3,11500-46,11500,,1,0662,0003,28,2026-02-24,75800,3,59.97|84.96|118.99
68,강서구,등촌동,신원,641,11500-47,11500,,1,0641,0000,14,2024-05-28,79500,2,59.99|84.95
47,강서구,등촌동,심미에셈빌,634-13,11500-65,11500,,1,0634,0013,11,2024-07-02,67000,4,82.62|82.65|82.69|83.32
16,강서구,등촌동,예지펠리스아파트,637-15,11500-5918,11500,,1,0637,0015,4,2024-04-02,63000,2,74.86|81.35
19,강서구,등촌동,우당,653-13,11500-48,11500,,1,0653,0013,8,2025-11-18,58000,2,84.64|84.86
8,강서구,등촌동,정우아파트,570-10,11500-302,11500,,1,0570,0010,1,2019-05-02,39800,1,102.37
16,강서구,등촌동,정우아파트(570-11),570-11,11500-5263,11500,,1,0570,0011,6,2025-06-10,43500,2,83.31|99.03
48,강서구,등촌동,지엠벨리,656-17,11500-7919,11500,,1,0656,0017,14,2026-04-11,42300,4,25.32|25.61|25.95|27.57
18,강서구,등촌동,천우네오젠,645-14,11500-5401,11500,,1,0645,0014,6,2026-01-31,65000,2,84.53|84.79
24,강서구,등촌동,천우네오젠(507-11),507-11,11500-5392,11500,,1,0507,0011,6,2026-02-03,78500,2,83.21|101.1
16,강서구,등촌동,천우네오젠101동,637-18,11500-5283,11500,,1,0637,0018,1,2024-12-07,56000,1,76.5
8,강서구,등촌동,천우네오젠102동,637-32,11500-5281,11500,,1,0637,0032,1,2024-01-12,49800,1,78.6
25,강서구,등촌동,청솔펠리체,651,11500-6307,11500,,1,0651,0000,8,2023-10-17,69300,2,83.12|83.51
29,강서구,등촌동,풍성애뜨란아파트,654-79,11500-7402,11500,,1,0654,0079,6,2026-04-02,49800,2,46.19|56.2
19,강서구,등촌동,해태골든팰리스,510-7,11500-5896,11500,,1,0510,0007,9,2022-06-03,65000,4,71.16|77.73|84.51|84.55
90,강서구,마곡동,마곡경남아너스빌,1513,11500-5270,11500,,1,1513,0000,37,2026-03-29,91500,2,59.91|84.98
49,강서구,마곡동,마곡노블리안,1397,11500-8195,11500,,1,1397,0000,35,2022-01-17,73000,5,64.6995|68.1975|68.4838|68.8475|69.2556
19,강서구,마곡동,마곡동후포아파트(14-21),14-21,11500-354,11500,,1,0014,0021,6,2025-11-17,54000,3,55.5|76.68|77.52
116,강서구,마곡동,마곡보타닉경남아너스빌,1252,11500-5165,11500,,1,1252,0000,47,2026-04-04,92500,2,59.7672|84.9941
170,강서구,마곡동,마곡삼성아파트,1478,11500-198,11500,,1,1478,0000,59,2026-04-06,93800,3,59.95|59.97|84.92
75,강서구,마곡동,마곡승윤노블리안아파트,1360,11500-5641,11500,,1,1360,0000,27,2025-10-10,73000,8,76.76|78.31|79.39|83.69|83.92|84.64|84.66|84.97
320,강서구,마곡동,마곡우림필유아파트,1467,11500-269,11500,,1,1467,0000,117,2026-02-12,104000,5,74.946|76.374|77.292|84.528|84.897
98,강서구,마곡동,마곡일성트루엘아파트,1535,11500-6594,11500,,1,1535,0000,33,2026-04-17,96800,3,59.978|72.034|84.958
209,강서구,마곡동,마곡청구아파트,1181,11500-213,11500,,1,1181,0000,62,2026-04-06,92000,2,59.91|84.92
76,강서구,마곡동,마곡태승훼미리아파트,1454,11500-5166,11500,,1,1454,0000,21,2026-03-23,79000,4,74.79|80.25|84.08|84.95
341,강서구,마곡동,마곡푸르지오,1525,11500-5552,11500,,1,1525,0000,116,2026-03-03,139000,4,59.87|84.8|84.99|114.72
202,강서구,마곡동,마곡현대아파트,1171,11500-199,11500,,1,1171,0000,73,2026-03-02,87800,4,59.92|70.86|84.95|114.3
19,강서구,마곡동,양진마니아,1391,11500-267,11500,,1,1391,0000,4,2025-08-06,53000,3,80.09|80.97|84.98
16,강서구,마곡동,한림리첸빌101동,1168,11500-482,11500,,1,1168,0000,6,2025-01-18,60000,1,84.42
16,강서구,마곡동,한림리첸빌102동,1170,11500-483,11500,,1,1170,0000,6,2025-07-04,59000,1,84.42
126,강서구,방화동,AirPalace(619-7),619-7,11500-6675,11500,,1,0619,0007,70,2025-09-05,12300,3,14.1|14.5|18.6
60,강서구,방화동,경동팰리스힐,898,11500-6839,11500,,1,0898,0000,20,2023-12-18,17000,5,12.22|12.35|12.66|16.99|19.41
98,강서구,방화동,길성그랑프리텔,867,11500-484,11500,,1,0867,0000,20,2026-02-28,82000,4,57.97|62.65|77.8|84.05
29,강서구,방화동,다우하임더프라임아파트,450-1,11500-8362,11500,10900,1,0450,0001,4,2026-04-21,89000,3,72.57|76.07|83.28
60,강서구,방화동,동일스위트리버2차,895,11500-5893,11500,,1,0895,0000,22,2026-01-21,64700,6,53.66|59.03|59.47|59.52|59.65|59.94
69,강서구,방화동,마곡드림힐,872,11500-236,11500,,1,0872,0000,21,2026-03-30,70000,4,59.4396|59.7091|66.6907|84.5338
79,강서구,방화동,마곡우림1차아파트,873,11500-237,11500,,1,0873,0000,12,2025-01-23,71500,2,59.901|84.971
75,강서구,방화동,마곡우촌아파트,907,11500-8242,11500,,1,0907,0000,21,2025-08-09,47100,4,22.3|28.04|28.29|59.31
49,강서구,방화동,방화3차태승훼미리,889,11500-5285,11500,,1,0889,0000,11,2024-08-06,70000,2,84.61|105.23
71,강서구,방화동,방화동2차태승훼미리,885,11500-5167,11500,,1,0885,0000,13,2024-11-25,70000,5,82.05|83.18|83.57|83.58|83.85
97,강서구,방화동,보람,881,11500-380,11500,,1,0881,0000,12,2026-02-05,78500,1,84.96
18,강서구,방화동,삼도,140-2,11500-200,11500,,1,0140,0002,6,2024-03-06,42800,2,68.44|84.67
90,강서구,방화동,삼미,585-4,11500-201,11500,,1,0585,0004,38,2026-03-30,79000,2,58.29|76
87,강서구,방화동,삼정코아,567-4,11500-375,11500,10900,1,0567,0004,28,2026-04-13,61500,4,71.18|80.87|83.23|83.74
36,강서구,방화동,성옥,583-23,11500-203,11500,,1,0583,0023,4,2025-06-18,38000,1,51.06
14,강서구,방화동,신라힐,647-20,11500-377,11500,,1,0647,0020,4,2022-11-22,44700,3,57.36|66.98|76.23
36,강서구,방화동,신세계아파트,903,11500-7784,11500,,1,0903,0000,16,2026-02-15,57500,8,28.48|45.86|55.73|59.31|61.17|63.28|64.46|74.02
57,강서구,방화동,신안네트빌2단지,869,11500-223,11500,10900,1,0869,0000,16,2026-04-07,69000,2,57.1659|84.0164
60,강서구,방화동,원미,614-11,11500-208,11500,,1,0614,0011,13,2026-03-28,85000,2,54.75|63.06
19,강서구,방화동,지니스힐,537-1,11500-5561,11500,,1,0537,0001,4,2020-08-13,59000,4,84.3|84.72|148.71|152.04
49,강서구,방화동,청성,866,11500-221,11500,,1,0866,0000,8,2025-01-17,76000,2,83.6982|84.6275
69,강서구,방화동,청성(877-0),877,11500-234,11500,,1,0877,0000,21,2026-04-17,66700,2,67.876|69.539
42,강서구,방화동,태승훼미리4차,891,11500-5625,11500,,1,0891,0000,17,2025-12-28,75000,2,79.58|125.7
18,강서구,방화동,태청,319-9,11500-4789,11500,,1,0319,0009,8,2025-06-11,47400,5,78.99|90.69|92.13|93.89|96.14
19,강서구,방화동,통일(479-3),479-3,11500-268,11500,,1,0479,0003,6,2021-07-02,45000,6,47.6|59.73|71.81|79.46|81.81|82.26
10,강서구,방화동,통일101동(597-38),597-38,11500-388,11500,,1,0597,0038,6,2026-02-28,49000,3,80.64|81.02|81.9
18,강서구,방화동,통일102동(597-24),597-24,11500-386,11500,,1,0597,0024,1,2019-07-30,38000,1,79.59
220,강서구,방화동,한미(286-1),286-1,11500-214,11500,10900,1,0286,0001,72,2026-04-16,60000,2,40.02|47.22
60,강서구,방화동,한오,547-11,11500-216,11500,,1,0547,0011,31,2024-05-01,35000,3,47.06|47.42|47.44
96,강서구,방화동,형제,615-103,11500-218,11500,,1,0615,0103,25,2026-02-24,100000,5,64.08|73.92|76.83|80.02|80.03
23,강서구,염창동,DH팰리스,263-7,11500-8312,11500,,1,0263,0007,2,2025-06-28,69800,1,53.03
19,강서구,염창동,노블레스2(267-4),267-4,11500-5311,11500,,1,0267,0004,11,2025-09-03,65500,4,59.74|66.84|83.07|83.29
18,강서구,염창동,노블레스아파트,266-3,11500-5256,11500,,1,0266,0003,5,2024-06-01,52800,4,53.36|78.5|84.67|84.87
,강서구,염창동,등마루,275-5,11500-8,11500,,1,0275,0005,5,2018-12-19,21000,1,36.41
78,강서구,염창동,등촌제이스카이,311,11500-8132,11500,,1,0311,0000,14,2026-04-11,53000,3,28.94|31.09|39.87
14,강서구,염창동,루나클래식2,283-15,11500-8472,11500,,1,0283,0015,2,2024-01-09,32700,1,19.36
14,강서구,염창동,리버펠리스1동,257,11500-9,11500,,1,0257,0000,6,2025-05-30,147000,1,142.42
14,강서구,염창동,리버펠리스2동,257-5,11500-12,11500,,1,0257,0005,2,2025-05-19,145000,1,146.16
19,강서구,염창동,리버펠리스3동,257-1,11500-10,11500,,1,0257,0001,4,2025-05-14,118500,1,132.13
19,강서구,염창동,리버펠리스4동,257-4,11500-11,11500,,1,0257,0004,7,2025-05-02,120000,2,132.13|177.815
18,강서구,염창동,밝은햇살,266,11500-463,11500,,1,0266,0000,3,2019-11-11,44900,1,84.97
19,강서구,염창동,보람더하임105동,265-28,11500-5415,11500,,1,0265,0028,9,2024-07-30,89000,2,103.37|147.98
77,강서구,염창동,삼천리,70-20,11500-19,11500,,1,0070,0020,11,2026-02-06,102000,2,74.52|84.99
38,강서구,염창동,삼현팰리채,250-1,11500-5621,11500,,1,0250,0001,18,2026-02-13,81300,4,65.35|66.78|84.58|84.62
14,강서구,염창동,세왕네트빌,276-12,11500-32,11500,,1,0276,0012,1,2021-10-23,34500,1,59.22
80,강서구,염창동,송촌,264-18,11500-5102,11500,,1,0264,0018,28,2026-02-05,87000,2,84.99|92.94
,강서구,염창동,아르체움등촌,275,11500-10140,11500,,1,0275,0000,17,2025-07-01,42250,4,20.1|20.12|20.26|25.03
18,강서구,염창동,엠그린,241-24,11500-5234,11500,,1,0241,0024,9,2026-01-29,51000,2,55.95|59.73
18,강서구,염창동,여명,242-10,11500-294,11500,,1,0242,0010,12,2026-04-05,66200,1,80.08
84,강서구,염창동,염창2차보람,271-4,11500-5181,11500,,1,0271,0004,33,2025-12-02,98000,2,59.87|84.97
18,강서구,염창동,염창2차보람,271-5,11500-5226,11500,,1,0271,0005,5,2026-02-13,82000,1,82.53
52,강서구,염창동,염창3차보람,301,11500-5184,11500,10100,1,0301,0000,22,2026-03-31,93000,1,84.98
35,강서구,염창동,염창동예성그린캐슬,242-8,11500-5101,11500,,1,0242,0008,9,2025-04-29,75000,3,65.07|84.92|84.99
41,강서구,염창동,이너스5차동진,304,11500-5346,11500,,1,0304,0000,4,2026-01-12,72500,4,68.68|69.02|69.76|70.93
36,강서구,염창동,이너스양화6차,250-3,11500-5856,11500,,1,0250,0003,6,2026-02-11,80500,2,71.52|84.75
64,강서구,염창동,주상복합태진가람,263-2,11500-24,11500,,1,0263,0002,18,2026-02-28,58000,1,58.86
19,강서구,염창동,지오빌,57,11500-5202,11500,,1,0057,0000,6,2023-12-23,61500,4,84.65|84.8|84.95|143.2
58,강서구,염창동,한울밸리움,274-18,11500-8101,11500,,1,0274,0018,40,2026-01-21,53000,4,21.54|24.08|24.94|28.42
44,강서구,화곡동,AndPra레지던스,918-25,11500-6801,11500,,1,0918,0025,23,2026-03-08,15000,1,15.26
50,강서구,화곡동,GMValley,899-27,11500-7733,11500,,1,0899,0027,11,2026-04-13,23200,5,23.22|23.8|24.6|25.94|27.16
46,강서구,화곡동,NS파크APT,1076-9,11500-7742,11500,,1,1076,0009,27,2026-02-27,40000,4,28.74|28.91|29.93|43.66
44,강서구,화곡동,SPACE(920-5),920-5,11500-6888,11500,,1,0920,0005,6,2024-09-02,18000,1,19.75
9,강서구,화곡동,가화(424-59)나동,424-59,11500-328,11500,,1,0424,0059,5,2026-04-23,31500,2,62.52|72.66
9,강서구,화곡동,강동,29-79,11500-485,11500,,1,0029,0079,6,2023-08-29,23000,1,58.86
15,강서구,화곡동,강서뉴,918-12,11500-278,11500,,1,0918,0012,6,2026-04-08,29000,5,50.4|55.8|60.51|63.27|63.3
122,강서구,화곡동,강서뉴타워,1071-19,11500-6652,11500,,1,1071,0019,100,2025-12-22,73000,8,41.13|78.93|79.75|82.04|82.14|82.88|83.13|84.03
138,강서구,화곡동,강서동도센트리움,1161,11500-6622,11500,,1,1161,0000,61,2025-05-21,11000,1,14.677
72,강서구,화곡동,강서크라운팰리스,998-5,11500-7992,11500,,1,0998,0005,15,2025-11-18,33500,3,19.91|20.11|29.85
10,강서구,화곡동,거성훼미리(29-68),29-68,11500-308,11500,,1,0029,0068,6,2024-06-05,28000,2,51.5|59.98
63,강서구,화곡동,경동엠파이어스테이트,1111-3,11500-6624,11500,,1,1111,0003,23,2026-03-04,17000,2,14.315|18.915
12,강서구,화곡동,계명(1075-31),1075-31,11500-342,11500,,1,1075,0031,3,2025-04-15,49000,2,81.48|82.62
12,강서구,화곡동,계명(350-33),350-33,11500-249,11500,,1,0350,0033,1,2023-10-23,27500,1,67.82
12,강서구,화곡동,계명(350-34),350-34,11500-250,11500,,1,0350,0034,5,2025-08-29,36000,4,57.88|61.52|66.74|70.94
10,강서구,화곡동,계명(849-7),849-7,11500-122,11500,,1,0849,0007,1,2021-08-31,24000,1,66.74
18,강서구,화곡동,계명가동,56-28,11500-178,11500,,1,0056,0028,8,2026-04-02,27000,4,57.38|57.84|62.76|68.52
14,강서구,화곡동,계명가동(343-65),343-65,11500-316,11500,,1,0343,0065,2,2021-05-05,38000,2,62.64|66.9
17,강서구,화곡동,계명나동(56-29),56-29,11500-176,11500,,1,0056,0029,4,2025-12-18,33000,3,54.16|72.48|76.08
10,강서구,화곡동,계명아파트나동,343-44,11500-313,11500,,1,0343,0044,5,2024-10-31,39800,3,63.41|74.79|75.12
22,강서구,화곡동,계명아파트다동,343-45,11500-129,11500,,1,0343,0045,14,2025-12-09,48300,5,42.48|54.72|56.88|78.26|79.01
45,강서구,화곡동,곰달래,1137,11500-73,11500,,1,1137,0000,10,2025-04-10,50000,3,58.59|84.42|84.99
19,강서구,화곡동,광영다모은정아파트,1019-19,11500-339,11500,,1,1019,0019,5,2025-05-31,60000,2,84.6|112.59
14,강서구,화곡동,굿이모션(1103-3),1103-3,11500-290,11500,,1,1103,0003,6,2026-02-03,45000,2,70.78|77.76
19,강서구,화곡동,궁전(912-1)B동,912-1,11500-75,11500,,1,0912,0001,9,2023-04-05,54600,2,91.08|97.65
16,강서구,화곡동,궁전A동,911-14,11500-74,11500,,1,0911,0014,2,2021-12-04,44000,2,92.56|96.24
18,강서구,화곡동,그라비스,840-6,11500-5286,11500,,1,0840,0006,5,2021-03-01,44000,2,79.26|83.05
12,강서구,화곡동,그레이스(786-10),786-10,11500-329,11500,,1,0786,0010,3,2026-03-27,27500,2,59.31|60.15
24,강서구,화곡동,근상프리즘,24-90,11500-5404,11500,,1,0024,0090,11,2026-01-24,54500,1,79.55
19,강서구,화곡동,근상프리즘(1076-2),1076-2,11500-343,11500,,1,1076,0002,3,2026-03-12,51700,3,71.24|74.44|81.87
24,강서구,화곡동,근상프리즘(342-35),342-35,11500-5254,11500,,1,0342,0035,3,2025-10-17,67000,1,84.07
19,강서구,화곡동,근상프리즘(955-9),955-9,11500-246,11500,,1,0955,0009,4,2024-05-21,46000,3,77.92|87.04|99.04
19,강서구,화곡동,근상프리즘(957-1),957-1,11500-336,11500,,1,0957,0001,8,2026-02-12,49500,3,80.6|82.65|82.92
82,강서구,화곡동,길성그랑프리텔,1157,11500-5139,11500,10300,1,1157,0000,27,2026-04-24,65000,4,59.84|73.58|73.84|83.03
19,강서구,화곡동,까치산(101동),105-500,11500-239,11500,,1,0105,0500,9,2025-01-10,50000,4,66.58|81.87|86.49|95.52
19,강서구,화곡동,까치산(102동),105-502,11500-240,11500,,1,0105,0502,5,2026-01-28,59000,2,93.51|95.52
10,강서구,화곡동,꿈동산(355-22),355-22,11500-319,11500,,1,0355,0022,6,2026-03-12,30000,2,57.89|59.32
12,강서구,화곡동,남경리버빌(343-48),343-48,11500-315,11500,,1,0343,0048,7,2025-12-12,47000,2,47.1|70.55
11,강서구,화곡동,남경에버빌(343-47),343-47,11500-314,11500,,1,0343,0047,1,2020-02-08,26000,1,59.85
28,강서구,화곡동,남광쉐르빌(923-10),923-10,11500-6813,11500,,1,0923,0010,7,2025-08-11,25000,3,31.83|41.61|42.33
56,강서구,화곡동,남광아파트,917-5,11500-7167,11500,,1,0917,0005,41,2026-02-26,38000,4,45.28|45.47|45.53|45.72
84,강서구,화곡동,남광아파트,920-15,11500-7595,11500,,1,0920,0015,66,2026-04-14,39000,6,32.07|35.33|43.85|45.99|50.88|51.86
11,강서구,화곡동,남광아파트(1131-11),1131-11,11500-345,11500,,1,1131,0011,2,2022-08-31,29500,2,64.18|74.33
9,강서구,화곡동,남촌,914-10,11500-277,11500,,1,0914,0010,1,2020-02-20,18500,1,56.85
18,강서구,화곡동,뉴파인,400-42,11500-5329,11500,,1,0400,0042,8,2026-03-09,55000,1,78.91
14,강서구,화곡동,다담센트빌,343-41,11500-6029,11500,,1,0343,0041,6,2025-05-30,44000,1,52.89
10,강서구,화곡동,다울,1061-34,11500-132,11500,,1,1061,0034,4,2021-10-04,43000,3,58.45|94.8|108
10,강서구,화곡동,"대성1,2호(379-57,가동)",379-57,11500-322,11500,,1,0379,0057,1,2025-07-17,31800,1,66.98
10,강서구,화곡동,"대성3,4호(379-58,나동)",379-58,11500-323,11500,,1,0379,0058,5,2026-01-27,28000,4,54.01|61.56|68.95|70.14
19,강서구,화곡동,대우그린,359-3,11500-133,11500,,1,0359,0003,4,2026-02-10,30000,3,63.36|70.02|71.04
16,강서구,화곡동,대종,1077-1,11500-126,11500,,1,1077,0001,4,2026-02-06,50000,1,66.87
15,강서구,화곡동,대진,425-29,11500-136,11500,,1,0425,0029,1,2019-10-18,24800,1,67.29
10,강서구,화곡동,대한아파트,381-18,11500-427,11500,,1,0381,0018,1,2020-01-28,25000,1,61.2
19,강서구,화곡동,대호스카이빌,161-7,11500-421,11500,,1,0161,0007,6,2024-09-10,29600,4,68.68|70.44|72.64|75.04
50,강서구,화곡동,덕현타워,1026-2,11500-282,11500,,1,1026,0002,14,2025-04-10,67000,6,69.76|76.78|81.95|82.34|83.63|84.82
36,강서구,화곡동,도양라비앙아파트,918-14,11500-7411,11500,,1,0918,0014,14,2024-08-20,53800,3,48.88|56.03|79.21
18,강서구,화곡동,"동서1,2호(381-11)",381-11,11500-325,11500,,1,0381,0011,2,2021-11-17,40000,2,73.94|84.94
9,강서구,화곡동,동서3호(381-22),381-22,11500-326,11500,,1,0381,0022,1,2025-10-01,22500,1,49.11
11,강서구,화곡동,동양,102-307,11500-491,11500,,1,0102,0307,2,2020-07-05,23700,2,59.655|63.165
38,강서구,화곡동,동양하우징(899-4),899-4,11500-7666,11500,,1,0899,0004,19,2026-01-18,29700,4,26.29|28.18|28.25|29.8
10,강서구,화곡동,동우(24-134),24-134,11500-306,11500,,1,0024,0134,2,2024-03-23,19000,2,58.47|63.16
14,강서구,화곡동,동진빌라(56-100),56-100,11500-413,11500,,1,0056,0100,2,2023-09-01,18700,1,60.24
18,강서구,화곡동,드림시드아파트,915-39,11500-7730,11500,,1,0915,0039,11,2026-04-20,37300,3,30.31|36.08|46.03
25,강서구,화곡동,드림시드아파트1차,899-13,11500-7708,11500,,1,0899,0013,13,2025-03-21,32600,5,30.28|32.71|35.48|40.18|44.53
80,강서구,화곡동,디아인스,899-31,11500-7782,11500,,1,0899,0031,19,2026-01-17,29500,1,23.93
12,강서구,화곡동,로얄홈타운(102동),928-25,11500-6464,11500,,1,0928,0025,3,2022-08-18,30900,2,39.61|40.06
12,강서구,화곡동,로얄홈타운(103동),928-27,11500-6478,11500,,1,0928,0027,4,2026-02-07,28500,1,39.26
12,강서구,화곡동,로얄홈타운(928-23)101동,928-23,11500-6491,11500,,1,0928,0023,1,2025-07-30,22400,1,39.36
17,강서구,화곡동,로즈힐(1101-3),1101-3,11500-493,11500,,1,1101,0003,7,2024-04-04,24500,5,30.22|32.26|39.53|59.41|59.99
48,강서구,화곡동,루체비스타,897-2,11500-7668,11500,,1,0897,0002,26,2025-09-20,25000,4,23.66|24.67|29.47|29.77
45,강서구,화곡동,메종드로제,926-3,11500-7954,11500,,1,0926,0003,22,2025-11-30,43000,4,33.4|34.75|49.26|57.3
19,강서구,화곡동,명주캐슬(61-9),61-9,11500-310,11500,,1,0061,0009,8,2025-08-13,30000,4,38.62|52.07|66.11|67.57
16,강서구,화곡동,무궁화,935-9,11500-77,11500,,1,0935,0009,3,2020-09-16,37500,2,72.98|81.9
40,강서구,화곡동,미주,474-1,11500-79,11500,,1,0474,0001,23,2025-10-19,21000,1,48.3
11,강서구,화곡동,밀레니엄,46-212,11500-488,11500,,1,0046,0212,1,2018-10-28,19000,1,59.74
20,강서구,화곡동,벨라팰리스,343-71,11500-7223,11500,10300,1,0343,0071,17,2026-04-03,23800,2,24.71|24.93
10,강서구,화곡동,부영,24-147,11500-486,11500,,1,0024,0147,3,2025-08-11,33000,1,59.835
9,강서구,화곡동,블루힐,392-57,11500-5117,11500,,1,0392,0057,5,2024-08-05,28500,2,23.5|56.61
18,강서구,화곡동,산내들,894-1,11500-6457,11500,,1,0894,0001,10,2024-09-25,22000,3,26.19|27.47|27.77
64,강서구,화곡동,삼도,913-1,11500-80,11500,,1,0913,0001,22,2025-09-14,39500,1,70.84
23,강서구,화곡동,삼백,915-16,11500-81,11500,,1,0915,0016,5,2026-01-14,35800,2,65.88|84.12
20,강서구,화곡동,삼성,854-1,11500-82,11500,,1,0854,0001,5,2025-08-30,55000,2,105.86|140.68
104,강서구,화곡동,삼성다빈치(917-14),917-14,11500-7090,11500,,1,0917,0014,32,2025-11-28,15500,2,14.35|15.047
19,강서구,화곡동,삼성홈타운,911-10,11500-275,11500,,1,0911,0010,5,2022-03-14,44000,3,47.46|74.58|75.35
14,강서구,화곡동,삼우아파트,1088-8,11500-474,11500,,1,1088,0008,2,2020-09-29,36000,1,76.85
10,강서구,화곡동,삼익플로리아,900-39,11500-6124,11500,,1,0900,0039,1,2018-06-05,21750,1,41.39
11,강서구,화곡동,삼호그린(346-19),346-19,11500-317,11500,,1,0346,0019,4,2021-07-20,27000,1,63.115
36,강서구,화곡동,상진지오벨리,1160,11500-6007,11500,,1,1160,0000,9,2025-06-28,44000,3,67.59|68.22|76.34
19,강서구,화곡동,서림골드,111-149,11500-135,11500,,1,0111,0149,10,2026-01-07,51000,4,78.5|80.78|84.42|93.84
48,강서구,화곡동,서부인터빌아파트,1074-18,11500-119,11500,,1,1074,0018,14,2025-03-29,62500,5,78.9562|83.4225|83.567|83.8379|84.1439
12,강서구,화곡동,성광,343-37,11500-5510,11500,,1,0343,0037,8,2024-10-26,45000,1,60.72
13,강서구,화곡동,성광(343-38),343-38,11500-5838,11500,,1,0343,0038,3,2020-02-22,34000,1,55.26
31,강서구,화곡동,성삼하이츠,1142,11500-83,11500,,1,1142,0000,8,2023-11-02,62000,4,36.09|51.57|76.61|105.04
14,강서구,화곡동,성재,938-25,11500-138,11500,,1,0938,0025,9,2026-04-04,32000,1,62.41
36,강서구,화곡동,성재센트리움,918-38,11500-7370,11500,,1,0918,0038,29,2026-02-14,30000,2,28.39|39.27
48,강서구,화곡동,성재센트리움아파트,143-11,11500-7633,11500,,1,0143,0011,21,2026-01-07,25500,6,26.84|28.28|29.03|29.75|34.22|37.51
66,강서구,화곡동,성재센트리움아파트,143-6,11500-7276,11500,,1,0143,0006,26,2025-07-28,22500,6,16.56|20.3|21.74|23.54|25.18|25.47
49,강서구,화곡동,성재센트리움아파트(343-35),343-35,11500-7098,11500,,1,0343,0035,29,2026-03-10,27400,5,21.09|22.52|25.52|26.36|29.97
24,강서구,화곡동,세교예지안2차,925-11,11500-6804,11500,,1,0925,0011,4,2025-02-19,13000,1,18.83
29,강서구,화곡동,세교예지안5차,914-32,11500-7449,11500,,1,0914,0032,14,2026-02-21,23500,4,29.83|29.85|29.93|29.95
24,강서구,화곡동,세교예지안6차,924-15,11500-7495,11500,,1,0924,0015,7,2024-03-19,18000,2,25.7|25.97
38,강서구,화곡동,세림,899-2,11500-7109,11500,,1,0899,0002,7,2025-04-16,20050,1,21.64
27,강서구,화곡동,세림아파트,917-4,11500-7318,11500,,1,0917,0004,11,2025-02-26,25500,2,37.925|40.5825
10,강서구,화곡동,세양(453-4),453-4,11500-431,11500,,1,0453,0004,1,2020-06-20,21500,1,58.05
8,강서구,화곡동,세양(453-5),453-5,11500-432,11500,,1,0453,0005,2,2026-02-12,21000,2,55.32|57.74
15,강서구,화곡동,세한(410-150),410-150,11500-327,11500,,1,0410,0150,4,2025-03-27,30000,1,72.99
36,강서구,화곡동,센트럴파크아파트,900-47,11500-8207,11500,,1,0900,0047,6,2025-04-30,45500,2,48.15|48.65
19,강서구,화곡동,송이,1130-1,11500-84,11500,,1,1130,0001,7,2025-01-23,55900,4,78.3|84.75|116.73|169.5
37,강서구,화곡동,수산동우,1018-32,11500-5172,11500,,1,1018,0032,16,2025-05-31,59000,4,51.15|66.81|83.84|84.32
11,강서구,화곡동,수정,166-20,11500-492,11500,,1,0166,0020,2,2024-05-20,21000,1,60.685
42,강서구,화곡동,스위트드림아파트,1168,11500-7910,11500,,1,1168,0000,42,2026-01-28,49000,5,48.89|49.36|49.53|50.38|50.91
24,강서구,화곡동,스카이(924-10),924-10,11500-6874,11500,,1,0924,0010,10,2025-07-08,24000,3,33.52|34.35|35.3
24,강서구,화곡동,승윤노블리안,916-14,11500-6421,11500,,1,0916,0014,8,2024-11-07,55000,2,78.46|80.06
40,강서구,화곡동,신도금잔디,1138,11500-85,11500,,1,1138,0000,12,2025-08-25,57000,6,59.62|77.52|84.09|84.92|89.94|113.04
10,강서구,화곡동,신보,46-116,11500-309,11500,,1,0046,0116,3,2022-11-18,25000,1,59.63
15,강서구,화곡동,신세계2차,1009-6,11500-87,11500,,1,1009,0006,6,2020-11-16,55000,2,81.02|84.98
10,강서구,화곡동,신세계아파트1,1008-30,11500-86,11500,,1,1008,0030,1,2018-10-19,42800,1,84.98
18,강서구,화곡동,신영,488-50,11500-117,11500,,1,0488,0050,3,2023-12-07,30000,1,80.61
10,강서구,화곡동,신원1차(24-124),24-124,11500-304,11500,,1,0024,0124,2,2022-09-05,27800,1,66.18
10,강서구,화곡동,신원2차(24-130),24-130,11500-305,11500,,1,0024,0130,2,2024-04-17,19450,1,64.03
13,강서구,화곡동,신원센스빌,24-176,11500-487,11500,,1,0024,0176,6,2024-04-10,24000,5,40.21|45.83|59.46|70.33|71.6
40,강서구,화곡동,신일골드빌,1012-1,11500-88,11500,,1,1012,0001,6,2021-06-19,66000,2,67.35|83.97
10,강서구,화곡동,신한빌라트(105-362),105-362,11500-417,11500,,1,0105,0362,4,2023-05-31,28500,2,64.53|69.06
54,강서구,화곡동,아녜스타워4,914-37,11500-6501,11500,,1,0914,0037,17,2025-07-17,11000,5,12|12.09|12.13|12.15|13.79
30,강서구,화곡동,양용아네스,472-13,11500-265,11500,,1,0472,0013,10,2025-08-15,33700,3,60.59|70.57|72.14
24,강서구,화곡동,양지샤인아파트,899-21,11500-7876,11500,,1,0899,0021,4,2025-12-05,24300,2,20.37|20.63
27,강서구,화곡동,에스엠케이아파트,938-23,11500-8042,11500,,1,0938,0023,2,2025-12-04,17700,1,14.92
18,강서구,화곡동,에스타워,900-28,11500-7611,11500,,1,0900,0028,9,2025-05-20,22500,3,27.32|29.25|29.86
8,강서구,화곡동,에이원,392-58,11500-5118,11500,,1,0392,0058,5,2025-12-09,25800,1,49.81
9,강서구,화곡동,에이원A동,46-120,11500-469,11500,,1,0046,0120,4,2021-01-15,23000,3,33.12|46.23|59.42
9,강서구,화곡동,에이원B둥,46-410,11500-470,11500,,1,0046,0410,1,2025-02-22,27950,1,59.06
18,강서구,화곡동,예지보금자리,788-39,11500-5345,11500,,1,0788,0039,5,2022-11-21,39700,2,78.82|84.01
20,강서구,화곡동,오경아파트,894-12,11500-8116,11500,,1,0894,0012,21,2022-07-15,38000,2,25.75|26
16,강서구,화곡동,오복뜨란체,1021-7,11500-5306,11500,,1,1021,0007,4,2024-01-10,45000,3,64.04|65.92|67.79
19,강서구,화곡동,오케이A,102-90,11500-114,11500,,1,0102,0090,7,2025-01-25,27000,5,34.22|37.61|40.42|62.54|63.9
19,강서구,화곡동,오케이B,102-88,11500-115,11500,,1,0102,0088,7,2026-04-21,22000,4,36|41.41|64.59|67.18
10,강서구,화곡동,오화(24-175),24-175,11500-307,11500,,1,0024,0175,2,2023-02-03,23800,2,52.85|59.97
19,강서구,화곡동,올림푸스,1101-8,11500-5284,11500,,1,1101,0008,6,2024-04-18,54700,5,65|77.455|77.58|79.23|84.035
19,강서구,화곡동,요산페어뷰,377-21,11500-6776,11500,,1,0377,0021,10,2025-08-18,47300,2,73.8|74.04
24,강서구,화곡동,우공아파트,922-17,11500-7835,11500,,1,0922,0017,11,2023-05-16,26000,2,26.36|27
31,강서구,화곡동,우공팰리스,916-32,11500-5441,11500,,1,0916,0032,7,2024-03-20,49700,1,81.69
12,강서구,화곡동,우공팰리스101동,1026-27,11500-5132,11500,,1,1026,0027,1,2020-02-26,41000,1,69.24
18,강서구,화곡동,우공팰리스102동,1026-13,11500-3856,11500,,1,1026,0013,5,2024-04-10,49000,2,61.3|84.7
48,강서구,화곡동,우림루미아트아파트,1144,11500-284,11500,,1,1144,0000,14,2026-01-16,63500,6,63.849|66.103|68.154|75.904|76.36|83.396
14,강서구,화곡동,우성,353-20,11500-116,11500,,1,0353,0020,5,2023-07-07,49000,5,42.15|58.44|92.16|92.26|93.1
12,강서구,화곡동,우성(343-39),343-39,11500-121,11500,,1,0343,0039,6,2025-12-16,44000,2,67.02|78.27
14,강서구,화곡동,우성(343-75),343-75,11500-92,11500,,1,0343,0075,5,2025-03-03,64000,2,65.04|89.85
14,강서구,화곡동,우성(353-27),353-27,11500-472,11500,,1,0353,0027,5,2025-06-12,49500,3,66.18|79.71|82.83
14,강서구,화곡동,우성(410-56),410-56,11500-428,11500,,1,0410,0056,3,2025-11-24,23000,3,55.92|56.16|63.15
19,강서구,화곡동,우성트윈캐슬A동,56-252,11500-1216,11500,,1,0056,0252,4,2024-08-17,42000,2,77.52|81.07
34,강서구,화곡동,우영,1147,11500-346,11500,,1,1147,0000,9,2024-07-23,47000,1,62.47
18,강서구,화곡동,우장산청솔(992-10),992-10,11500-337,11500,,1,0992,0010,4,2019-11-10,43500,1,84.88
12,강서구,화곡동,우장산청솔(992-11),992-11,11500-5389,11500,,1,0992,0011,3,2024-08-29,49700,1,84.96
10,강서구,화곡동,우진,915-21,11500-127,11500,,1,0915,0021,3,2022-07-23,27800,1,59.75
19,강서구,화곡동,원흥타운,1087-5,11500-344,11500,,1,1087,0005,9,2025-12-03,50800,2,83.7|83.79
28,강서구,화곡동,위하우스아파트,916-2,11500-7410,11500,,1,0916,0002,17,2026-02-05,35414,1,30.18
14,강서구,화곡동,유원펠리체(924-17),924-17,11500-6571,11500,,1,0924,0017,9,2025-03-17,22000,1,42.85
19,강서구,화곡동,윤탁아트리움,1026-18,11500-283,11500,,1,1026,0018,7,2025-06-05,60000,3,75.82|83.1|121.27
19,강서구,화곡동,율창(885-1),885-1,11500-271,11500,,1,0885,0001,3,2022-05-27,59000,1,81.07
28,강서구,화곡동,은창,1143,11500-130,11500,,1,1143,0000,6,2025-06-10,45000,3,69.2356|73.5796|83.1129
12,강서구,화곡동,은하,1039-2,11500-95,11500,,1,1039,0002,5,2025-01-22,44000,2,65.97|79
10,강서구,화곡동,은하(400-60),400-60,11500-471,11500,,1,0400,0060,3,2024-02-07,18800,3,35.76|43.82|59.94
18,강서구,화곡동,은하센트리움,894-9,11500-6647,11500,,1,0894,0009,10,2026-04-11,24000,2,30.84|34.29
12,강서구,화곡동,은하수,1014-12,11500-338,11500,,1,1014,0012,3,2021-03-02,46000,1,99.34
14,강서구,화곡동,일광,343-33,11500-312,11500,,1,0343,0033,5,2025-01-16,34950,2,63.9|65.98
12,강서구,화곡동,일광2차,343-21,11500-311,11500,,1,0343,0021,2,2022-07-16,35000,1,77.04
120,강서구,화곡동,일성스카이빌,914-3,11500-96,11500,10300,1,0914,0003,43,2026-04-23,59000,6,59.96|72.6|76.32|79.56|114.23|116.32
14,강서구,화곡동,일현세일,901-10,11500-285,11500,,1,0901,0010,6,2023-07-03,40000,2,87.68|111.28
15,강서구,화곡동,임탑-A,915-30,11500-5846,11500,,1,0915,0030,8,2025-02-10,37500,2,48.79|62.71
14,강서구,화곡동,임탑-B,925-24,11500-5848,11500,,1,0925,0024,5,2025-01-07,25200,1,42.3
10,강서구,화곡동,정원,355-42,11500-118,11500,,1,0355,0042,5,2024-09-11,26000,3,52.65|60.95|60.96
36,강서구,화곡동,제이월드,1037-27,11500-98,11500,,1,1037,0027,5,2026-01-22,49500,3,60.6683|80.3022|81.3244
18,강서구,화곡동,제일에비앙,901-7,11500-289,11500,,1,0901,0007,5,2024-09-02,47000,2,83.74|83.8
14,강서구,화곡동,주얼리,396-17,11500-100,11500,,1,0396,0017,2,2021-05-20,32400,2,63.38|84.29
15,강서구,화곡동,중앙(931-9),931-9,11500-335,11500,,1,0931,0009,9,2023-03-30,24500,4,58.62|73.85|79.77|79.81
31,강서구,화곡동,지석,926-4,11500-124,11500,,1,0926,0004,12,2025-09-26,42000,3,41.4|76.5|83.7
12,강서구,화곡동,진민그린상가(367-30),367-30,11500-320,11500,,1,0367,0030,2,2024-06-17,35000,1,82.56
13,강서구,화곡동,진성101동,1133-7,11500-5135,11500,,1,1133,0007,1,2023-05-09,45000,1,78.17
13,강서구,화곡동,진성아파트102동,1133-14,11500-5136,11500,,1,1133,0014,5,2023-10-25,50000,2,82.37|84.89
40,강서구,화곡동,진흥,824-13,11500-102,11500,,1,0824,0013,4,2025-11-21,29000,2,58.34|62.89
20,강서구,화곡동,찬누리,916-11,11500-7481,11500,,1,0916,0011,11,2025-03-17,24500,2,27.37|29.93
12,강서구,화곡동,창대,899-25,11500-5429,11500,,1,0899,0025,3,2022-05-23,56000,1,74.32
12,강서구,화곡동,천우(401-2),401-2,11500-243,11500,,1,0401,0002,1,2019-05-22,35500,1,82.2
12,강서구,화곡동,천우(401-25),401-25,11500-244,11500,,1,0401,0025,1,2020-03-21,34600,1,78.8
,강서구,화곡동,천우(916-7),916-7,11500-331,11500,,1,0916,0007,9,2020-03-28,32500,4,58.86|58.87|59.94|60.87
18,강서구,화곡동,천우네오젠(790-3),790-3,11500-330,11500,,1,0790,0003,1,2019-03-06,37000,1,84.96
16,강서구,화곡동,천우네오젠9차,916-6,11500-5908,11500,,1,0916,0006,8,2025-09-14,37200,2,55.93|56.15
19,강서구,화곡동,천우중앙,1072-22,11500-341,11500,,1,1072,0022,5,2023-04-07,48000,2,81.87|87.18
35,강서구,화곡동,청솔,1014-20,11500-140,11500,,1,1014,0020,10,2025-06-06,84000,3,71.553|84.3102|126.161
11,강서구,화곡동,청송평화,457-1,11500-5220,11500,,1,0457,0001,3,2022-05-27,23800,1,63.21
19,강서구,화곡동,청우,1055-11,11500-340,11500,,1,1055,0011,3,2021-05-27,34500,3,49.5|57|62.9
9,강서구,화곡동,청우(391-2),391-2,11500-5291,11500,,1,0391,0002,6,2021-07-08,25500,1,51.96
42,강서구,화곡동,크로스캐슬,918-6,11500-280,11500,,1,0918,0006,5,2023-06-24,40000,1,79.92
43,강서구,화곡동,타워빌,1009-8,11500-104,11500,,1,1009,0008,14,2026-04-21,80000,3,81.71|84.04|84.26
98,강서구,화곡동,탑건진선미,1155,11500-5137,11500,10300,1,1155,0000,26,2026-04-11,79000,5,69.33|84.81|84.85|84.92|84.97
18,강서구,화곡동,탑건화곡동진선미,786-9,11500-5210,11500,,1,0786,0009,3,2024-02-02,39000,2,69.51|81.54
12,강서구,화곡동,태경(347-13),347-13,11500-318,11500,,1,0347,0013,5,2025-01-20,33000,4,41.13|62.84|74.32|82.79
10,강서구,화곡동,태경(381-7),381-7,11500-324,11500,,1,0381,0007,2,2021-12-18,29000,1,68.09
19,강서구,화곡동,태성비리치,465-13,11500-113,11500,,1,0465,0013,4,2023-12-09,25800,2,65.955|73.515
19,강서구,화곡동,태승,887-11,11500-3483,11500,,1,0887,0011,1,2019-02-19,34500,1,77.5
19,강서구,화곡동,태승훼밀리,887-1,11500-272,11500,,1,0887,0001,4,2025-07-04,54500,1,77.5
10,강서구,화곡동,태영(379-56),379-56,11500-321,11500,,1,0379,0056,5,2024-12-03,32000,5,58.89|60.46|65.84|65.98|66.16
9,강서구,화곡동,태영그린(917-16),917-16,11500-473,11500,,1,0917,0016,2,2021-03-10,24300,1,69.68
95,강서구,화곡동,태창네스트힐,1146,11500-245,11500,,1,1146,0000,37,2026-03-07,62000,3,55.88|71.98|82.35
12,강서구,화곡동,태흥그랑뷰,348-18,11500-128,11500,,1,0348,0018,3,2024-10-22,30000,2,71.57|84.42
15,강서구,화곡동,토석아네스아파트,24-138,11500-6612,11500,,1,0024,0138,12,2023-04-30,22300,3,29.36|33.46|34.08
10,강서구,화곡동,투원씨A동,29-38,11500-131,11500,,1,0029,0038,4,2025-11-07,21000,1,59.9
9,강서구,화곡동,투원씨B동,26-9,11500-125,11500,,1,0026,0009,2,2023-09-21,21000,1,59.9
28,강서구,화곡동,트리움팰리스,925-26,11500-6654,11500,,1,0925,0026,18,2023-08-09,14000,1,21.7
19,강서구,화곡동,트윈캐슬B동(56-11),56-11,11500-288,11500,,1,0056,0011,4,2026-01-26,40000,2,75.24|79.38
16,강서구,화곡동,팔라이스아파트먼트(915-8),915-8,11500-7007,11500,,1,0915,0008,11,2025-10-15,26000,1,30.14
40,강서구,화곡동,팔라이스타워,919-2,11500-6548,11500,,1,0919,0002,3,2024-04-29,10900,2,12.6|15.14
49,강서구,화곡동,푸른숲,460-1,11500-5260,11500,,1,0460,0001,16,2025-05-14,54000,3,59.97|77.13|84.94
32,강서구,화곡동,푸른숲2차(474-18),474-18,11500-5287,11500,,1,0474,0018,8,2024-11-27,45000,3,68.097|72.323|76.559
36,강서구,화곡동,풍원팰리스,925-5,11500-6509,11500,,1,0925,0005,15,2026-01-08,33000,1,43.8
12,강서구,화곡동,프라임주택,924-14,11500-7377,11500,,1,0924,0014,5,2022-03-30,34800,2,48.7|49.75
49,강서구,화곡동,프라임팰리스(1024-23),1024-23,11500-5639,11500,,1,1024,0023,15,2026-03-11,72000,7,67.43|82.02|83.78|84.09|84.62|84.73|84.92
12,강서구,화곡동,프라임하우스(342-44),342-44,11500-6487,11500,,1,0342,0044,3,2024-08-13,33000,2,48.21|49.05
14,강서구,화곡동,프라임하우스(916-5),916-5,11500-6825,11500,,1,0916,0005,8,2024-09-25,28000,2,40.24|40.25
16,강서구,화곡동,프라임하우스(916-9),916-9,11500-6678,11500,,1,0916,0009,6,2024-10-24,23750,1,34.32
14,강서구,화곡동,프라임하우스(925-17),925-17,11500-6787,11500,,1,0925,0017,6,2023-01-10,24900,1,37.18
19,강서구,화곡동,한경빌(938-26),938-26,11500-7012,11500,10300,1,0938,0026,4,2026-04-23,16500,2,22.42|25.15
32,강서구,화곡동,한백E타운아파트,901-13,11500-274,11500,,1,0901,0013,4,2020-10-25,39700,1,78.42
18,강서구,화곡동,한백e,915-6,11500-137,11500,,1,0915,0006,13,2025-12-26,30700,3,42.95|51.84|57.06
10,강서구,화곡동,한백e타운(46-219),46-219,11500-489,11500,,1,0046,0219,3,2026-04-02,24200,2,31.42|58.11
18,강서구,화곡동,한백아파트,925-1,11500-281,11500,,1,0925,0001,7,2026-03-28,34000,2,48|60.42
9,강서구,화곡동,한솔,46-35,11500-5207,11500,,1,0046,0035,3,2024-10-09,26300,1,58.53
8,강서구,화곡동,한솔(61-116),61-116,11500-5250,11500,,1,0061,0116,7,2024-04-17,23850,5,59.57|59.59|59.65|59.78|59.9
12,강서구,화곡동,한솔스위트벨리,404-2,11500-5267,11500,,1,0404,0002,5,2020-10-16,35200,4,56.36|76.11|76.23|79.63
16,강서구,화곡동,한신베네스트아파트,915-26,11500-6657,11500,,1,0915,0026,5,2025-07-23,39400,1,57.67
251,강서구,화곡동,한양아이클래스,926-5,11500-6746,11500,,1,0926,0005,80,2026-03-29,11300,2,13.75|13.79
36,강서구,화곡동,한울아파트,899-8,11500-7821,11500,,1,0899,0008,26,2025-04-24,26800,8,21.24|23.02|25.39|26.24|26.35|28.82|29.1|29.98
44,강서구,화곡동,한울에이치밸리움A동,1065-4,11500-7976,11500,,1,1065,0004,19,2026-01-03,29000,4,18.35|18.48|20.92|22.81
40,강서구,화곡동,한울에이치밸리움B동,1065-2,11500-7975,11500,,1,1065,0002,18,2025-12-06,27600,2,20.92|22.81
19,강서구,화곡동,현대그린,895-6,11500-107,11500,,1,0895,0006,5,2025-11-27,50000,2,82.14|82.56
18,강서구,화곡동,현대홈타운(923-2),923-2,11500-6679,11500,,1,0923,0002,10,2025-04-04,24000,2,31.69|36.22
26,강서구,화곡동,혜성오피아파트,343-49,11500-7721,11500,,1,0343,0049,8,2025-02-24,26700,4,22.49|23.91|26.74|29.44
11,강서구,화곡동,호성그린아트빌,80-4,11500-123,11500,,1,0080,0004,3,2024-02-03,33000,2,64.35|69.17
37,강서구,화곡동,호용그린피아,1153,11500-382,11500,,1,1153,0000,10,2025-06-14,63800,2,59.19|83.22
65,강서구,화곡동,화곡1차보람더하임,1087,11500-241,11500,,1,1087,0000,16,2025-06-01,59600,9,40.02|44.91|45.69|55.48|68.37|72.71|77.22|80.26|80.76
73,강서구,화곡동,화곡3차보람,1150,11500-349,11500,,1,1150,0000,9,2024-03-23,55900,2,81.63|84.79
44,강서구,화곡동,화곡6차보람쉬움,1154,11500-475,11500,,1,1154,0000,12,2026-04-09,68000,1,84.98
10,강서구,화곡동,화곡대진,909-2,11500-5259,11500,,1,0909,0002,3,2019-12-13,25500,1,65.76
18,강서구,화곡동,화곡대진(1021-2),1021-2,11500-5296,11500,,1,1021,0002,2,2026-02-27,52800,2,68.38|69.84
16,강서구,화곡동,화곡동복지다동,354-52,11500-5261,11500,,1,0354,0052,4,2022-08-31,30500,1,53.94
19,강서구,화곡동,화곡동성재,911-12,11500-276,11500,,1,0911,0012,8,2025-09-01,39000,3,71.26|73.32|76.66
36,강서구,화곡동,화곡삼익,1141,11500-112,11500,,1,1141,0000,6,2020-10-06,41500,2,74.16|78.65
68,강서구,화곡동,화곡예다움,461-4,11500-5121,11500,,1,0461,0004,14,2026-04-04,52500,4,59.92|64.21|84.03|84.76
19,강서구,화곡동,화곡한강,1059-19,11500-5271,11500,,1,1059,0019,8,2025-03-25,55000,5,66.59|76.87|80.57|88.95|92.21
10,강서구,화곡동,화성파크빌,24-123,11500-292,11500,,1,0024,0123,1,2019-11-30,21000,1,63.41
28,강서구,화곡동,황제팰리체(And Pra space),915-33,11500-6689,11500,,1,0915,0033,3,2024-03-11,9500,3,12.026|12.031|12.074
10,강서구,화곡동,효성A(923-17),923-17,11500-333,11500,,1,0923,0017,7,2026-02-16,20000,2,50.22|51.18
10,강서구,화곡동,효성B(923-18),923-18,11500-334,11500,,1,0923,0018,1,2020-11-07,17000,1,50.22
10,관악구,남현동,VIP(602-284),602-284,11620-4291,11620,,1,0602,0284,3,2026-01-14,71100,2,77.41|82.15
6,관악구,남현동,e산이랑,602-153,11620-4331,11620,,1,0602,0153,3,2023-09-16,78000,2,118.77|142.02
49,관악구,남현동,관악산대창센시티,1137,11620-4249,11620,,1,1137,0000,24,2026-03-21,85000,4,59.6|80.26|84.9|113.38
49,관악구,남현동,관악산대창센시티2차,1139,11620-4460,11620,,1,1139,0000,19,2026-04-16,87500,3,84.46|84.74|84.97
16,관악구,남현동,관악산센텀,1066-13,11620-4925,11620,,1,1066,0013,5,2023-07-08,75000,4,51.03|76.19|82.13|82.7
12,관악구,남현동,기아하이츠빌,1053-4,11620-168,11620,,1,1053,0004,2,2020-07-04,54500,1,95.91
15,관악구,남현동,남현그린,602-146,11620-82,11620,,1,0602,0146,2,2018-09-27,50300,1,88.4
14,관악구,남현동,남현현대아이빌라,1054-42,11620-171,11620,,1,1054,0042,3,2026-04-01,54000,3,80.64|81.41|83.02
15,관악구,남현동,네스코뮤즈빌,602-216,11620-86,11620,,1,0602,0216,6,2026-04-09,90000,6,103.44|133.09|133.11|133.85|138.55|138.57
24,관악구,남현동,네스코수피아,602-27,11620-6036,11620,,1,0602,0027,16,2025-08-04,51000,3,34.3|34.94|38.64
26,관악구,남현동,네스코수피아아파트,602-28,11620-6050,11620,,1,0602,0028,11,2025-09-24,65000,3,35.52|46.93|47.54
10,관악구,남현동,노블스톤,1072-50,11620-176,11620,,1,1072,0050,4,2025-06-04,63000,3,96.19|100.42|101.44
18,관악구,남현동,뉴타운1동(A동),602-329,11620-167,11620,,1,0602,0329,3,2025-03-08,72000,1,84.59
14,관악구,남현동,뉴타운B동,602-378,11620-200,11620,,1,0602,0378,1,2019-07-13,58000,1,65.1
76,관악구,남현동,다청림라인씨티,602-17,11620-5546,11620,,1,0602,0017,33,2026-02-09,60000,6,30.67|32.15|33.41|36.68|38.53|41.93
18,관악구,남현동,동송하이클래스,602-163,11620-159,11620,,1,0602,0163,10,2026-03-30,69500,6,46.62|48.72|70.56|71.36|76.54|83.12
19,관악구,남현동,동송하이클래스(1071-3),1071-3,11620-88,11620,,1,1071,0003,3,2021-12-21,74000,3,81.75|84.63|107.16
14,관악구,남현동,라움아파트,602-110,11620-5487,11620,,1,0602,0110,4,2025-03-07,61500,2,51.58|52.41
10,관악구,남현동,로미아트빌,602-201,11620-162,11620,,1,0602,0201,1,2020-11-17,63000,1,102.5
46,관악구,남현동,르메이르강남타운1,1059-1,11620-87,11620,,1,1059,0001,10,2026-02-22,113000,1,132.36
19,관악구,남현동,문영마운틴,1072-57,11620-90,11620,,1,1072,0057,3,2023-11-01,59000,2,83.27|116.74
12,관악구,남현동,별장,602-323,11620-166,11620,,1,0602,0323,4,2022-09-04,70600,3,95.64|105.4|140.94
12,관악구,남현동,삼성홈타운,602-200,11620-158,11620,,1,0602,0200,4,2025-06-27,73000,4,64.13|81.23|84.57|84.97
10,관악구,남현동,삼원하이츠11차,602-210,11620-4562,11620,,1,0602,0210,4,2026-01-26,58800,2,56.47|75.25
15,관악구,남현동,성원나이스,602-189,11620-84,11620,,1,0602,0189,3,2025-05-07,68000,2,89.8|95.14
19,관악구,남현동,세종하이츠,1072-63,11620-178,11620,,1,1072,0063,1,2020-04-11,49000,1,84.9
18,관악구,남현동,솔본,1085-17,11620-179,11620,,1,1085,0017,3,2020-06-17,62000,3,82.61|91.76|95.86
12,관악구,남현동,송림퍼스트빌,602-283,11620-199,11620,,1,0602,0283,2,2023-03-30,56000,2,86.82|96.33
15,관악구,남현동,쎈트앤빌,602-154,11620-83,11620,,1,0602,0154,5,2020-08-15,58000,3,77.59|89.14|110.32
11,관악구,남현동,쎈트앤빌2,602-192,11620-85,11620,,1,0602,0192,5,2024-05-11,63500,2,81.26|96.65
12,관악구,남현동,양지네스코빌,602-188,11620-160,11620,,1,0602,0188,4,2025-10-13,105000,2,125.84|151.26
9,관악구,남현동,양지빌라트,602-212,11620-163,11620,,1,0602,0212,1,2020-12-24,58500,1,84.87
86,관악구,남현동,예성2차그린캐슬,1134,11620-91,11620,,1,1134,0000,36,2026-04-08,111000,10,65.8|66.47|74.61|76.23|77.39|82.26|84.1|84.17|84.33|99.51
53,관악구,남현동,예성그린캐슬1차,1084-1,11620-81,11620,,1,1084,0001,16,2026-03-07,100000,4,63.43|72.82|84.76|84.81
49,관악구,남현동,예성그린캐슬III,1133,11620-92,11620,,1,1133,0000,12,2025-07-30,83500,3,67.69|84.38|95.29
11,관악구,남현동,예촌A,1072-49,11620-175,11620,,1,1072,0049,2,2020-08-15,65000,2,112.54|116.02
19,관악구,남현동,예촌BC,1072-47,11620-174,11620,,1,1072,0047,4,2026-01-15,63000,4,90.45|99.02|106.32|107.7
9,관악구,남현동,예촌그린,1072-46,11620-173,11620,,1,1072,0046,4,2025-07-07,62500,4,97.24|97.61|99.32|99.84
11,관악구,남현동,예촌하이츠빌,1072-60,11620-202,11620,,1,1072,0060,2,2020-12-14,46000,2,94.59|98.49
19,관악구,남현동,우평,1081-4,11620-203,11620,,1,1081,0004,4,2022-04-05,81600,1,99.29
8,관악구,남현동,진영씨티파크APT,1053-14,11620-4360,11620,,1,1053,0014,2,2020-08-12,38000,2,48.92|49.08
18,관악구,남현동,카사빌,602-150,11620-198,11620,,1,0602,0150,5,2025-05-30,80000,4,41.38|75.93|100.18|107.81
14,관악구,남현동,팔라시오,1053-9,11620-170,11620,,1,1053,0009,2,2024-10-04,53500,1,72.25
18,관악구,남현동,풍산캐슬,1053-5,11620-169,11620,,1,1053,0005,10,2025-11-28,69000,6,75.47|82.6|88.44|90.69|91.26|98.49
24,관악구,남현동,플라워스위트101동102동,1086-7,11620-180,11620,,1,1086,0007,1,2024-08-09,40000,1,58.81
48,관악구,남현동,하이파크,1079-3,11620-4609,11620,,1,1079,0003,62,2024-08-01,120000,7,35.36|75.03|84.07|84.22|84.3|84.93|118.01
10,관악구,남현동,한백다솜,1071-40,11620-172,11620,,1,1071,0040,2,2019-04-24,40500,2,50.36|76.68
12,관악구,남현동,한솔아크로,602-218,11620-164,11620,,1,0602,0218,1,2025-12-13,60000,1,76.3
10,관악구,남현동,현대빌라트,602-199,11620-161,11620,,1,0602,0199,3,2026-04-17,86000,3,97.4|99.38|112.51
19,관악구,남현동,현대이즈빌,1058-7,11620-201,11620,,1,1058,0007,7,2026-04-14,77000,4,69.41|76.32|84.99|136.44
19,관악구,봉천동,(685-103),685-103,11620-190,11620,,1,0685,0103,7,2025-12-22,35000,5,50.67|51.42|53.28|60.96|61.67
19,관악구,봉천동,경원로얄시티,148-139,11620-113,11620,,1,0148,0139,5,2024-06-15,71500,2,69.08|91.41
19,관악구,봉천동,경원시티,63-45,11620-4326,11620,,1,0063,0045,4,2026-03-09,72000,2,84.8|93.76
12,관악구,봉천동,관악교수,1617-44,11620-133,11620,,1,1617,0044,1,2024-03-08,75000,1,120.64
19,관악구,봉천동,관악미래가,148-129,11620-112,11620,,1,0148,0129,4,2026-01-23,79000,2,102.34|129.87
74,관악구,봉천동,관악유앤아이,1727,11620-4549,11620,,1,1727,0000,22,2026-03-21,97000,4,84.866|84.877|84.885|84.968
82,관악구,봉천동,관악중앙하이츠포레,1737,11620-6102,11620,,1,1737,0000,6,2026-03-21,77000,3,46.6783|63.3633|79.1689
71,관악구,봉천동,관악청광플러스원,1726,11620-4509,11620,,1,1726,0000,18,2025-07-22,83000,3,59.81|75.73|82.04
17,관악구,봉천동,관악캐스빌,1690-162,11620-33,11620,,1,1690,0162,7,2025-11-25,61000,4,64.87|70.12|78.24|91.67
129,관악구,봉천동,관악캠퍼스타워,875-1,11620-119,11620,10100,1,0875,0001,61,2026-04-19,30000,7,24.96|25.86|26.76|28.56|35.76|40.56|41.1
35,관악구,봉천동,관악태우미소가,30-8,11620-5481,11620,,1,0030,0008,21,2026-03-01,45000,9,21.66|28.49|28.51|28.94|29.1|29.46|46.06|48.55|52.58
30,관악구,봉천동,그린,1702,11620-6,11620,,1,1702,0000,4,2025-05-07,52000,3,56.24|72.53|72.84
17,관악구,봉천동,금강아미움(101동),1522-28,11620-4572,11620,,1,1522,0028,6,2024-11-09,84000,1,71.1203
16,관악구,봉천동,금강아미움(102동),1522-29,11620-4567,11620,,1,1522,0029,4,2026-01-12,83000,1,71.3453
17,관악구,봉천동,금강아미움(103동),1522-30,11620-4568,11620,10100,1,1522,0030,7,2026-04-11,86400,1,71.1203
19,관악구,봉천동,금강아미움(104동),1522-33,11620-4571,11620,,1,1522,0033,7,2025-12-13,84900,1,71.3453
19,관악구,봉천동,금강아미움(105동),1522-32,11620-4569,11620,,1,1522,0032,3,2026-02-21,86000,1,71.3453
19,관악구,봉천동,금강아미움(106동),1522-31,11620-4570,11620,,1,1522,0031,8,2026-04-13,90000,2,71.3453|84.3415
19,관악구,봉천동,길성,1597-10,11620-127,11620,,1,1597,0010,3,2019-07-19,49300,3,83.025|83.97|84.66
14,관악구,봉천동,낙성대늘푸른,1690-164,11620-142,11620,,1,1690,0164,1,2020-03-12,66000,1,96.91
14,관악구,봉천동,낙성대늘푸른2차,1690-159,11620-4342,11620,,1,1690,0159,3,2025-05-14,69000,1,74.89
7,관악구,봉천동,낙성대에메랄드,1690-158,11620-4327,11620,,1,1690,0158,1,2020-02-16,49000,1,76.91
19,관악구,봉천동,노블레스,905-10,11620-4225,11620,,1,0905,0010,2,2025-10-17,59000,1,79.51
44,관악구,봉천동,뉴그린아파트,1598-49,11620-4573,11620,,1,1598,0049,5,2023-11-27,80000,4,81.12|83.75|84.34|84.95
15,관악구,봉천동,뉴파크플러스(1608-27),1608-27,11620-1794,11620,,1,1608,0027,6,2025-02-28,60000,4,69.46|73.93|75.02|77.8
27,관악구,봉천동,늘푸른,916-22,11620-4543,11620,,1,0916,0022,6,2025-02-24,73000,2,81.72|82.04
19,관악구,봉천동,늘푸른3차,1690-168,11620-4366,11620,,1,1690,0168,5,2024-02-06,60000,4,82.87|84.72|84.86|84.94
19,관악구,봉천동,늘푸른5차,1690-171,11620-4467,11620,,1,1690,0171,7,2026-01-31,60500,6,81.98|82.41|83.04|84.16|84.93|84.99
26,관악구,봉천동,닷컴힐즈,1653-1,11620-6373,11620,,1,1653,0001,6,2026-01-31,75000,1,57.77
26,관악구,봉천동,닷컴힐즈(1653-3),1653-3,11620-6363,11620,,1,1653,0003,6,2026-03-24,77000,1,49.01
19,관악구,봉천동,대경,1531-34,11620-123,11620,,1,1531,0034,6,2026-02-25,53000,2,66.6|76.78
19,관악구,봉천동,대동황실,1699-10,11620-143,11620,,1,1699,0010,4,2021-01-16,93700,3,84.99|98.8|117.94
18,관악구,봉천동,대안그린,926-2,11620-3983,11620,,1,0926,0002,3,2021-02-26,55000,2,72.53|84.74
29,관악구,봉천동,대영,15-5,11620-5115,11620,,1,0015,0005,14,2025-10-19,39700,6,40.49|42.59|44|44.5|45.9|46.75
58,관악구,봉천동,대우디오슈페리움1단지,856-5,11620-4379,11620,,1,0856,0005,24,2025-12-07,140000,3,55.04|78.4|130.18
66,관악구,봉천동,대우디오슈페리움2단지,856-1,11620-4378,11620,,1,0856,0001,37,2026-04-03,98000,3,84.76|84.92|84.93
19,관악구,봉천동,대원,1536-4,11620-30,11620,,1,1536,0004,2,2020-02-24,46000,2,94.4|94.88
14,관악구,봉천동,대원(1536-20),1536-2,11620-124,11620,,1,1536,0002,1,2019-03-29,55000,1,94.9
27,관악구,봉천동,더갤러리테라스,100-20,11620-5554,11620,,1,0100,0020,14,2026-03-31,55000,4,35.98|49.76|53.22|55.06
104,관악구,봉천동,더블유에스타워,463-1,11620-4929,11620,,1,0463,0001,32,2025-11-29,25900,2,19.63|25.12
19,관악구,봉천동,도영힐,934-4,11620-97,11620,,1,0934,0004,2,2023-09-08,65000,2,84.27|84.82
48,관악구,봉천동,동원낙성대,1630-7,11620-138,11620,,1,1630,0007,10,2026-04-19,97000,7,74.75|80.59|84.96|88.52|95.73|97.32|112.28
19,관악구,봉천동,로마아트빌,635-457,11620-96,11620,,1,0635,0457,5,2026-02-05,57000,2,84.47|109.34
19,관악구,봉천동,로얄클래스,1593-14,11620-126,11620,,1,1593,0014,5,2024-08-19,74000,1,110.33
19,관악구,봉천동,로얄훼미리,1690-170,11620-4416,11620,,1,1690,0170,4,2020-12-05,59000,1,84.68
81,관악구,봉천동,무학,1531-39,11620-13,11620,,1,1531,0039,22,2026-02-24,60000,4,59.38|75.23|81.95|82.43
19,관악구,봉천동,미래,1654-14,11620-4227,11620,,1,1654,0014,8,2026-01-24,51000,2,64.66|66.595
9,관악구,봉천동,미소가,39-13,11620-4340,11620,,1,0039,0013,3,2021-10-23,54000,2,100.067|119.995
49,관악구,봉천동,반석블레스빌,1615-17,11620-132,11620,,1,1615,0017,12,2025-08-11,70000,5,65.97|66.01|83.7|84.25|84.61
98,관악구,봉천동,보라매롯데캐슬,729-22,11620-12,11620,,1,0729,0022,24,2026-02-03,165000,2,166.39|170.11
14,관악구,봉천동,보람(685-100),685-100,11620-118,11620,,1,0685,0100,6,2026-01-12,48000,4,68.58|71.37|76.83|79.62
16,관악구,봉천동,보람하이빌,100-519,11620-111,11620,,1,0100,0519,6,2025-06-11,55000,4,61.33|64.35|84.63|117.88
108,관악구,봉천동,복권,645-87,11620-15,11620,,1,0645,0087,50,2025-10-16,32700,1,47.61
14,관악구,봉천동,봉천두솔,1526-16,11620-122,11620,,1,1526,0016,5,2026-02-24,36500,5,45.48|50.72|54.87|62.52|69.7
148,관악구,봉천동,브라운스톤관악,1721,11620-181,11620,,1,1721,0000,42,2026-02-25,110000,3,59.67|84.41|114.98
19,관악구,봉천동,쁘띠그린힐,957-6,11620-5334,11620,,1,0957,0006,3,2020-06-15,27500,2,39.36|41.4
12,관악구,봉천동,삼성아트빌(1690-163),1690-163,11620-4027,11620,,1,1690,0163,3,2025-07-04,70000,1,101.94
14,관악구,봉천동,삼정,180-261,11620-114,11620,,1,0180,0261,5,2021-10-11,54700,2,80.28|83.09
19,관악구,봉천동,새진(1619-27),1619-27,11620-136,11620,,1,1619,0027,5,2020-05-30,49500,4,40.35|56.73|81.39|84.99
19,관악구,봉천동,새진(1653-10),1653-10,11620-140,11620,,1,1653,0010,5,2025-06-03,57000,3,43.45|77.01|83.55
19,관악구,봉천동,새진(645-0),645,11620-189,11620,,1,0645,0000,2,2020-09-08,45000,2,69.26|84.48
18,관악구,봉천동,새진3차,1618-27,11620-135,11620,,1,1618,0027,2,2025-09-02,68000,2,84.24|99.12
18,관악구,봉천동,새진4차,180-374,11620-4214,11620,,1,0180,0374,2,2020-02-08,50300,2,84.57|84.81
19,관악구,봉천동,새진5차,180-376,11620-186,11620,,1,0180,0376,2,2020-06-26,49900,1,84.93
14,관악구,봉천동,새진6차,180-381,11620-4215,11620,,1,0180,0381,7,2025-05-14,55000,5,20.25|55.62|63.69|82.74|83.03
17,관악구,봉천동,새진7차,180-380,11620-187,11620,,1,0180,0380,2,2023-04-16,81000,2,84.66|104.4
19,관악구,봉천동,새진8차,180-422,11620-188,11620,,1,0180,0422,10,2023-04-17,60000,4,80.64|83.62|84.09|84.88
26,관악구,봉천동,생모리츠타운,1574-1,11620-4356,11620,,1,1574,0001,9,2025-03-15,69000,3,64.31|67.73|84.36
84,관악구,봉천동,서울대역마에스트로,869-6,11620-4720,11620,,1,0869,0006,34,2026-01-15,36500,10,12.25|12.43|18.97|19.46|20.18|20.52|23.09|25.41|37.94|41.16
46,관악구,봉천동,서울대역해담채,867-9,11620-4818,11620,,1,0867,0009,19,2025-12-18,16500,9,12.27|12.33|12.87|13.02|13.41|14.48|15.86|16.99|19.82
75,관악구,봉천동,서울대입구역더하이브센트럴,1738,11620-6410,11620,,1,1738,0000,2,2026-02-09,74000,1,59.74
139,관악구,봉천동,서울대입구한양아이클래스,1568-1,11620-5860,11620,,1,1568,0001,58,2026-03-07,20000,5,15.53|15.96|16.4|16.58|18.09
72,관악구,봉천동,선경,1697,11620-18,11620,,1,1697,0000,12,2025-01-11,80000,2,50.49|76.5
19,관악구,봉천동,신부,457-146,11620-115,11620,,1,0457,0146,2,2026-03-26,60000,2,84.03|84.04
12,관악구,봉천동,신부파스카빌,466-1,11620-116,11620,,1,0466,0001,2,2020-08-04,62350,1,71.01
19,관악구,봉천동,신성새실마을101동,1605-1,11620-129,11620,,1,1605,0001,4,2020-12-21,69000,3,80.13|82.26|83.97
19,관악구,봉천동,신성새실마을102동,1605-39,11620-191,11620,,1,1605,0039,1,2019-07-22,59000,1,89.98
19,관악구,봉천동,신성새실마을103동,1605-40,11620-130,11620,,1,1605,0040,8,2026-02-10,84700,4,61.94|62.38|105.7|106.22
10,관악구,봉천동,신양,1511-29,11620-121,11620,,1,1511,0029,5,2025-06-10,43500,2,39.56|84.82
26,관악구,봉천동,신원메트로빌,870-13,11620-4273,11620,,1,0870,0013,10,2025-11-01,75000,2,84.6|117.08
19,관악구,봉천동,아이펠리스,179-2,11620-185,11620,,1,0179,0002,9,2024-06-01,75000,4,92.64|97.53|111.78|129.18
19,관악구,봉천동,에메랄드101동,41-253,11620-4381,11620,,1,0041,0253,2,2020-07-16,61000,1,82.86
9,관악구,봉천동,에메랄드102동,41-259,11620-4371,11620,,1,0041,0259,4,2023-10-18,63750,3,39.6|82.95|83.01
15,관악구,봉천동,에메랄드103동,41-265,11620-4353,11620,,1,0041,0265,4,2023-07-17,76000,2,60.54|83.44
15,관악구,봉천동,에메랄드104동,41-274,11620-4517,11620,,1,0041,0274,6,2023-07-18,69500,1,83.44
12,관악구,봉천동,에메랄드105동,41-261,11620-4516,11620,,1,0041,0261,4,2026-04-15,83000,1,96.59
15,관악구,봉천동,위너스이즈,1608-28,11620-4308,11620,,1,1608,0028,7,2024-10-18,52500,6,59.74|60.69|79.82|80.42|83.8|84.4
15,관악구,봉천동,은선,1594-4,11620-31,11620,,1,1594,0004,2,2026-02-27,50000,1,96.83
27,관악구,봉천동,은선파인빌,464-41,11620-106,11620,,1,0464,0041,3,2026-03-23,60000,2,74.7|92.11
18,관악구,봉천동,은천누리에뜰,622-3,11620-4396,11620,,1,0622,0003,2,2025-07-02,95000,1,131.91
19,관악구,봉천동,일동행복세상,41-346,11620-4432,11620,,1,0041,0346,4,2020-12-14,62000,2,64.66|84.93
18,관악구,봉천동,장미(917-1),917-1,11620-120,11620,,1,0917,0001,2,2020-07-14,40500,1,84.87
85,관악구,봉천동,제창그로힐,1722,11620-4230,11620,,1,1722,0000,17,2026-01-25,75000,5,78.941|81.451|81.842|81.892|82.97
13,관악구,봉천동,카후나빌,41-258,11620-4419,11620,,1,0041,0258,5,2024-10-19,59500,3,55.09|80.98|82.77
48,관악구,봉천동,캐릭터그린빌,729-24,11620-4336,11620,,1,0729,0024,9,2025-11-26,140000,4,118.88|120.54|142.47|183.4
65,관악구,봉천동,코스모블루,863-9,11620-4792,11620,,1,0863,0009,31,2026-02-09,15000,3,13.09|14.25|14.47
19,관악구,봉천동,코스코수,1616-11,11620-4362,11620,,1,1616,0011,4,2024-09-06,51500,2,67.28|75.65
11,관악구,봉천동,탑,1672-10,11620-141,11620,,1,1672,0010,7,2026-03-18,60500,5,66.28|71.56|79.1|81.72|84.7
11,관악구,봉천동,태승,24-14,11620-3965,11620,,1,0024,0014,1,2019-10-18,34000,1,72.17
18,관악구,봉천동,푸르빌2차,1618-24,11620-134,11620,,1,1618,0024,1,2021-04-22,60000,1,84.32
18,관악구,봉천동,푸르빌3차,1608-23,11620-131,11620,,1,1608,0023,6,2025-09-23,75000,4,58.19|97.2|99.36|110.19
14,관악구,봉천동,하이캐슬,1718-6,11620-192,11620,,1,1718,0006,8,2026-02-05,69000,2,84.97|85
19,관악구,봉천동,하이캐슬101동,1595-14,11620-35,11620,,1,1595,0014,3,2025-09-04,70500,3,83.34|83.48|89.38
19,관악구,봉천동,하이캐슬102동,1595-12,11620-93,11620,,1,1595,0012,1,2020-11-06,65000,1,93.72
120,관악구,봉천동,해바라기,1500,11620-26,11620,,1,1500,0000,23,2025-10-15,68000,2,49.02|49.06
138,관악구,봉천동,해태보라매타워,729-32,11620-27,11620,,1,0729,0032,36,2026-03-14,87500,3,59.94|84.04|84.33
19,관악구,봉천동,휴먼아파트A,1644-26,11620-32,11620,,1,1644,0026,2,2026-03-30,51500,2,44.01|84.08
20,관악구,봉천동,휴먼아파트B,1644-31,11620-139,11620,,1,1644,0031,1,2019-09-16,39500,1,63.29
40,관악구,사당동,관악푸르지오102동,1152,11590-3369,11620,,1,1152,0000,4,2025-08-08,115000,1,114.69
21,관악구,신림동,CLOUDAPT,1484-10,11620-5740,11620,,1,1484,0010,8,2026-04-03,47500,2,46.53|46.7
14,관악구,신림동,GS파크뷰,406-69,11620-4979,11620,,1,0406,0069,3,2024-06-24,43000,2,46.1|47.26
83,관악구,신림동,G밸리마인드,1655-17,11620-6063,11620,,1,1655,0017,23,2026-01-17,21600,2,14.96|20.06
77,관악구,신림동,LIG5차,233-11,11620-41,11620,,1,0233,0011,23,2026-02-25,78500,5,59.88|59.9|84.23|84.42|114.9
7,관악구,신림동,고흥,1568-21,11620-4047,11620,,1,1568,0021,1,2019-11-05,23000,1,71.75
120,관악구,신림동,뉴서울,739,11620-46,11620,,1,0739,0000,15,2025-10-15,59000,2,51.27|66.21
18,관악구,신림동,늘푸른,610-265,11620-4351,11620,,1,0610,0265,2,2024-12-29,36000,2,75.91|79.18
83,관악구,신림동,동마,1699,11620-47,11620,,1,1699,0000,16,2024-03-16,59500,3,59.99|76.91|78.74
31,관악구,신림동,동문,1696,11620-48,11620,,1,1696,0000,4,2021-03-02,44000,2,59.4|92.43
36,관악구,신림동,동훈CDI,551-42,11620-4565,11620,,1,0551,0042,6,2024-04-24,66000,3,71.13|81.77|84.39
114,관악구,신림동,두영,1717,11620-77,11620,,1,1717,0000,21,2026-03-07,74000,3,67.28|84.84|84.87
28,관악구,신림동,래디앙아파트,244-21,11620-5532,11620,,1,0244,0021,3,2022-06-29,62000,2,63.19|67.88
49,관악구,신림동,로마,1725,11620-99,11620,,1,1725,0000,8,2025-08-18,69500,4,61.32|76.03|77.71|79.67
39,관악구,신림동,미래,1563-85,11620-51,11620,,1,1563,0085,10,2026-03-11,55000,5,59.78|59.98|83.46|84.91|114.53
29,관악구,신림동,미래한건(1563-78),1563-78,11620-197,11620,,1,1563,0078,11,2025-05-17,44000,3,68.95|73.03|74.98
20,관악구,신림동,바라본,98-401,11620-4298,11620,,1,0098,0401,4,2021-09-27,59000,3,83.93|84.75|100.12
21,관악구,신림동,벨라루체아파트,1484-9,11620-5916,11620,,1,1484,0009,7,2026-02-19,47500,2,36.89|47.81
27,관악구,신림동,보라매스카이아파트(1739),1739,11620-5185,11620,,1,1739,0000,10,2026-03-23,70000,3,74.5|81.38|82.18
85,관악구,신림동,보라매해담채,497-5,11620-4719,11620,,1,0497,0005,86,2026-03-25,22000,2,12.89|13.23
10,관악구,신림동,산장그린,412-137,11620-72,11620,,1,0412,0137,6,2024-10-18,43700,1,71.85
18,관악구,신림동,삼성아트빌(715-32),715-32,11620-4449,11620,,1,0715,0032,8,2025-04-21,35900,6,54.62|55.53|57.37|57.47|61.21|64.21
14,관악구,신림동,삼성홈타운,412-363,11620-73,11620,,1,0412,0363,4,2022-05-04,40500,2,43.28|45.1
10,관악구,신림동,상목에버빌A,1559-15,11620-146,11620,,1,1559,0015,3,2026-03-19,56800,2,72.915|81.59
19,관악구,신림동,상목에버빌B,1559-19,11620-147,11620,,1,1559,0019,2,2026-03-26,47700,1,81.595
14,관악구,신림동,서울중앙,1684-9,11620-78,11620,,1,1684,0009,3,2021-06-01,48000,1,84.39
16,관악구,신림동,성지하우스,626-11,11620-5887,11620,,1,0626,0011,16,2019-01-14,21700,7,25.31|26.66|27.11|27.12|28.13|28.23|39.39
107,관악구,신림동,신동아,산28-9,11620-57,11620,,1,0산28,0009,26,2026-03-31,58000,1,84.3
36,관악구,신림동,신림더루나,1433-29,11620-6396,11620,,1,1433,0029,1,2024-04-30,50000,1,25.92
18,관악구,신림동,신림동이모르젠,518-19,11620-194,11620,,1,0518,0019,6,2024-09-23,59500,2,80.23|83.4
43,관악구,신림동,신림스카이아파트,1744,11620-6055,11620,,1,1744,0000,40,2024-10-21,59900,9,38.34|45.85|49.57|50.46|53.51|55.34|56.45|56.46|56.56
96,관악구,신림동,신림큐브,1421-1,11620-5276,11620,,1,1421,0001,51,2025-03-31,16000,7,12.35|12.39|12.395|12.96|13.41|13.97|17.87
120,관악구,신림동,신안,10-10,11620-59,11620,,1,0010,0010,38,2026-01-31,55000,3,53.88|55.21|56.86
15,관악구,신림동,신화아트벨리1차,587-98,11620-4238,11620,,1,0587,0098,1,2024-09-08,39500,1,62.83
15,관악구,신림동,신화아트벨리2차,587-97,11620-4300,11620,,1,0587,0097,1,2019-07-10,34500,1,68.55
149,관악구,신림동,아데나,534-1,11620-4583,11620,,1,0534,0001,61,2025-10-15,15000,4,17.94|18|18.25|18.28
32,관악구,신림동,앰팰리스아파트,1743,11620-5993,11620,,1,1743,0000,44,2025-10-16,78500,2,72.687|73.133
52,관악구,신림동,에셀비전21,1720,11620-79,11620,,1,1720,0000,6,2024-07-12,60000,1,84.64
14,관악구,신림동,월드,667-16,11620-196,11620,,1,0667,0016,3,2024-12-27,35000,1,84.8
30,관악구,신림동,웰피아,1731,11620-182,11620,,1,1731,0000,6,2024-01-13,63400,4,60.05|69.08|81.94|82.38
28,관악구,신림동,위드비엠3,538-39,11620-6068,11620,,1,0538,0039,18,2026-02-06,70000,8,22.8|33.02|37.1|37.83|38.71|38.81|51.77|63.89
40,관악구,신림동,윤정,546-7,11620-62,11620,,1,0546,0007,9,2024-08-15,50000,3,59.82|75.45|81.75
10,관악구,신림동,정성드리움,460-19,11620-4275,11620,,1,0460,0019,4,2021-04-24,42700,2,50.34|68.005
91,관악구,신림동,제창그로힐,1728,11620-105,11620,,1,1728,0000,13,2026-03-14,73000,4,59.52|72.67|79.72|84.23
19,관악구,신림동,중앙힐101동,1684-7,11620-148,11620,,1,1684,0007,4,2021-03-10,45250,2,83.84|83.85
97,관악구,신림동,지붕위애,1463-11,11620-4684,11620,,1,1463,0011,1,2022-08-16,13900,1,19.58
86,관악구,신림동,청광,1716,11620-64,11620,,1,1716,0000,19,2026-02-05,80000,3,59.91|64.63|84.8
84,관악구,신림동,청암두산위브센티움,86-3,11620-4233,11620,,1,0086,0003,28,2026-02-13,103200,7,83.64|84|84.505|98.31|99.11|124.54|125.39
62,관악구,신림동,청화,1729,11620-157,11620,,1,1729,0000,13,2025-11-30,68000,5,59.91|67|78.81|81.35|84.58
77,관악구,신림동,코스모그린,1425-4,11620-4732,11620,10200,1,1425,0004,34,2026-04-07,15000,1,12.21
19,관악구,신림동,태성,1580-3,11620-76,11620,,1,1580,0003,2,2021-03-02,46000,1,73
19,관악구,신림동,태양,1563-2,11620-4046,11620,,1,1563,0002,6,2025-05-07,22000,1,48.99
88,관악구,신림동,태영,1424-28,11620-66,11620,,1,1424,0028,36,2026-04-02,50000,5,34.56|42.24|46.08|49.92|51.84
19,관악구,신림동,파로스프라자,1738,11620-4520,11620,,1,1738,0000,2,2023-12-15,51500,1,84.17
86,관악구,신림동,푸리마타운,1639-51,11620-5091,11620,,1,1639,0051,39,2026-02-05,20000,4,12.25|12.95|13.66|17.39
73,관악구,신림동,한라타운아파트,763,11620-70,11620,,1,0763,0000,10,2025-12-28,67000,5,68.339|78.0386|79.4345|79.6586|79.7905
18,관악구,신림동,호등자이젠아파트(1665-9),1665-9,11620-4049,11620,,1,1665,0009,4,2022-08-20,59400,2,104.07|106.77
40,관악구,신림동,효림다온,1737,11620-4417,11620,,1,1737,0000,8,2025-02-20,73000,3,69.73|79.07|84.79
19,관악구,신림동,흥원,1478-37,11620-108,11620,,1,1478,0037,5,2024-12-18,55000,2,84.6|118.8
19,광진구,광장동,광장동현대Ⅰ빌라트,350-1,11215-23,11215,,1,0350,0001,4,2025-02-05,129500,1,163.79
29,광진구,광장동,광장르엣지29,530-1,11215-5187,11215,,1,0530,0001,7,2026-02-21,122992,3,61.68|71.22|73.59
9,광진구,광장동,다강리버빌,137,11215-7,11215,,1,0137,0000,4,2018-11-09,121000,2,163.65|217.58
17,광진구,광장동,동북아스위트힐(리버리치빌),118,11215-2579,11215,,1,0118,0000,8,2024-06-19,84000,1,83.61
13,광진구,광장동,동북아스위트힐아파트,107,11215-2428,11215,,1,0107,0000,8,2025-10-03,85500,2,84.63|84.64
19,광진구,광장동,연세리버빌6차,184-1,11215-9,11215,,1,0184,0001,2,2022-01-06,170000,1,174.83
15,광진구,광장동,한강현대아파트,457-24,11215-4121,11215,,1,0457,0024,4,2025-03-29,79000,4,42.42|46.38|69.84|72.96
38,광진구,광장동,현대리버빌,131-1,11215-19,11215,,1,0131,0001,7,2024-04-11,297000,2,223.92|226.75
19,광진구,광장동,흥화빌라트,188-27,11215-22,11215,,1,0188,0027,4,2025-09-30,190000,2,201.4|202.1
13,광진구,구의동,AZ0213,252-9,11215-3408,11215,,1,0252,0009,4,2025-01-18,38300,1,42.97
67,광진구,구의동,강변현대하이엘,547,11215-141,11215,,1,0547,0000,17,2025-06-24,154000,6,84.72|117.92|130.89|133.81|151.19|154.15
73,광진구,구의동,강변힐하우스,596-1,11215-3566,11215,,1,0596,0001,1,2020-08-25,14500,1,13.27
15,광진구,구의동,광남캐스빌,620-6,11215-180,11215,,1,0620,0006,3,2023-07-29,49500,2,59.78|63.03
18,광진구,구의동,광남캐스빌(198-4),198-4,11215-38,11215,,1,0198,0004,5,2026-03-09,70000,3,67.15|81.65|83.99
58,광진구,구의동,광진파크프라이빗,670,11215-4745,11215,,1,0670,0000,19,2025-11-04,81000,11,36.58|43.15|46.59|47.1|48.12|48.66|51.01|54.91|56.76|58.63|59.71
77,광진구,구의동,광진파크하우스,682,11215-5035,11215,,1,0682,0000,8,2026-02-07,64200,2,44.2079|45.5821
83,광진구,구의동,광진해모로리버뷰,547-7,11215-2776,11215,,1,0547,0007,12,2026-02-07,167000,8,90.87|93.39|109.45|121.46|131.43|132.7|134.23|135.5
62,광진구,구의동,구의동현진에버빌,660,11215-2426,11215,,1,0660,0000,13,2026-03-30,127000,2,66.062|84.997
85,광진구,구의동,구의자이르네,671,11215-4825,11215,,1,0671,0000,17,2026-03-24,117500,6,20.4314|59.7173|59.7814|59.7912|59.7915|73.6556
17,광진구,구의동,구의청정,226-12,11215-121,11215,,1,0226,0012,2,2021-09-25,50000,2,84.75|84.84
11,광진구,구의동,그레이스홈타운(101동),205-6,11215-2399,11215,,1,0205,0006,4,2026-04-01,94000,2,99.25|101.02
12,광진구,구의동,그레이스홈타운(102동),205-18,11215-2400,11215,,1,0205,0018,5,2026-03-14,98500,3,67.23|89.34|107.07
14,광진구,구의동,나크빌라트,590-7,11215-39,11215,,1,0590,0007,2,2026-03-24,132000,2,128|128.01
19,광진구,구의동,대영(1동),254-123,11215-129,11215,,1,0254,0123,4,2021-05-16,83900,3,82.51|83.7|171.66
14,광진구,구의동,데쟈뷰아파트,45-11,11215-2419,11215,,1,0045,0011,5,2025-10-02,45000,4,45.99|62.67|65.93|73.29
12,광진구,구의동,도성,235-30,11215-177,11215,,1,0235,0030,2,2025-01-09,52000,1,70
12,광진구,구의동,동우아파트,31-9,11215-3019,11215,,1,0031,0009,4,2024-04-08,62500,3,47.7|64.995|67.435
,광진구,구의동,리마크빌구의,683,11215-6170,11215,,1,0683,0000,3,2026-03-17,41950,1,19.66
18,광진구,구의동,명성,237-5,11215-104,11215,,1,0237,0005,7,2026-01-04,80000,4,44.2|64.84|78.48|110.13
11,광진구,구의동,삼성로얄,225-26,11215-176,11215,,1,0225,0026,2,2024-12-30,61300,1,84.8
10,광진구,구의동,삼성로얄아파트,16-26,11215-157,11215,,1,0016,0026,5,2025-10-10,31000,2,56.04|56.36
12,광진구,구의동,선화아파트,47-3,11215-113,11215,,1,0047,0003,3,2026-04-07,66000,3,92.51|94.37|95.76
98,광진구,구의동,성동강변파크빌101(강변타워),657,11215-28,11215,,1,0657,0000,31,2026-03-27,117000,5,59.1|59.92|77.29|84.51|84.97
19,광진구,구의동,성원쌍떼빌,29-1,11215-120,11215,,1,0029,0001,9,2025-06-17,56000,6,64.44|73.1|76.56|79.02|80.84|81.45
29,광진구,구의동,솔렌시아,251-177,11215-3558,11215,,1,0251,0177,6,2025-02-21,30000,5,30.69|31.08|31.17|31.29|33.95
29,광진구,구의동,솔렌시아2,236-25,11215-3793,11215,,1,0236,0025,17,2025-03-18,42400,6,31.13|32.77|32.87|33.17|36.91|48.82
29,광진구,구의동,스타파크,59-1,11215-4954,11215,,1,0059,0001,7,2025-11-10,79500,6,52.93|53.39|54.91|55.34|57.79|62.8
22,광진구,구의동,스타파크아파트,80-37,11215-4472,11215,,1,0080,0037,5,2026-02-03,75000,3,57.21|59.23|59.81
16,광진구,구의동,신덕하이빌,224-7,11215-139,11215,,1,0224,0007,5,2025-02-05,63000,3,78.7|83.72|84.76
18,광진구,구의동,신원빌라트,590,11215-32,11215,,1,0590,0000,1,2019-07-31,60000,1,181.44
13,광진구,구의동,아차산인앤인W클래스101동,58-26,11215-2500,11215,,1,0058,0026,5,2026-02-07,99500,3,116.36|118.81|120.79
14,광진구,구의동,아차산인앤인W클래스102동,58-25,11215-2502,11215,,1,0058,0025,7,2023-08-24,120000,5,109.63|130.17|140.87|143.17|147.59
72,광진구,구의동,아차산한라아파트,662,11215-2781,11215,,1,0662,0000,21,2026-04-09,86000,4,60.39|74.19|74.83|76.65
74,광진구,구의동,옥산그린타워,587-64,11215-4700,11215,,1,0587,0064,1,2024-10-07,11222,1,15.46
19,광진구,구의동,우남위시빌,591-29,11215-118,11215,,1,0591,0029,4,2024-07-16,83000,2,69.12|80.86
10,광진구,구의동,우신,208-52,11215-114,11215,,1,0208,0052,6,2025-02-28,48500,3,74.19|76.5|84.9
13,광진구,구의동,욱현(208-1),208-1,11215-140,11215,,1,0208,0001,4,2025-09-24,64000,3,68.09|76.49|84.84
8,광진구,구의동,욱현아파트,56-22,11215-175,11215,,1,0056,0022,1,2021-09-06,85500,1,127.76
10,광진구,구의동,은진아파트5차,57-3,11215-36,11215,,1,0057,0003,5,2025-09-13,46500,4,51.48|65.73|73.12|73.17
48,광진구,구의동,주성힐스톤,664,11215-3392,11215,,1,0664,0000,10,2025-11-30,79000,3,61.12|63.82|70.96
6,광진구,구의동,청목파크빌,560-15,11215-179,11215,,1,0560,0015,1,2019-12-16,28000,1,59.13
19,광진구,구의동,파르네빌,587-58,11215-2582,11215,,1,0587,0058,4,2026-01-29,163000,4,147.59|157.21|157.26|207.13
28,광진구,구의동,파크타운,665,11215-3742,11215,,1,0665,0000,9,2025-12-05,84800,3,55.07|59.26|59.6
12,광진구,구의동,퓨전빌,244-6,11215-105,11215,,1,0244,0006,3,2025-11-28,73000,1,83.69
19,광진구,구의동,하늘애,224-1,11215-2659,11215,,1,0224,0001,2,2019-08-07,50800,2,84.15|84.4
15,광진구,구의동,한솔아파트,56-6,11215-35,11215,,1,0056,0006,3,2020-06-22,51700,3,91.98|105.56|114.24
29,광진구,구의동,한영해시안아파트,71-6,11215-4712,11215,,1,0071,0006,10,2026-03-23,81500,3,59.8|59.93|59.97
14,광진구,구의동,해성아파트,47-23,11215-34,11215,,1,0047,0023,7,2026-02-23,61000,5,45.36|61.03|61.3|63.69|77.7
27,광진구,구의동,현대팰리스,231-18,11215-4906,11215,,1,0231,0018,11,2026-03-31,73971,10,44.87|47|59.75|67.66|73.97|78.43|78.5|78.59|79.1|83.8
56,광진구,군자동,서원힐탑,100-109,11215-40,11215,,1,0100,0109,8,2026-04-04,72000,5,59.85|59.88|59.94|84.57|84.81
72,광진구,군자동,에피소드1,355-5,11215-3445,11215,,1,0355,0005,8,2026-02-05,24000,1,17.81
36,광진구,군자동,호동,343-12,11215-43,11215,,1,0343,0012,5,2025-04-23,74000,4,72.89|75.57|80.98|82.97
14,광진구,군자동,홍익봄마을(101동),346-18,11215-138,11215,,1,0346,0018,2,2018-10-23,54000,1,84.52
9,광진구,능동,(246-11),246-11,11215-185,11215,,1,0246,0011,2,2020-10-24,57000,2,75.96|80.47
12,광진구,능동,그린,283-9,11215-143,11215,,1,0283,0009,2,2025-09-26,64500,2,76.72|82.42
43,광진구,자양동,광진하나플러스,811,11215-2401,11215,,1,0811,0000,10,2026-02-09,153000,2,84.64|84.66
82,광진구,자양동,광진하우스토리한강,813,11215-2649,11215,,1,0813,0000,44,2025-04-05,268000,2,141.54|143.36
21,광진구,자양동,그랜드아파트,636-11,11215-5120,11215,,1,0636,0011,26,2026-02-24,82000,10,35.35|39.74|41.85|45.19|48.1|48.28|49.32|55.39|59.1|59.57
17,광진구,자양동,금성,582-15,11215-1717,11215,,1,0582,0015,4,2020-12-09,65000,4,39.2|48.6|60.79|61.69
19,광진구,자양동,기산빌라트,643-19,11215-50,11215,,1,0643,0019,2,2020-07-29,102500,1,170.31
18,광진구,자양동,노블스카이,769-1,11215-135,11215,,1,0769,0001,1,2018-09-06,47000,1,76.33
14,광진구,자양동,대보아파트(798-3),798-3,11215-108,11215,,1,0798,0003,2,2025-08-13,77000,2,78.56|78.96
19,광진구,자양동,대보아파트(798-4),798-4,11215-107,11215,,1,0798,0004,4,2020-10-17,66500,3,79.4|81.46|122.08
40,광진구,자양동,대원리버빌,587-6,11215-52,11215,,1,0587,0006,8,2025-09-15,134500,1,78.8
18,광진구,자양동,대원캐슬빌,624-45,11215-3091,11215,,1,0624,0045,6,2025-03-19,67000,3,48.46|57.23|59.89
19,광진구,자양동,대종리버빌,553-314,11215-80,11215,,1,0553,0314,2,2023-08-15,71000,1,95.74
29,광진구,자양동,명성,607-31,11215-4363,11215,,1,0607,0031,8,2024-07-20,84000,3,59.02|64.84|64.85
19,광진구,자양동,스카이빌1차,767,11215-134,11215,,1,0767,0000,4,2025-11-24,73000,1,84.24
12,광진구,자양동,스카이빌2차,769-3,11215-136,11215,,1,0769,0003,1,2024-05-21,38000,1,49.53
14,광진구,자양동,신호빌라트,591-12,11215-54,11215,,1,0591,0012,4,2025-08-05,168000,1,156.48
66,광진구,자양동,우성4,578,11215-58,11215,,1,0578,0000,18,2025-10-13,140000,3,72.34|84.91|84.96
80,광진구,자양동,우성5,553-41,11215-59,11215,,1,0553,0041,25,2025-09-29,155000,1,84.72
10,광진구,자양동,유림,770-1,11215-182,11215,,1,0770,0001,4,2025-10-15,119000,3,66.93|80.36|82.9
27,광진구,자양동,자양동명진센트라임,219-11,11215-4348,11215,,1,0219,0011,14,2025-06-16,40500,3,30.49|32.2|34.25
12,광진구,자양동,자양훼밀리,678-8,11215-133,11215,,1,0678,0008,3,2021-09-18,78000,2,62.83|84.52
64,광진구,자양동,자양힐101동,810,11215-2392,11215,,1,0810,0000,16,2026-02-19,107000,4,57.31|73.24|82.75|112.32
19,광진구,자양동,진넥스빌,588-20,11215-132,11215,,1,0588,0020,4,2023-10-07,128000,1,115.24
14,광진구,자양동,청정(A),24-28,11215-115,11215,,1,0024,0028,1,2022-10-17,80000,1,69.09
14,광진구,자양동,청정(B),24-31,11215-145,11215,,1,0024,0031,2,2019-11-30,65900,2,64.98|83.46
28,광진구,자양동,태원강변,588,11215-82,11215,,1,0588,0000,1,2020-07-07,110000,1,84.81
18,광진구,자양동,태천해오름주상복합,219-31,11215-2389,11215,,1,0219,0031,4,2024-06-26,48000,1,47.05
78,광진구,자양동,테라팰리스건대2차,860,11215-4511,11215,,1,0860,0000,35,2026-04-07,128500,9,45.39|52.66|52.88|56.4|57.3|57.37|75.03|82.94|84.13
18,광진구,자양동,파라다이스리버빌,690-58,11215-69,11215,,1,0690,0058,9,2026-01-05,190000,2,153.24|185.04
19,광진구,자양동,한강로얄,498-2,11215-131,11215,,1,0498,0002,8,2025-03-17,122000,2,116.08|123.39
47,광진구,자양동,한강아남,830,11215-46,11215,,1,0830,0000,12,2025-10-14,123500,4,59.87|83.59|84.24|112.77
17,광진구,자양동,한강이레,591-13,11215-109,11215,,1,0591,0013,5,2025-08-21,80000,2,29.85|57.36
43,광진구,자양동,한영해시안,858,11215-3573,11215,,1,0858,0000,10,2026-02-07,75000,7,38.37|41.57|42.77|62.74|65.09|65.34|69.77
15,광진구,중곡동,광남캐스빌3차,646-10,11215-97,11215,,1,0646,0010,4,2025-06-05,50500,2,57.37|69.6
11,광진구,중곡동,그랑,51-31,11215-117,11215,,1,0051,0031,1,2020-04-29,45000,1,81.1
18,광진구,중곡동,그린트리,130-1,11215-122,11215,,1,0130,0001,3,2025-03-24,65000,2,84.3|84.51
11,광진구,중곡동,대광그린,120-18,11215-125,11215,,1,0120,0018,4,2024-06-01,55500,3,62.6|78.21|89.4
10,광진구,중곡동,대영(62-68),62-68,11215-146,11215,,1,0062,0068,2,2025-09-27,56700,1,84.79
10,광진구,중곡동,대영(68-6),68-6,11215-89,11215,,1,0068,0006,8,2025-03-28,40000,2,56.28|57.94
19,광진구,중곡동,대영1동,133-7,11215-174,11215,,1,0133,0007,1,2020-02-14,51000,1,84.7
19,광진구,중곡동,대영2동,133-9,11215-94,11215,,1,0133,0009,7,2024-06-15,64500,2,84.33|84.91
18,광진구,중곡동,두리,135-13,11215-126,11215,,1,0135,0013,5,2024-04-10,65000,3,71.43|82.3|83.26
12,광진구,중곡동,랜드,109-11,11215-92,11215,,1,0109,0011,2,2025-12-08,49000,2,54.3|81.66
36,광진구,중곡동,삼민,609,11215-84,11215,,1,0609,0000,8,2025-09-23,59200,4,59.4|59.94|73.56|79.14
19,광진구,중곡동,삼보글로벌101동,647-1,11215-119,11215,,1,0647,0001,3,2026-02-02,75500,2,70.88|78.84
17,광진구,중곡동,삼보글로벌102동,647-2,11215-2567,11215,,1,0647,0002,2,2025-03-12,59500,2,66.09|80.5
18,광진구,중곡동,삼보드림,107-4,11215-116,11215,,1,0107,0004,5,2025-10-17,65000,3,76.95|84.78|146.34
14,광진구,중곡동,삼성로얄,109-9,11215-123,11215,,1,0109,0009,4,2025-08-27,59000,2,65.31|84.84
12,광진구,중곡동,삼성로얄2,109-13,11215-93,11215,,1,0109,0013,2,2021-10-12,61000,2,76.38|83.01
18,광진구,중곡동,삼성로얄3,109-2,11215-91,11215,,1,0109,0002,8,2025-02-18,60000,2,77.22|83.07
18,광진구,중곡동,삼성베스트빌(31차),186-9,11215-4380,11215,,1,0186,0009,6,2026-04-09,47800,2,45.08|47.24
18,광진구,중곡동,신성그랜드타워,231-1,11215-86,11215,,1,0231,0001,5,2020-11-10,74000,3,126.81|154.08|156.03
12,광진구,중곡동,에이탑,168-1,11215-147,11215,,1,0168,0001,4,2026-01-16,57500,3,52.49|73.19|75.32
21,광진구,중곡동,엘림퍼스트중곡동,190-29,11215-4838,11215,,1,0190,0029,11,2026-04-02,69900,3,53.19|54.13|55.06
19,광진구,중곡동,예다움,110-33,11215-124,11215,,1,0110,0033,4,2023-10-14,59000,2,84.67|84.93
19,광진구,중곡동,욱현,90-18,11215-90,11215,,1,0090,0018,8,2026-03-25,61000,4,70.71|75.08|76.26|80.88
82,광진구,중곡동,욱현하이브Ⅲ,699,11215-3170,11215,,1,0699,0000,31,2026-02-07,16000,7,14.5|15.01|15.69|16.81|17.71|18.12|18.85
19,광진구,중곡동,웰빙,35-10,11215-2487,11215,,1,0035,0010,6,2025-12-27,70000,2,83.43|83.66
19,광진구,중곡동,주성AURA,130-5,11215-2782,11215,,1,0130,0005,6,2026-01-23,62700,2,67.76|67.8
150,광진구,중곡동,중곡1단지,191-77,11215-88,11215,,1,0191,0077,66,2026-03-21,60000,8,48.46|48.5|57.85|57.88|58.08|58.71|58.74|58.78
55,광진구,중곡동,중곡동광덕,683,11215-95,11215,,1,0683,0000,9,2026-03-25,66000,3,84.05|84.76|84.79
18,광진구,중곡동,진흥아르미,252-8,11215-2435,11215,,1,0252,0008,4,2024-03-04,61000,2,84.84|84.96
24,광진구,중곡동,테라팰리스중곡1,624-19,11215-4346,11215,,1,0624,0019,11,2026-02-06,74600,2,64.279|71.803
18,광진구,중곡동,한영해시안아파트,238-6,11215-4220,11215,,1,0238,0006,8,2022-07-12,49500,2,57.02|58.1
19,광진구,중곡동,호동,254-12,11215-96,11215,,1,0254,0012,5,2024-08-01,55750,1,69.36
29,광진구,화양동,(20-3),20-3,11215-3724,11215,,1,0020,0003,3,2022-08-23,12000,2,12.42|16.22
48,광진구,화양동,광진스위트엠아파트,532,11215-4808,11215,,1,0532,0000,5,2025-03-10,93000,2,84.51|84.99
99,광진구,화양동,광진청년생활,18-12,11215-5172,11215,,1,0018,0012,40,2024-06-11,35150,5,19.0747|22.935|25.2889|26.0349|30.1228
99,광진구,화양동,더메종건대,23-5,11215-4910,11215,,1,0023,0005,38,2024-06-24,27000,5,14.63|16.21|17.78|18.19|18.22
67,광진구,화양동,브라운스톤,21-2,11215-2471,11215,,1,0021,0002,38,2026-03-30,79500,4,58.24|65.09|78.44|84.99
28,광진구,화양동,신원리브웰화양동주상복합,111-88,11215-4603,11215,,1,0111,0088,10,2026-02-05,26000,2,16.92|22.56
36,광진구,화양동,위너스힐(111-89),111-89,11215-4884,11215,,1,0111,0089,22,2026-04-20,90000,8,23.67|24.147|25.585|27.199|28.865|52.04|58.05|61.215
19,광진구,화양동,캠퍼스프라자,9-91,11215-137,11215,,1,0009,0091,4,2022-05-13,49000,1,72.69
54,광진구,화양동,테라팰리스건대1차,531,11215-4578,11215,,1,0531,0000,9,2025-10-03,81000,5,39.87|56.3|67.61|68|80.19
92,광진구,화양동,화양타워,110-37,11215-98,11215,,1,0110,0037,45,2026-01-03,74000,18,13.94|13.96|14.85|15.18|15.6|15.73|15.81|15.95|16.38|16.77|17.59|18.62|19|20.69|70.75|79.87|81.13|105.04
18,구로구,가리봉동,미래하이츠,137-7,11530-143,11530,,1,0137,0007,4,2024-03-20,51000,2,84.26|96.94
96,구로구,가리봉동,효성,139,11530-46,11530,10300,1,0139,0000,34,2026-04-17,56500,2,59.94|84.87
36,구로구,개봉동,LIPe-푸른아파트,491,11530-3822,11530,,1,0491,0000,15,2026-02-14,49000,2,59.2|83.02
9,구로구,개봉동,건양,304-16,11530-93,11530,,1,0304,0016,7,2026-01-07,33800,4,29.34|56.96|74.96|75.44
10,구로구,개봉동,건양(346-33),346-33,11530-668,11530,,1,0346,0033,4,2025-03-29,30000,3,39.05|70.57|70.71
,구로구,개봉동,길훈,312-38,11530-74,11530,,1,0312,0038,37,2021-03-23,29900,7,50.4|56.7|59.56|59.57|60.54|70.66|70.67
9,구로구,개봉동,동서아파트(313-32),313-32,11530-667,11530,,1,0313,0032,1,2020-03-30,15200,1,54.54
9,구로구,개봉동,레오,304-12,11530-181,11530,,1,0304,0012,4,2020-07-18,27500,2,73.76|75.88
,구로구,개봉동,림괄,199-4,11530-78,11530,,1,0199,0004,45,2020-04-01,50000,1,55.65
10,구로구,개봉동,비젼,333-6,11530-184,11530,,1,0333,0006,3,2020-09-11,22000,2,62.25|65.73
10,구로구,개봉동,수영힐(나동),63-15,11530-3137,11530,,1,0063,0015,5,2025-03-13,35000,3,52.25|72.22|76.58
19,구로구,개봉동,신세기,306-3,11530-97,11530,10700,1,0306,0003,11,2026-04-23,51000,4,71.88|92.04|103.98|105.39
9,구로구,개봉동,신양지(가동),318-36,11530-238,11530,,1,0318,0036,2,2022-02-08,34800,1,65.53
15,구로구,개봉동,신양지(나동),318-1,11530-237,11530,,1,0318,0001,1,2020-07-10,28000,1,65.53
24,구로구,개봉동,왕궁,366-1,11530-223,11530,,1,0366,0001,7,2025-06-13,31900,1,65.46
64,구로구,개봉동,우성,469,11530-85,11530,,1,0469,0000,7,2024-01-29,42300,2,59.87|73.22
73,구로구,개봉동,율포그레이스빌,483,11530-94,11530,,1,0483,0000,28,2026-02-05,64000,2,70.31|84.78
19,구로구,개봉동,제일아파트,361-1,11530-185,11530,,1,0361,0001,6,2021-10-18,38000,6,81.7|95.43|97.3|112.9|116.5|128.5
19,구로구,개봉동,중앙힐,322-12,11530-182,11530,,1,0322,0012,6,2022-04-07,28500,2,67.44|97.78
72,구로구,개봉동,진로,479,11530-86,11530,,1,0479,0000,19,2025-08-21,39900,3,59.82|82.98|88.44
110,구로구,개봉동,창동,20-1,11530-87,11530,,1,0020,0001,16,2025-05-24,34500,3,41.76|46.08|56.46
18,구로구,개봉동,천신하이츠,333-3,11530-183,11530,,1,0333,0003,2,2020-05-13,28300,2,67.86|70.44
19,구로구,개봉동,태경하이빌,367-2,11530-186,11530,,1,0367,0002,10,2025-03-29,43500,5,60.43|72.91|78.67|82.31|84.93
30,구로구,개봉동,화신,486,11530-187,11530,,1,0486,0000,7,2025-12-03,41000,3,58.37|59.85|65.95
86,구로구,고척동,그랜드,323,11530-50,11530,,1,0323,0000,26,2026-01-27,39800,2,57.74|84.74
57,구로구,고척동,더헤리츠,352,11530-4660,11530,,1,0352,0000,6,2026-04-02,73000,2,56|66.01
170,구로구,고척동,삼명,97-3,11530-167,11530,,1,0097,0003,62,2026-01-20,40000,1,43.74
12,구로구,고척동,예인,215-3,11530-155,11530,,1,0215,0003,3,2024-05-17,31500,2,58.6|78.27
34,구로구,고척동,예주유니츠,335,11530-166,11530,,1,0335,0000,9,2024-08-10,48500,2,78.29|79.87
12,구로구,고척동,진성,215-5,11530-1694,11530,,1,0215,0005,2,2024-05-29,28000,1,60.39
12,구로구,고척동,진성그린아파트,167-102,11530-3292,11530,,1,0167,0102,5,2022-04-14,49500,2,73.54|76.06
39,구로구,고척동,하이리빙,333,11530-65,11530,,1,0333,0000,11,2025-08-12,46000,1,79.54
130,구로구,고척동,한성,227-1,11530-66,11530,,1,0227,0001,33,2026-04-08,43000,9,64.26|65.07|66.06|68.88|69.48|70.2|70.56|78.3|78.8
12,구로구,고척동,해피그린(171-21),171-21,11530-177,11530,,1,0171,0021,1,2020-06-21,38500,1,84.25
10,구로구,고척동,해피그린(171-24),172-24,11530-179,11530,,1,0172,0024,1,2019-01-14,38700,1,81.16
19,구로구,고척동,해피그린(171-31),171-31,11530-178,11530,,1,0171,0031,6,2025-04-18,45000,5,81.81|82.98|83.43|84.93|109.95
5,구로구,구로동,(716-17),716-17,11530-251,11530,,1,0716,0017,3,2022-06-19,24500,1,35.94
5,구로구,구로동,(716-22)우진빌라C,716-22,11530-254,11530,,1,0716,0022,5,2025-03-06,23000,1,48.4
5,구로구,구로동,(716-23)우진빌라1차B,716-23,11530-255,11530,,1,0716,0023,1,2018-10-08,12500,1,48.4
5,구로구,구로동,(716-25)우진빌라1차A,716-25,11530-256,11530,,1,0716,0025,3,2023-06-07,23000,2,48.4|52.8
5,구로구,구로동,(717-10),717-10,11530-258,11530,,1,0717,0010,3,2021-04-06,20900,1,45.89
5,구로구,구로동,(717-15)경원주택5동,717-15,11530-261,11530,,1,0717,0015,4,2023-06-14,29000,1,49.83
5,구로구,구로동,(717-20)한성,717-20,11530-262,11530,,1,0717,0020,4,2021-05-28,27600,1,43.28
5,구로구,구로동,(717-21)경원주택2동,717-21,11530-263,11530,,1,0717,0021,1,2025-03-01,24300,1,49.83
5,구로구,구로동,(717-22)함양주택,717-22,11530-264,11530,,1,0717,0022,4,2022-02-16,22750,1,47.83
5,구로구,구로동,(717-23)함양주택,717-23,11530-265,11530,,1,0717,0023,1,2023-08-25,22800,1,44.04
5,구로구,구로동,(717-5)미래빌라,717-5,11530-257,11530,,1,0717,0005,3,2021-10-16,30000,1,44.37
5,구로구,구로동,(718-10)옥천빌라,718-10,11530-270,11530,,1,0718,0010,2,2023-09-11,30000,1,50.04
5,구로구,구로동,(718-11)경원주택6동,718-11,11530-271,11530,,1,0718,0011,3,2021-09-15,26000,1,44.55
5,구로구,구로동,(718-12)부국주택,718-12,11530-272,11530,,1,0718,0012,3,2023-08-25,22700,1,42.96
5,구로구,구로동,(718-17)문화아트빌라,718-17,11530-274,11530,,1,0718,0017,1,2019-08-09,15300,1,47.37
9,구로구,구로동,(718-18)삼성빌라트,718-18,11530-275,11530,10200,1,0718,0018,2,2026-04-14,25300,2,44.55|54.16
5,구로구,구로동,(718-22),718-22,11530-276,11530,,1,0718,0022,6,2025-03-10,23000,1,50.26
5,구로구,구로동,(718-24)경원주택,718-24,11530-278,11530,,1,0718,0024,1,2020-08-26,17000,1,51.45
5,구로구,구로동,(718-28),718-28,11530-279,11530,,1,0718,0028,1,2020-01-02,18500,1,51.08
6,구로구,구로동,(718-29)청원아트빌라,718-29,11530-280,11530,,1,0718,0029,2,2020-08-05,15400,1,49.8
5,구로구,구로동,(739-19),739-19,11530-286,11530,,1,0739,0019,5,2025-09-19,26000,3,35.19|38.07|73.26
5,구로구,구로동,(739-29),739-29,11530-287,11530,,1,0739,0029,7,2023-04-10,26000,1,47.95
5,구로구,구로동,(739-43),739-43,11530-288,11530,,1,0739,0043,3,2020-11-28,21000,2,44.16|53.52
10,구로구,구로동,(740-11),740-11,11530-295,11530,,1,0740,0011,1,2022-05-28,25000,1,42.66
5,구로구,구로동,(740-21),740-21,11530-297,11530,,1,0740,0021,1,2021-06-18,20500,1,31.62
8,구로구,구로동,(740-23),740-23,11530-298,11530,,1,0740,0023,4,2020-11-01,13000,3,37.94|37.95|38.69
5,구로구,구로동,(740-24),740-24,11530-299,11530,,1,0740,0024,7,2025-08-07,19500,1,34.6
10,구로구,구로동,(740-33),740-33,11530-303,11530,,1,0740,0033,1,2020-01-10,12000,1,55.63
9,구로구,구로동,(740-42),740-42,11530-305,11530,,1,0740,0042,2,2020-12-31,26500,1,58.25
5,구로구,구로동,(740-56),740-56,11530-306,11530,,1,0740,0056,1,2020-06-28,18850,1,59.94
5,구로구,구로동,(740-7),740-7,11530-293,11530,,1,0740,0007,6,2024-03-12,23400,1,35.1
10,구로구,구로동,(741-7),741-7,11530-312,11530,,1,0741,0007,1,2020-02-20,13000,1,34.12
10,구로구,구로동,(742-57),742-57,11530-314,11530,,1,0742,0057,12,2025-09-11,22500,2,21.6|39.84
5,구로구,구로동,(742-58),742-58,11530-315,11530,,1,0742,0058,1,2020-11-10,11000,1,26.63
10,구로구,구로동,(742-64),742-64,11530-318,11530,,1,0742,0064,3,2021-05-29,22000,2,40.68|46.98
5,구로구,구로동,(742-66),742-66,11530-319,11530,,1,0742,0066,2,2020-03-12,18300,1,59.52
5,구로구,구로동,(742-68),742-68,11530-320,11530,,1,0742,0068,1,2020-10-20,10100,1,44.04
15,구로구,구로동,(743-10),743-10,11530-325,11530,,1,0743,0010,4,2023-12-20,26500,3,37.26|43.5|49.5
5,구로구,구로동,(743-18),743-18,11530-327,11530,,1,0743,0018,3,2020-02-20,10000,1,30.36
5,구로구,구로동,(743-19),743-19,11530-328,11530,,1,0743,0019,2,2023-10-11,22000,1,59.76
10,구로구,구로동,(743-26),743-26,11530-331,11530,,1,0743,0026,3,2025-11-15,23900,2,55.68|57.66
10,구로구,구로동,(743-27),743-27,11530-332,11530,,1,0743,0027,4,2023-09-08,21500,2,28.47|59.56
5,구로구,구로동,(743-31),743-31,11530-333,11530,,1,0743,0031,3,2025-06-07,19500,1,44.8
10,구로구,구로동,(743-32),743-32,11530-334,11530,,1,0743,0032,1,2021-04-20,17000,1,59.94
5,구로구,구로동,(743-33),743-33,11530-335,11530,,1,0743,0033,1,2021-09-03,27200,1,58.89
5,구로구,구로동,(743-35),743-35,11530-337,11530,,1,0743,0035,1,2025-09-01,20000,1,59.79
5,구로구,구로동,(743-37),743-37,11530-339,11530,,1,0743,0037,4,2023-04-14,22700,1,51.6
5,구로구,구로동,(743-39),743-39,11530-341,11530,,1,0743,0039,2,2025-05-26,20000,1,54.92
5,구로구,구로동,(743-5),743-5,11530-322,11530,,1,0743,0005,2,2021-10-23,25000,1,54.99
5,구로구,구로동,(743-52),743-52,11530-343,11530,,1,0743,0052,1,2024-03-19,24100,1,59.7
5,구로구,구로동,(743-55),743-55,11530-344,11530,10200,1,0743,0055,2,2026-04-11,23100,1,58.05
5,구로구,구로동,(743-6),743-6,11530-323,11530,,1,0743,0006,2,2020-12-26,18700,1,41.35
5,구로구,구로동,(743-60),743-60,11530-345,11530,,1,0743,0060,4,2023-05-24,30000,1,59.76
5,구로구,구로동,(743-72),743-72,11530-346,11530,,1,0743,0072,1,2022-03-06,28000,1,58.3
10,구로구,구로동,(743-8),743-8,11530-324,11530,,1,0743,0008,2,2020-10-19,13300,2,38.76|44.08
5,구로구,구로동,(744-13),744-13,11530-351,11530,,1,0744,0013,2,2021-08-12,24700,1,48.2
5,구로구,구로동,(744-14),744-14,11530-352,11530,,1,0744,0014,3,2021-06-08,25500,2,56.22|58.06
10,구로구,구로동,(744-15),744-15,11530-353,11530,,1,0744,0015,5,2023-10-11,28000,1,45.45
10,구로구,구로동,(744-16),744-16,11530-354,11530,,1,0744,0016,3,2023-01-13,28000,1,57.81
5,구로구,구로동,(744-18),744-18,11530-355,11530,,1,0744,0018,3,2025-08-26,19000,1,37.9
10,구로구,구로동,(744-19),744-19,11530-356,11530,,1,0744,0019,3,2026-02-26,21300,1,45.64
5,구로구,구로동,(744-21),744-21,11530-357,11530,,1,0744,0021,2,2023-01-10,16000,1,33.8
5,구로구,구로동,(744-23),744-23,11530-358,11530,,1,0744,0023,3,2022-01-03,24500,1,51.27
10,구로구,구로동,(744-3),744-3,11530-347,11530,,1,0744,0003,8,2024-10-18,19000,1,38.81
5,구로구,구로동,(744-45),744-45,11530-359,11530,,1,0744,0045,2,2025-08-07,16000,1,26.61
10,구로구,구로동,(744-5),744-5,11530-348,11530,,1,0744,0005,1,2022-03-05,29000,1,58.96
10,구로구,구로동,(745-14),745-14,11530-365,11530,,1,0745,0014,4,2025-03-21,16800,1,43.34
10,구로구,구로동,(745-15),745-15,11530-366,11530,,1,0745,0015,1,2020-03-05,17300,1,53.43
5,구로구,구로동,(745-38),745-38,11530-370,11530,,1,0745,0038,2,2021-02-01,23000,2,57.42|58.03
5,구로구,구로동,(745-40),745-40,11530-372,11530,,1,0745,0040,3,2025-10-03,24000,1,54.65
5,구로구,구로동,(745-43),745-43,11530-373,11530,,1,0745,0043,3,2023-12-11,20700,2,48.12|56.52
5,구로구,구로동,(745-57),745-57,11530-375,11530,,1,0745,0057,5,2024-04-24,23000,1,35.46
10,구로구,구로동,(745-60),745-60,11530-376,11530,,1,0745,0060,5,2025-09-05,20900,1,43.42
5,구로구,구로동,(746-14),746-14,11530-387,11530,,1,0746,0014,1,2020-11-18,20400,1,49.64
10,구로구,구로동,(746-17),746-17,11530-388,11530,,1,0746,0017,2,2020-05-13,13200,1,34.47
10,구로구,구로동,(746-3),746-3,11530-383,11530,,1,0746,0003,6,2022-05-29,30000,1,53.1
5,구로구,구로동,(747-10),747-10,11530-390,11530,,1,0747,0010,3,2021-12-03,24300,1,49.2
10,구로구,구로동,(747-19),747-19,11530-392,11530,,1,0747,0019,3,2020-11-30,19000,2,42.32|46.84
5,구로구,구로동,(747-26),747-26,11530-393,11530,,1,0747,0026,3,2026-03-21,18000,1,45.76
10,구로구,구로동,(747-33),747-33,11530-394,11530,,1,0747,0033,5,2023-09-16,25000,1,47.32
10,구로구,구로동,(747-34),747-34,11530-395,11530,,1,0747,0034,4,2023-08-04,21600,1,49.11
10,구로구,구로동,(747-35),747-35,11530-396,11530,,1,0747,0035,15,2025-09-03,25900,1,50.52
10,구로구,구로동,(747-51),747-51,11530-397,11530,,1,0747,0051,5,2025-03-19,24500,2,48.87|49.59
10,구로구,구로동,(747-52),747-52,11530-398,11530,,1,0747,0052,3,2021-06-19,27000,1,46.53
10,구로구,구로동,(747-53),747-53,11530-399,11530,,1,0747,0053,4,2023-02-22,25000,2,47.34|48.06
10,구로구,구로동,(748-20),748-20,11530-403,11530,,1,0748,0020,5,2025-01-02,22800,1,46.98
10,구로구,구로동,(748-32),748-32,11530-406,11530,,1,0748,0032,2,2025-06-04,23000,1,44.46
5,구로구,구로동,(748-48),748-48,11530-408,11530,,1,0748,0048,2,2021-11-03,29000,1,59.8
15,구로구,구로동,(748-5),748-5,11530-400,11530,,1,0748,0005,5,2020-12-04,21000,2,53.46|54.18
5,구로구,구로동,(748-51),748-51,11530-409,11530,,1,0748,0051,1,2020-10-14,22900,1,59.68
5,구로구,구로동,(749-1),749-1,11530-410,11530,,1,0749,0001,1,2025-05-28,12000,1,28.11
5,구로구,구로동,(749-21),749-21,11530-418,11530,,1,0749,0021,1,2019-10-10,14200,1,50.58
5,구로구,구로동,(749-29),749-29,11530-419,11530,,1,0749,0029,4,2024-09-02,25000,2,44.61|45.45
5,구로구,구로동,(749-30),749-30,11530-420,11530,,1,0749,0030,5,2023-06-07,25000,1,50.44
5,구로구,구로동,(749-39),749-39,11530-422,11530,,1,0749,0039,2,2020-12-22,23000,1,57.79
5,구로구,구로동,(749-4),749-4,11530-411,11530,,1,0749,0004,2,2023-02-25,22000,1,45.95
5,구로구,구로동,(749-44),749-44,11530-424,11530,,1,0749,0044,3,2021-12-27,24500,1,37.47
9,구로구,구로동,(749-46),749-46,11530-425,11530,,1,0749,0046,11,2025-06-25,22800,2,35.31|38.43
8,구로구,구로동,(749-48),749-48,11530-426,11530,,1,0749,0048,1,2019-04-22,11000,1,33.48
10,구로구,구로동,(749-49),749-49,11530-427,11530,,1,0749,0049,2,2023-04-07,20000,1,36.66
5,구로구,구로동,(749-5),749-5,11530-412,11530,,1,0749,0005,3,2021-03-23,26000,1,55.44
5,구로구,구로동,(749-57),749-57,11530-429,11530,,1,0749,0057,3,2020-11-14,22000,1,50.64
5,구로구,구로동,(749-8),749-8,11530-414,11530,,1,0749,0008,6,2024-01-04,25500,1,45.09
5,구로구,구로동,(749-96),749-96,11530-1197,11530,,1,0749,0096,1,2020-03-19,23700,1,81.9
10,구로구,구로동,(749-99),749-99,11530-1198,11530,,1,0749,0099,4,2025-04-04,18950,1,46.47
10,구로구,구로동,(750-13),750-13,11530-432,11530,,1,0750,0013,4,2020-12-10,12900,1,38.67
10,구로구,구로동,(750-15),750-15,11530-433,11530,,1,0750,0015,4,2023-04-01,19500,2,49.56|50.34
10,구로구,구로동,(750-6),750-6,11530-1200,11530,,1,0750,0006,2,2022-03-24,25500,1,49.08
5,구로구,구로동,(750-7),750-7,11530-430,11530,,1,0750,0007,5,2022-05-11,19500,1,45
5,구로구,구로동,(750-8),750-8,11530-431,11530,,1,0750,0008,2,2025-08-15,20000,1,40.88
5,구로구,구로동,(751-3),751-3,11530-434,11530,,1,0751,0003,6,2025-05-22,23500,1,35.04
5,구로구,구로동,(751-37),751-37,11530-443,11530,,1,0751,0037,3,2023-03-28,18900,1,47.2
5,구로구,구로동,(751-4),751-4,11530-435,11530,,1,0751,0004,2,2025-01-02,11000,1,25.14
10,구로구,구로동,(751-5),751-5,11530-436,11530,,1,0751,0005,1,2022-11-08,28000,1,53.45
5,구로구,구로동,(752-10),752-10,11530-446,11530,,1,0752,0010,6,2024-04-03,9000,1,25.53
10,구로구,구로동,(752-13),752-13,11530-448,11530,,1,0752,0013,2,2021-07-04,12000,2,33.42|33.51
5,구로구,구로동,(752-15),752-15,11530-449,11530,,1,0752,0015,7,2025-04-29,15000,1,24.05
5,구로구,구로동,(752-17),752-17,11530-450,11530,,1,0752,0017,5,2025-10-12,18800,2,33.56|34.38
5,구로구,구로동,(752-19),752-19,11530-451,11530,,1,0752,0019,3,2026-03-24,23000,1,59.76
15,구로구,구로동,(752-37),752-37,11530-454,11530,,1,0752,0037,4,2025-03-22,24000,2,27.29|56.15
5,구로구,구로동,(752-45),752-45,11530-457,11530,,1,0752,0045,1,2020-10-14,15000,1,59.63
10,구로구,구로동,(752-6),752-6,11530-444,11530,,1,0752,0006,7,2021-01-08,22500,2,28.56|32.62
10,구로구,구로동,(768-2),768-2,11530-459,11530,,1,0768,0002,2,2024-07-16,17000,2,33.29|40.41
5,구로구,구로동,(770-16),770-16,11530-462,11530,,1,0770,0016,1,2019-03-15,17000,1,59.88
5,구로구,구로동,(770-29),770-29,11530-465,11530,,1,0770,0029,1,2020-11-20,17400,1,55.53
5,구로구,구로동,(770-37),770-37,11530-466,11530,,1,0770,0037,1,2018-06-14,13500,1,38.86
5,구로구,구로동,(770-4),770-4,11530-460,11530,,1,0770,0004,2,2023-02-28,18300,1,48.96
7,구로구,구로동,(770-40),770-40,11530-468,11530,,1,0770,0040,2,2021-04-29,22000,1,46.56
5,구로구,구로동,(770-50),770-50,11530-470,11530,,1,0770,0050,4,2021-06-28,30000,1,43.77
5,구로구,구로동,(770-52),770-52,11530-471,11530,,1,0770,0052,3,2021-11-19,24000,1,38.92
5,구로구,구로동,(770-54),770-54,11530-472,11530,,1,0770,0054,3,2024-11-22,18500,1,45.6
5,구로구,구로동,(770-56),770-56,11530-473,11530,,1,0770,0056,1,2020-11-16,20000,1,54.27
5,구로구,구로동,(770-59),770-59,11530-474,11530,,1,0770,0059,2,2021-01-05,21000,1,44.46
5,구로구,구로동,(770-8),770-8,11530-461,11530,,1,0770,0008,3,2026-02-04,23000,1,49.88
10,구로구,구로동,(771-1),771-1,11530-475,11530,,1,0771,0001,2,2018-05-29,16000,2,20.7|50.22
19,구로구,구로동,(771-2),771-2,11530-476,11530,,1,0771,0002,11,2023-03-09,31000,4,48.14|53.04|58.11|59.42
5,구로구,구로동,(771-28),771-28,11530-479,11530,,1,0771,0028,1,2019-10-30,15500,1,44.97
5,구로구,구로동,(771-30),771-30,11530-480,11530,,1,0771,0030,5,2023-04-17,15700,1,30.48
19,구로구,구로동,(777-3)두암호은리버빌,777-3,11530-482,11530,,1,0777,0003,10,2025-03-03,33000,4,54.02|54.38|54.48|54.53
10,구로구,구로동,(779-13),779-13,11530-485,11530,,1,0779,0013,3,2025-08-28,19500,1,27.69
10,구로구,구로동,(779-2),779-2,11530-483,11530,,1,0779,0002,4,2025-10-19,17500,2,29.38|35.63
5,구로구,구로동,(779-26),779-26,11530-487,11530,,1,0779,0026,2,2025-09-20,23000,1,33.32
8,구로구,구로동,(779-3),779-3,11530-484,11530,,1,0779,0003,2,2025-11-18,18000,1,35.59
10,구로구,구로동,(780-31),780-31,11530-496,11530,,1,0780,0031,8,2021-12-20,23500,2,36.48|43.68
10,구로구,구로동,(780-41),780-41,11530-497,11530,,1,0780,0041,4,2026-03-30,32000,1,58.95
5,구로구,구로동,(780-48),780-48,11530-500,11530,,1,0780,0048,2,2023-12-13,18000,1,42.97
10,구로구,구로동,(780-50),780-50,11530-501,11530,,1,0780,0050,9,2025-05-08,30500,2,21.81|50.34
5,구로구,구로동,(780-58),780-58,11530-503,11530,,1,0780,0058,10,2024-07-19,23000,1,33.52
5,구로구,구로동,(780-60),780-60,11530-504,11530,,1,0780,0060,2,2020-10-23,13500,1,40.83
10,구로구,구로동,(780-62),780-62,11530-505,11530,,1,0780,0062,8,2025-09-30,21000,1,39.36
10,구로구,구로동,(780-67)우정빌라,780-67,11530-506,11530,,1,0780,0067,4,2025-12-13,25000,2,45.09|46.08
5,구로구,구로동,(780-72)삼익빌라,780-72,11530-507,11530,,1,0780,0072,1,2024-01-15,25000,1,58.14
4,구로구,구로동,(780-86),780-86,11530-509,11530,,1,0780,0086,5,2023-09-26,22000,1,35.55
10,구로구,구로동,(781-12),781-12,11530-512,11530,,1,0781,0012,6,2021-03-13,23000,1,50.32
10,구로구,구로동,(781-26),781-26,11530-513,11530,,1,0781,0026,7,2021-12-14,27600,2,39.36|50.55
10,구로구,구로동,(781-6),781-6,11530-511,11530,,1,0781,0006,2,2020-11-03,17000,2,40.86|49.26
5,구로구,구로동,(791-13)우리빌라,791-13,11530-519,11530,,1,0791,0013,1,2018-10-15,17700,1,59.96
5,구로구,구로동,(791-16),791-16,11530-520,11530,,1,0791,0016,2,2025-09-30,20000,1,38.73
17,구로구,구로동,(791-2)태영빌라,791-2,11530-514,11530,,1,0791,0002,2,2020-06-15,20000,2,58.58|59.32
5,구로구,구로동,(791-21)태영빌라,791-21,11530-523,11530,,1,0791,0021,6,2022-07-18,24500,1,31.96
5,구로구,구로동,(791-4),791-4,11530-515,11530,,1,0791,0004,5,2025-07-28,25000,1,44.1
10,구로구,구로동,(791-62),791-62,11530-527,11530,,1,0791,0062,5,2025-06-27,21500,2,32.91|36.75
5,구로구,구로동,(792-10),792-10,11530-531,11530,,1,0792,0010,2,2018-09-30,16200,1,56.18
5,구로구,구로동,(792-102),792-102,11530-549,11530,,1,0792,0102,1,2025-05-17,11000,1,29.01
8,구로구,구로동,(792-103),792-103,11530-550,11530,,1,0792,0103,2,2021-12-22,25000,2,27|31.41
5,구로구,구로동,(792-17),792-17,11530-533,11530,,1,0792,0017,2,2020-10-08,15000,1,43.36
5,구로구,구로동,(792-2),792-2,11530-528,11530,,1,0792,0002,3,2026-01-05,29000,1,53.82
10,구로구,구로동,(792-54),792-54,11530-539,11530,,1,0792,0054,8,2024-02-29,23500,1,32.47
8,구로구,구로동,(792-6),792-6,11530-529,11530,,1,0792,0006,5,2026-01-17,22000,2,28.84|41.42
10,구로구,구로동,(792-78),792-78,11530-543,11530,,1,0792,0078,8,2022-04-06,25000,1,45.69
10,구로구,구로동,(792-86),792-86,11530-545,11530,,1,0792,0086,5,2022-07-11,23000,1,47.5
10,구로구,구로동,(792-9),792-9,11530-530,11530,,1,0792,0009,7,2024-04-29,20000,3,45.18|47.19|51.03
5,구로구,구로동,(792-98),792-98,11530-547,11530,,1,0792,0098,1,2019-09-21,10900,1,32.13
5,구로구,구로동,(793-13),793-13,11530-554,11530,,1,0793,0013,1,2019-11-20,14900,1,42.49
5,구로구,구로동,(793-16),793-16,11530-555,11530,,1,0793,0016,5,2020-10-22,10000,1,27.62
5,구로구,구로동,(793-24),793-24,11530-556,11530,,1,0793,0024,7,2022-06-18,22900,1,36.31
5,구로구,구로동,(793-44),793-44,11530-560,11530,,1,0793,0044,6,2025-05-22,23000,1,33.84
5,구로구,구로동,(793-46),793-46,11530-561,11530,,1,0793,0046,3,2022-04-21,19800,1,41.37
9,구로구,구로동,(793-54),793-54,11530-562,11530,,1,0793,0054,5,2025-05-20,24000,2,31.4|34.03
5,구로구,구로동,(794-12),794-12,11530-564,11530,,1,0794,0012,2,2025-07-11,21000,1,55.02
5,구로구,구로동,(794-13),794-13,11530-565,11530,,1,0794,0013,2,2025-09-23,25500,1,59.92
10,구로구,구로동,(794-17),794-17,11530-566,11530,,1,0794,0017,7,2022-11-08,24000,1,38.96
5,구로구,구로동,(794-22),794-22,11530-568,11530,,1,0794,0022,3,2025-09-22,21800,1,59.3
10,구로구,구로동,(796-11),796-11,11530-576,11530,,1,0796,0011,3,2025-09-16,23000,1,48.12
5,구로구,구로동,(796-12),796-12,11530-577,11530,,1,0796,0012,3,2025-07-08,26000,1,46.96
5,구로구,구로동,(796-13),796-13,11530-578,11530,,1,0796,0013,4,2021-09-28,24500,1,44.32
5,구로구,구로동,(796-14),796-14,11530-579,11530,,1,0796,0014,2,2021-03-25,26000,1,49.84
5,구로구,구로동,(796-16),796-16,11530-580,11530,,1,0796,0016,6,2023-05-29,26000,1,42.56
5,구로구,구로동,(796-25),796-25,11530-582,11530,,1,0796,0025,5,2025-05-19,20500,1,45.48
5,구로구,구로동,(796-26),796-26,11530-583,11530,,1,0796,0026,1,2020-11-07,16000,1,50.51
5,구로구,구로동,(796-3),796-3,11530-575,11530,,1,0796,0003,1,2018-10-10,8500,1,37.53
5,구로구,구로동,(796-39)중앙빌라,796-39,11530-589,11530,,1,0796,0039,2,2020-03-04,17450,1,52.05
5,구로구,구로동,(796-51),796-51,11530-590,11530,,1,0796,0051,1,2023-04-13,13000,1,59.96
5,구로구,구로동,(796-65)삼성주택,796-65,11530-594,11530,,1,0796,0065,4,2022-04-20,24000,1,44
9,구로구,구로동,(797-15),797-15,11530-600,11530,,1,0797,0015,1,2020-02-26,16000,1,55.44
10,구로구,구로동,(797-19),797-19,11530-601,11530,,1,0797,0019,4,2022-09-28,22500,1,35.58
5,구로구,구로동,(797-22),797-22,11530-602,11530,,1,0797,0022,9,2025-09-09,22000,1,42.48
10,구로구,구로동,(797-25),797-25,11530-604,11530,,1,0797,0025,2,2022-05-21,19900,1,37.08
5,구로구,구로동,(797-26),797-26,11530-605,11530,,1,0797,0026,6,2025-08-05,23500,1,35.52
5,구로구,구로동,(797-37),797-37,11530-606,11530,,1,0797,0037,1,2023-06-12,30000,1,55.23
10,구로구,구로동,(797-38),797-38,11530-607,11530,,1,0797,0038,2,2020-11-05,9500,1,21.92
5,구로구,구로동,(797-43),797-43,11530-609,11530,,1,0797,0043,4,2025-04-24,21150,1,51.04
10,구로구,구로동,(797-5),797-5,11530-596,11530,,1,0797,0005,5,2024-04-19,22300,1,33.12
5,구로구,구로동,(797-57),797-57,11530-610,11530,,1,0797,0057,2,2025-05-22,25000,1,54.99
5,구로구,구로동,(798-18)봉일주택,798-18,11530-614,11530,,1,0798,0018,1,2025-06-17,20000,1,54.34
10,구로구,구로동,(798-21),798-21,11530-615,11530,,1,0798,0021,20,2022-09-28,23500,2,34.92|40.68
10,구로구,구로동,(798-22),798-22,11530-1379,11530,,1,0798,0022,9,2022-07-15,25500,1,44.84
10,구로구,구로동,(798-24),798-24,11530-616,11530,,1,0798,0024,3,2024-02-27,19000,1,49.03
10,구로구,구로동,(798-27),798-27,11530-618,11530,,1,0798,0027,2,2020-11-06,12400,1,35.55
10,구로구,구로동,(798-55),798-55,11530-619,11530,,1,0798,0055,1,2020-09-16,8850,1,25.55
10,구로구,구로동,(799-11),799-11,11530-626,11530,,1,0799,0011,12,2024-03-04,23500,1,35.58
5,구로구,구로동,(800-29),800-29,11530-248,11530,,1,0800,0029,1,2024-07-02,16000,1,29.58
19,구로구,구로동,(803-13)구로아트빌라8,803-13,11530-635,11530,,1,0803,0013,2,2024-12-20,20000,1,59.44
10,구로구,구로동,(803-29),803-29,11530-636,11530,,1,0803,0029,4,2021-06-10,22500,1,49.82
5,구로구,구로동,(805-16),805-16,11530-639,11530,,1,0805,0016,3,2025-08-15,29000,1,60.6
4,구로구,구로동,(806-14),806-14,11530-641,11530,,1,0806,0014,2,2022-01-04,17000,1,31.81
9,구로구,구로동,(806-15),806-15,11530-642,11530,,1,0806,0015,1,2020-07-29,20000,1,60.03
10,구로구,구로동,(806-41)가람빌라,806-41,11530-645,11530,,1,0806,0041,1,2020-02-10,13500,1,49.92
5,구로구,구로동,(806-46)돌담,806-46,11530-646,11530,,1,0806,0046,1,2020-11-27,20000,1,59.86
10,구로구,구로동,(806-63)태영빌라,806-63,11530-650,11530,,1,0806,0063,4,2024-06-27,26800,1,53.425
10,구로구,구로동,(807-1),807-1,11530-654,11530,,1,0807,0001,4,2026-01-15,16300,2,26.67|35.28
10,구로구,구로동,(807-16),807-16,11530-657,11530,,1,0807,0016,2,2021-07-03,29500,1,59.93
10,구로구,구로동,(807-21),807-21,11530-660,11530,,1,0807,0021,3,2020-09-29,15900,2,22.68|55.68
10,구로구,구로동,(807-23),807-23,11530-661,11530,,1,0807,0023,5,2024-02-26,18700,1,39.81
8,구로구,구로동,(807-26),807-26,11530-662,11530,,1,0807,0026,2,2020-11-06,20000,1,70.16
5,구로구,구로동,(807-29),807-29,11530-664,11530,,1,0807,0029,5,2022-04-19,20000,1,27.9
10,구로구,구로동,(807-30),807-30,11530-665,11530,,1,0807,0030,2,2021-06-29,28500,1,53.33
9,구로구,구로동,(807-37),807-37,11530-1407,11530,,1,0807,0037,14,2025-10-01,27000,1,31.11
5,구로구,구로동,800-19,800-19,11530-245,11530,,1,0800,0019,3,2025-06-26,18000,1,49.98
5,구로구,구로동,800-22,800-22,11530-246,11530,,1,0800,0022,3,2019-09-20,14500,1,46.41
5,구로구,구로동,800-27,800-27,11530-247,11530,,1,0800,0027,3,2021-06-14,22000,1,37.98
5,구로구,구로동,800-30,800-30,11530-249,11530,,1,0800,0030,2,2020-12-01,19500,1,46.95
6,구로구,구로동,801-14,801-14,11530-632,11530,,1,0801,0014,2,2021-01-26,18000,2,21.6|42.66
9,구로구,구로동,801-9,801-9,11530-631,11530,,1,0801,0009,7,2025-02-27,21600,2,42.78|42.84
5,구로구,구로동,807-41,807-41,11530-1408,11530,,1,0807,0041,1,2018-04-09,18850,1,59.8
19,구로구,구로동,M센트럴뷰,487-24,11530-4404,11530,,1,0487,0024,15,2024-05-30,54900,4,48.61|49.29|49.9|53.03
42,구로구,구로동,SR친오애,97-5,11530-3397,11530,,1,0097,0005,16,2026-03-03,60000,2,84.961|84.973
10,구로구,구로동,경성B,779-65,11530-490,11530,,1,0779,0065,5,2025-06-14,18000,2,40.87|44.34
5,구로구,구로동,경성빌라,792-99,11530-548,11530,,1,0792,0099,1,2020-11-16,19500,1,51.88
10,구로구,구로동,경성아파트,779-64,11530-489,11530,,1,0779,0064,2,2020-12-28,25800,1,59.94
10,구로구,구로동,계영주택(738-27),738-27,11530-282,11530,,1,0738,0027,1,2020-01-03,14200,1,48.42
5,구로구,구로동,계영주택(746-49),746-49,11530-389,11530,,1,0746,0049,1,2021-03-05,23000,1,59.88
13,구로구,구로동,골드마인(나동),317-213,11530-173,11530,,1,0317,0213,5,2023-11-19,52000,3,48.72|81.36|82.62
10,구로구,구로동,구로궁전빌리지(771-42),771-42,11530-481,11530,,1,0771,0042,1,2024-10-25,23000,1,59.4
18,구로구,구로동,구로아트빌라3동,806-9,11530-640,11530,,1,0806,0009,5,2025-06-29,31000,1,59.94
15,구로구,구로동,구로아트빌라4동(806-33),806-33,11530-644,11530,,1,0806,0033,5,2026-01-13,33000,2,59.89|59.93
14,구로구,구로동,구로아트빌라5동(806-29),806-29,11530-643,11530,,1,0806,0029,4,2022-06-01,32800,2,59.8|59.91
19,구로구,구로동,구로아트빌라9,804-4,11530-637,11530,,1,0804,0004,8,2025-12-26,30000,1,59.89
92,구로구,구로동,구로에스케이뷰,567-4,11530-3229,11530,,1,0567,0004,32,2026-02-23,85000,2,84.945|84.999
10,구로구,구로동,궁전아트빌라,740-29,11530-302,11530,,1,0740,0029,5,2025-10-17,15600,2,36.9|39.03
54,구로구,구로동,그린플러스구로해담채2,104-6,11530-3700,11530,,1,0104,0006,34,2026-03-04,13000,1,13.23
46,구로구,구로동,근상프리즘,1283,11530-3289,11530,,1,1283,0000,12,2023-09-25,64500,3,78.88|84.74|84.96
10,구로구,구로동,낙원빌라,791-22,11530-524,11530,,1,0791,0022,1,2020-12-11,20500,1,58.7
19,구로구,구로동,남촌홈타운(730-2),730-2,11530-281,11530,,1,0730,0002,5,2024-05-07,40000,5,65.71|68.36|72.26|80.45|81.98
19,구로구,구로동,다원그린빌,685-154,11530-5,11530,,1,0685,0154,8,2023-01-13,94000,1,114.84
5,구로구,구로동,대길B,799-5,11530-622,11530,,1,0799,0005,3,2025-03-31,19400,1,33.26
5,구로구,구로동,대림빌라,807-2,11530-655,11530,,1,0807,0002,3,2020-10-14,20500,1,50.16
96,구로구,구로동,대림역와이즈플레이스,98-4,11530-3641,11530,,1,0098,0004,44,2026-01-05,33000,4,24.009|24.611|24.647|44.591
175,구로구,구로동,대림역포스큐,106-2,11530-3957,11530,,1,0106,0002,71,2026-04-21,17000,3,14.579|15.975|16.819
39,구로구,구로동,대림오페라타워,98,11530-6,11530,,1,0098,0000,20,2025-08-30,51500,6,73.82|85.61|88.29|96.4|96.41|99.09
118,구로구,구로동,대림우성2,120,11530-7,11530,,1,0120,0000,53,2026-04-03,50000,1,43.79
10,구로구,구로동,대산빌라,740-2,11530-290,11530,,1,0740,0002,2,2020-05-29,19800,2,55.39|55.5
5,구로구,구로동,대성아파트(749-11),749-11,11530-416,11530,,1,0749,0011,7,2022-07-11,32400,1,57.04
5,구로구,구로동,대승빌라,745-16,11530-367,11530,,1,0745,0016,2,2021-10-16,29000,1,59.88
10,구로구,구로동,대신빌라,779-24,11530-486,11530,,1,0779,0024,2,2022-10-07,30500,2,54.18|57.3
10,구로구,구로동,대영빌라,796-37,11530-588,11530,,1,0796,0037,4,2025-10-11,17300,1,45.72
67,구로구,구로동,도림두산베어스타워,110-4,11530-8,11530,,1,0110,0004,23,2026-03-17,61000,4,82.73|84.94|84.99|109.25
5,구로구,구로동,동산빌라,791-11,11530-517,11530,,1,0791,0011,3,2023-09-01,17500,1,51.43
17,구로구,구로동,동산빌라1동,792-33,11530-536,11530,,1,0792,0033,6,2025-05-21,24000,3,42.12|44.25|47.4
10,구로구,구로동,동원(796-61),796-61,11530-593,11530,,1,0796,0061,2,2020-11-14,18500,1,58.22
5,구로구,구로동,동화,791-28,11530-525,11530,,1,0791,0028,1,2020-08-14,19600,1,59.89
45,구로구,구로동,마인드에코프라움,98-14,11530-4316,11530,,1,0098,0014,13,2026-03-09,39000,4,29.03|32.75|35.34|37.89
5,구로구,구로동,명성빌라3차,792-42,11530-537,11530,,1,0792,0042,1,2020-02-18,16800,1,57.75
10,구로구,구로동,모란빌라,792-62,11530-541,11530,,1,0792,0062,5,2020-11-04,17000,1,42.63
5,구로구,구로동,미도빌라A동,795-6,11530-1346,11530,,1,0795,0006,1,2020-11-20,19700,1,55.64
10,구로구,구로동,미도빌라B동,792-58,11530-540,11530,,1,0792,0058,2,2024-12-12,18000,1,43.43
65,구로구,구로동,미래타워,1272,11530-12,11530,,1,1272,0000,26,2026-01-17,70000,3,59.94|78.23|84.97
10,구로구,구로동,미성빌라트,780-15,11530-493,11530,,1,0780,0015,4,2026-02-12,25500,1,48.04
10,구로구,구로동,백록빌라,806-64,11530-651,11530,,1,0806,0064,3,2025-07-28,25500,1,56.79
15,구로구,구로동,번영빌라,745-8,11530-363,11530,,1,0745,0008,5,2025-09-12,31000,2,57.73|59.98
5,구로구,구로동,보성,745-28,11530-368,11530,,1,0745,0028,2,2025-09-29,24000,1,59.76
5,구로구,구로동,봉일(797-8),797-8,11530-597,11530,,1,0797,0008,8,2025-04-15,26000,1,42.2
84,구로구,구로동,비즈트위트그린,98-10,11530-3652,11530,,1,0098,0010,46,2026-04-02,13500,2,14.86|15.11
78,구로구,구로동,비즈트위트레드,104-8,11530-3973,11530,,1,0104,0008,36,2026-01-10,22000,4,20.54|20.75|20.84|21.49
130,구로구,구로동,비즈트위트레인보우,44-5,11530-3601,11530,,1,0044,0005,57,2026-04-08,13000,3,15.17|15.58|15.92
105,구로구,구로동,비즈트위트블루,107-4,11530-3660,11530,,1,0107,0004,39,2026-02-24,13000,2,15.12|16.04
115,구로구,구로동,비즈트위트오렌지,44-8,11530-3730,11530,,1,0044,0008,53,2024-12-24,13500,5,12.18|14.88|15.54|15.6|20.34
5,구로구,구로동,삼성아트빌라,792-50,11530-538,11530,,1,0792,0050,2,2020-04-02,18700,1,59.29
10,구로구,구로동,삼주빌라,798-11,11530-612,11530,,1,0798,0011,3,2025-06-17,18800,1,41.4
10,구로구,구로동,삼호빌라,747-17,11530-391,11530,10200,1,0747,0017,8,2026-04-14,24000,1,47.1
10,구로구,구로동,서원빌라,791-47,11530-3183,11530,,1,0791,0047,5,2025-08-23,21000,2,39.52|40.57
5,구로구,구로동,선진빌라,749-13,11530-417,11530,,1,0749,0013,2,2021-04-29,24800,1,59.76
10,구로구,구로동,성산E동,801-26,11530-633,11530,,1,0801,0026,14,2020-02-18,13500,2,21.9|36.44
81,구로구,구로동,성삼하이츠,1275,11530-149,11530,,1,1275,0000,23,2026-01-28,63000,5,31.08|56.85|57.77|58.58|78.88
5,구로구,구로동,세명,717-11,11530-259,11530,,1,0717,0011,8,2022-02-19,24800,2,30.1|30.76
5,구로구,구로동,송림빌라,745-73,11530-380,11530,,1,0745,0073,5,2024-08-13,22000,1,43.7
5,구로구,구로동,송림주택,793-34,11530-558,11530,,1,0793,0034,2,2021-07-24,23700,1,46.08
98,구로구,구로동,승윤노블리안,1289,11530-4422,11530,,1,1289,0000,13,2025-09-13,58000,3,58.109|58.11|59.2505
66,구로구,구로동,신도림로제리움,43-1,11530-3600,11530,,1,0043,0001,25,2025-10-18,15300,3,16.92|20.47|20.55
77,구로구,구로동,아스타빌,108-4,11530-162,11530,,1,0108,0004,18,2025-06-25,62500,4,67.97|78.18|84.99|92.49
5,구로구,구로동,안정빌라,740-107,11530-311,11530,,1,0740,0107,3,2024-05-15,23000,1,37.92
10,구로구,구로동,에덴,762-11,11530-458,11530,,1,0762,0011,2,2023-04-21,26000,1,53.31
10,구로구,구로동,에덴빌라,780-19,11530-494,11530,,1,0780,0019,1,2019-03-19,15450,1,48.81
10,구로구,구로동,영광빌라,748-14,11530-401,11530,,1,0748,0014,3,2021-07-30,21000,2,30.72|42.06
27,구로구,구로동,예원아파트,43-2,11530-169,11530,,1,0043,0002,10,2024-03-28,55000,2,94.315|94.63
58,구로구,구로동,우성에비뉴,1284,11530-3319,11530,,1,1284,0000,26,2026-03-21,73000,4,84.958|84.9905|84.9915|84.9916
54,구로구,구로동,우원그린빌,110-9,11530-25,11530,,1,0110,0009,21,2026-01-31,60000,3,60.347|79.325|84.206
5,구로구,구로동,우진,716-18,11530-252,11530,,1,0716,0018,2,2021-04-16,18000,1,44.34
27,구로구,구로동,우진체리쉬,97-10,11530-232,11530,,1,0097,0010,12,2024-08-29,54500,5,67.21|68.9|75.06|77.65|80.01
10,구로구,구로동,유진빌라,799-23,11530-629,11530,,1,0799,0023,5,2024-04-16,23500,1,54.42
10,구로구,구로동,은진빌라,749-35,11530-1193,11530,,1,0749,0035,2,2024-01-19,18800,1,56.96
10,구로구,구로동,은진빌라(748-24),748-24,11530-404,11530,,1,0748,0024,8,2025-10-15,30000,2,48.96|59.92
20,구로구,구로동,일동행복세상,446-54,11530-3308,11530,,1,0446,0054,4,2020-08-08,55500,3,101.61|135.34|155.61
5,구로구,구로동,일심빌리지,796-35,11530-586,11530,,1,0796,0035,3,2021-01-09,21500,1,46.32
5,구로구,구로동,장미빌라,799-20,11530-628,11530,,1,0799,0020,2,2020-10-31,17100,1,50.36
5,구로구,구로동,장수(796-60),796-60,11530-592,11530,,1,0796,0060,2,2022-03-30,24800,1,59.13
10,구로구,구로동,재선주택,807-17,11530-658,11530,,1,0807,0017,2,2020-08-23,10800,1,37.31
10,구로구,구로동,정창빌라,748-43,11530-407,11530,,1,0748,0043,9,2021-11-01,28000,1,48.48
5,구로구,구로동,제일,806-83,11530-653,11530,,1,0806,0083,1,2021-01-30,20000,1,55.89
5,구로구,구로동,제일(805-14),805-14,11530-638,11530,,1,0805,0014,6,2022-07-03,33000,1,55.98
10,구로구,구로동,조성빌라,800-2,11530-243,11530,,1,0800,0002,7,2021-06-22,17000,2,21.96|59.4
10,구로구,구로동,청송빌라,740-1,11530-289,11530,,1,0740,0001,1,2020-11-13,16000,1,38.08
5,구로구,구로동,청우아트빌라,740-5,11530-291,11530,,1,0740,0005,3,2023-05-19,15700,1,38.4
10,구로구,구로동,청우아트빌라3차,740-9,11530-294,11530,,1,0740,0009,4,2024-10-25,17500,1,42.3
12,구로구,구로동,청우아트빌리지(738-39),738-39,11530-283,11530,,1,0738,0039,3,2020-11-06,16500,3,34.94|48.06|51.86
10,구로구,구로동,청원주택,779-37,11530-488,11530,,1,0779,0037,1,2018-05-15,27000,1,59.68
19,구로구,구로동,초롱타운,468,11530-3268,11530,,1,0468,0000,4,2025-03-25,49500,1,84.36
,구로구,구로동,칠성3,685-280,11530-32,11530,,1,0685,0280,2,2018-06-15,33500,1,61.63
24,구로구,구로동,케어빌(98-8),98-8,11530-3288,11530,,1,0098,0008,15,2026-02-01,50500,4,54.58|72.31|77.9|84.72
45,구로구,구로동,코원,97-8,11530-3802,11530,,1,0097,0008,9,2025-10-16,10700,1,12.49
15,구로구,구로동,태양,779-66,11530-491,11530,,1,0779,0066,5,2023-04-07,29000,4,56.4|56.43|59.22|59.88
5,구로구,구로동,태영빌라,740-95,11530-310,11530,,1,0740,0095,1,2019-07-13,18000,1,54.72
5,구로구,구로동,태영빌라2,740-79,11530-309,11530,,1,0740,0079,1,2020-10-30,20700,1,58.06
91,구로구,구로동,파인마루오피스텔,98-12,11530-4014,11530,,1,0098,0012,25,2026-02-03,17400,2,15.75|18.9
5,구로구,구로동,평화빌라,749-51,11530-428,11530,,1,0749,0051,1,2019-04-30,16000,1,39.84
10,구로구,구로동,풍안주택,799-18,11530-627,11530,,1,0799,0018,5,2025-08-16,22000,1,44.52
68,구로구,구로동,하나세인스톤1차,110-8,11530-3438,11530,,1,0110,0008,37,2026-03-19,20000,1,21.7256
100,구로구,구로동,하나세인스톤2차,97-4,11530-3536,11530,,1,0097,0004,40,2025-12-30,14800,1,19.33
72,구로구,구로동,하나세인스톤3차,46-4,11530-3499,11530,,1,0046,0004,21,2025-11-24,14700,1,19.99
5,구로구,구로동,한마음(796-72),796-72,11530-595,11530,,1,0796,0072,2,2025-07-13,26000,1,43.05
82,구로구,구로동,한스타워,46-5,11530-34,11530,,1,0046,0005,36,2025-12-21,42500,2,59.96|84.91
10,구로구,구로동,한신(792-29),792-29,11530-535,11530,,1,0792,0029,4,2022-04-01,23000,2,44|56.97
10,구로구,구로동,한신빌라,791-19,11530-522,11530,,1,0791,0019,3,2022-07-11,20000,1,33.48
10,구로구,구로동,한신주택,798-2,11530-611,11530,,1,0798,0002,1,2020-05-02,16600,1,47.16
79,구로구,구로동,한신휴플러스(1280-1),1280-1,11530-3283,11530,,1,1280,0001,27,2026-03-03,88000,2,58.03|84.94
10,구로구,구로동,한양하이츠,799-24,11530-630,11530,,1,0799,0024,2,2026-02-13,29000,1,57.69
19,구로구,구로동,한일퍼스트빌(415-37),415-37,11530-174,11530,,1,0415,0037,9,2026-04-06,38500,4,80.16|83.18|84.21|84.59
66,구로구,구로동,해담채3,104-3,11530-3783,11530,,1,0104,0003,25,2025-09-18,12500,1,13.39
5,구로구,구로동,행복주택,796-22,11530-581,11530,,1,0796,0022,2,2020-02-03,16400,1,45.93
139,구로구,구로동,현대로얄,701-76,11530-37,11530,,1,0701,0076,58,2026-04-01,59500,3,52.46|68.63|79.79
10,구로구,구로동,현암B동,800-9,11530-244,11530,,1,0800,0009,4,2026-04-13,22800,2,43.02|52.56
5,구로구,구로동,황산(780-55),780-55,11530-502,11530,,1,0780,0055,1,2023-06-15,29400,1,59.9
56,구로구,구로동,효성,110-10,11530-170,11530,,1,0110,0010,10,2025-06-13,50000,1,81.6933
10,구로구,궁동,강남그린,178-13,11530-3208,11530,,1,0178,0013,2,2024-03-29,34300,2,73.27|76.3
88,구로구,궁동,궁동에스하임,293,11530-4543,11530,,1,0293,0000,88,2022-01-13,45500,22,48.31|48.33|51.69|52.25|52.82|53.07|53.98|54.22|55.11|55.91|56.66|56.78|57.07|57.14|57.32|57.37|57.54|57.59|58.09|59.44
18,구로구,궁동,뉴파인,236-4,11530-3276,11530,,1,0236,0004,6,2024-09-07,41200,3,71.43|75.94|76.17
18,구로구,궁동,다청림(101동),182-4,11530-3222,11530,,1,0182,0004,8,2021-05-31,49800,2,83.04|84.18
18,구로구,궁동,다청림(102동),182-10,11530-3223,11530,,1,0182,0010,7,2021-02-26,40000,2,75.27|78.41
18,구로구,궁동,다청림(103동),182-11,11530-3226,11530,,1,0182,0011,4,2020-10-22,42000,2,83.29|84.66
12,구로구,궁동,다청림(104동),182,11530-3215,11530,,1,0182,0000,5,2024-05-25,30000,4,54.67|59.98|62.34|63.99
18,구로구,궁동,다청림(106동),178-1,11530-3247,11530,,1,0178,0001,7,2021-04-27,45500,2,73.03|83.19
12,구로구,궁동,다청림(107동),178-5,11530-3253,11530,,1,0178,0005,3,2024-06-24,40000,1,79.81
19,구로구,궁동,다청림101동(143-1),143-1,11530-3618,11530,,1,0143,0001,4,2025-01-15,49000,2,84.18|84.21
19,구로구,궁동,다청림102동(143-0),143,11530-3616,11530,,1,0143,0000,6,2022-05-06,58000,2,84.09|84.19
18,구로구,궁동,대명그린(아),190-121,11530-3740,11530,,1,0190,0121,7,2026-03-06,34800,3,48.73|53.44|55.82
19,구로구,궁동,대명하이빌(103동),178-7,11530-3472,11530,,1,0178,0007,3,2021-08-09,49000,1,83.1
18,구로구,궁동,대명하이빌101동,184-20,11530-3375,11530,,1,0184,0020,5,2023-11-07,40000,2,67.78|70.09
19,구로구,궁동,대명하이빌102동,184-6,11530-3374,11530,,1,0184,0006,8,2025-01-19,66500,4,84.63|84.7|84.94|107.19
9,구로구,궁동,선우쉐르빌,211-1,11530-240,11530,,1,0211,0001,2,2019-04-10,17500,2,28.65|65.2
18,구로구,궁동,수정,198-39,11530-239,11530,,1,0198,0039,4,2026-02-13,18300,2,45.36|61.02
84,구로구,궁동,우남푸르미아,290,11530-3262,11530,,1,0290,0000,16,2025-10-11,63000,3,84.94|84.958|84.974
19,구로구,궁동,호수1차A동,112-10,11530-159,11530,,1,0112,0010,7,2021-09-01,34000,2,66.45|75.37
19,구로구,궁동,호수2차B동,112-9,11530-160,11530,,1,0112,0009,3,2026-03-29,37500,1,73.51
96,구로구,신도림동,대림e-편한세상6,648,11530-151,11530,,1,0648,0000,19,2026-01-23,125000,1,84.816
9,구로구,신도림동,성광빌딩,309-6,11530-3173,11530,,1,0309,0006,1,2018-09-13,19500,1,36.96
239,구로구,신도림동,우성2,639,11530-140,11530,,1,0639,0000,70,2026-03-26,121500,2,84.82|84.94
149,구로구,오류동,계림웨스트벨리,360,11530-4495,11530,,1,0360,0000,68,2021-06-10,34900,10,37.2|46.33|46.86|49.34|49.81|49.86|49.88|49.94|49.97|49.98
19,구로구,오류동,골든팰리스,81-24,11530-3354,11530,,1,0081,0024,3,2020-12-31,38700,2,80.29|89.82
198,구로구,오류동,길훈,150-42,11530-99,11530,,1,0150,0042,40,2026-03-25,45000,3,48.81|53.94|76.29
19,구로구,오류동,다청림,193-16,11530-3725,11530,,1,0193,0016,7,2025-10-18,41500,2,56.65|59.61
82,구로구,오류동,다청림(356),356,11530-3734,11530,,1,0356,0000,45,2026-01-06,30500,3,15.57|36.01|38.11
14,구로구,오류동,대산,235-2,11530-669,11530,,1,0235,0002,8,2024-01-11,37000,1,72.57
35,구로구,오류동,더메디치,350,11530-3327,11530,,1,0350,0000,14,2025-06-17,68000,4,84.4723|84.9686|106.419|107.13
36,구로구,오류동,루체비스타,6-63,11530-4408,11530,,1,0006,0063,41,2026-03-15,33100,2,28.81|29.98
19,구로구,오류동,목화수목원102동,108-42,11530-165,11530,,1,0108,0042,5,2025-06-17,31600,3,55.66|57.59|76.41
18,구로구,오류동,목화수목원아파트101동,108-40,11530-113,11530,,1,0108,0040,7,2025-07-27,43000,3,72.33|76.17|81.77
4,구로구,오류동,미진주택A동,11-82,11530-156,11530,,1,0011,0082,1,2021-04-17,30000,1,86.01
10,구로구,오류동,미진주택B동,12-2,11530-112,11530,,1,0012,0002,4,2022-03-16,25000,4,37.43|38.25|55.76|64.07
29,구로구,오류동,비에이치수반애수목원아파트,241-2,11530-4349,11530,,1,0241,0002,26,2019-12-30,45700,9,43.29|46.47|49.58|54.94|55.94|57.2|59.06|59.92|71.25
80,구로구,오류동,서해그랑블,351,11530-3359,11530,,1,0351,0000,41,2025-12-03,73000,2,84.71|84.98
60,구로구,오류동,시티월드,44-10,11530-108,11530,,1,0044,0010,14,2026-02-12,45000,3,81.84|83.52|84.89
200,구로구,오류동,썬앤빌,34-13,11530-3799,11530,,1,0034,0013,74,2026-03-19,12000,2,14.064|17.12
19,구로구,오류동,양지쉐르빌아파트,193-17,11530-3689,11530,,1,0193,0017,7,2025-03-19,39000,2,53.7|59.34
15,구로구,오류동,오류그린,1-7,11530-188,11530,,1,0001,0007,4,2025-04-14,23000,1,60.6
108,구로구,오류동,오류동삼전솔하임,9-231,11530-4466,11530,,1,0009,0231,35,2026-03-21,31000,5,15.943|21.694|30.894|31.724|37.759
107,구로구,오류동,오류동역솔리스타,75-2,11530-4009,11530,,1,0075,0002,29,2026-03-28,17000,6,18.01|18.32|19.09|19.27|31.17|38.23
62,구로구,오류동,오류동휘버스,31-4,11530-3224,11530,,1,0031,0004,22,2026-02-19,59000,3,79.92|83.97|142.05
17,구로구,오류동,우창굿모닝,292-10,11530-189,11530,,1,0292,0010,10,2026-03-18,44000,2,84.94|102.99
19,구로구,오류동,유한수목원,108-76,11530-3311,11530,,1,0108,0076,13,2026-04-06,44500,2,74.61|74.94
60,구로구,오류동,은하수수목원,349,11530-3149,11530,,1,0349,0000,15,2021-10-24,58500,7,76.935|77.162|77.261|77.829|77.831|84.784|84.954
19,구로구,오류동,은하수수목원2차(101동),108-35,11530-3263,11530,,1,0108,0035,5,2024-12-28,46000,2,68.32|72.22
9,구로구,오류동,은하수수목원2차(102동),108-43,11530-3264,11530,,1,0108,0043,1,2020-08-01,27000,1,52.59
112,구로구,오류동,이좋은집,46-1,11530-3146,11530,,1,0046,0001,55,2026-03-23,23900,1,36.69
102,구로구,오류동,포스시티,51-31,11530-3818,11530,,1,0051,0031,45,2026-02-22,12500,3,13.69|14.29|17.75
17,구로구,오류동,한가람,63-4,11530-164,11530,,1,0063,0004,4,2021-10-08,44900,2,68.39|70.04
19,구로구,오류동,한백고은,6-1,11530-242,11530,,1,0006,0001,10,2024-01-25,50000,2,84.62|84.69
16,구로구,오류동,한백힐,9-3,11530-111,11530,,1,0009,0003,7,2024-10-11,39000,2,75.6|77.22
48,구로구,온수동,다청림시티,157,11530-3900,11530,,1,0157,0000,9,2025-12-29,29000,3,40.51|41.16|42.85
19,구로구,온수동,두양그린A동,99-1,11530-192,11530,,1,0099,0001,1,2020-05-14,32000,1,104.68
19,구로구,온수동,두양그린B동,97-2,11530-123,11530,11000,1,0097,0002,4,2026-04-16,37500,3,84.9|94.62|109.17
53,구로구,온수동,리치안풍산,154,11530-3362,11530,,1,0154,0000,18,2025-06-30,50000,4,70.32|70.54|84.94|84.99
10,구로구,온수동,아이에스빌리브,141,11530-3402,11530,,1,0141,0000,6,2026-04-06,40900,1,74.48
15,구로구,온수동,온수동,83,11530-241,11530,,1,0083,0000,6,2024-03-09,33700,4,64.87|80.47|84.6|84.98
19,구로구,항동,동보수목원,16-33,11530-3287,11530,,1,0016,0033,9,2025-08-18,40000,3,59.82|75.84|84.87
14,구로구,항동,동보수목원(16-18),16-18,11530-3565,11530,,1,0016,0018,4,2021-05-29,37000,2,84.41|84.62
17,구로구,항동,동보수목원(16-36),16-36,11530-3372,11530,,1,0016,0036,7,2024-02-04,34500,5,41.73|76.72|80.07|83.91|84.9
337,구로구,항동,우남퍼스트빌더센트럴,244,11530-4424,11530,11200,1,0244,0000,29,2026-04-17,106500,4,79.9913|84.9149|84.9817|116.991
27,구로구,항동,유한오크팰리스,234,11530-3496,11530,,1,0234,0000,7,2021-06-25,37500,4,77.201|79.049|83.054|84.921
142,금천구,가산동,G밸리페트라힐스,139-15,11545-2676,11545,,1,0139,0015,8,2025-10-10,29900,2,13.76|27.52
200,금천구,가산동,가산양우내안에애플,141-2,11545-1825,11545,,1,0141,0002,81,2026-02-26,19000,2,12.04|15.73
66,금천구,가산동,가산피어니빌,143-20,11545-2332,11545,,1,0143,0020,12,2025-01-09,22000,5,13.3709|13.4669|13.8029|14.0429|21.0829
98,금천구,가산동,덕산,148-1,11545-1,11545,,1,0148,0001,29,2026-04-07,45300,1,59.97
18,금천구,가산동,드림캐슬,235-57,11545-95,11545,,1,0235,0057,3,2025-07-26,40000,2,77.12|77.74
18,금천구,가산동,드림캐슬2차,235-13,11545-148,11545,,1,0235,0013,9,2024-05-02,49000,2,84.57|84.6
12,금천구,가산동,드림케슬3차,237-81,11545-1415,11545,,1,0237,0081,6,2025-06-09,47500,1,84.8
12,금천구,가산동,백운한비치,238-4,11545-67,11545,,1,0238,0004,1,2020-06-11,34000,1,72.8
12,금천구,가산동,백운한비치(가),145-29,11545-65,11545,,1,0145,0029,1,2020-01-06,22000,1,65.03
12,금천구,가산동,백운한비치(나),145-42,11545-66,11545,,1,0145,0042,3,2024-12-06,43000,2,66.16|82.41
299,금천구,가산동,비즈트위트바이올렛5차,140-36,11545-1957,11545,,1,0140,0036,154,2026-02-06,23500,7,12.1|12.19|12.31|13.34|18.47|18.52|30.37
28,금천구,가산동,온누리,774,11545-1452,11545,,1,0774,0000,2,2021-08-14,45000,1,72.2477
19,금천구,가산동,원평5차,239-22,11545-159,11545,,1,0239,0022,5,2026-04-19,52500,3,62.53|67.81|120.53
42,금천구,가산동,하이펠리스,143-3,11545-2722,11545,,1,0143,0003,1,2022-07-04,33400,1,25.19
19,금천구,가산동,해찬행복드림,153-9,11545-1487,11545,,1,0153,0009,3,2026-03-07,57500,2,84.45|84.76
47,금천구,독산동,각산,1093-5,11545-28,11545,,1,1093,0005,14,2025-12-18,52000,1,84.78
11,금천구,독산동,대광아파트,990-3,11545-164,11545,,1,0990,0003,3,2026-02-04,57000,1,84.6
125,금천구,독산동,대덕트윈빌,1028,11545-29,11545,,1,1028,0000,28,2025-06-22,73500,5,49.05|59.56|67.94|82.8|96.01
106,금천구,독산동,독산동아아파트,183-1,11545-7,11545,,1,0183,0001,17,2026-01-24,59000,2,59.96|84.87
63,금천구,독산동,독산솔리힐아파트,1161,11545-2820,11545,,1,1161,0000,2,2025-08-07,70300,2,59.1669|68.7509
68,금천구,독산동,독산오르페움타워,989,11545-2652,11545,,1,0989,0000,11,2025-03-25,41000,2,37.806|40.074
39,금천구,독산동,동심,184-4,11545-81,11545,,1,0184,0004,11,2025-11-29,50000,5,48.1749|55.8429|76.5146|84.3668|84.4589
19,금천구,독산동,동양드림아파트,378-77,11545-26,11545,,1,0378,0077,6,2025-03-15,29000,3,50.98|61.15|68.65
14,금천구,독산동,동은4차,883-10,11545-152,11545,,1,0883,0010,2,2022-10-12,46500,1,85.58
14,금천구,독산동,동은5차,883-21,11545-153,11545,,1,0883,0021,2,2025-03-09,48000,1,80.47
14,금천구,독산동,동은6차,883-22,11545-154,11545,,1,0883,0022,4,2021-05-01,49500,3,58.05|80.47|85.58
16,금천구,독산동,동은노보빌(887-1),887-1,11545-83,11545,,1,0887,0001,2,2021-11-05,51800,1,84.6
14,금천구,독산동,동은노보빌(887-2),887-2,11545-84,11545,,1,0887,0002,3,2025-09-08,33800,2,45.19|81.05
29,금천구,독산동,리버스타운,1006-139,11545-2267,11545,,1,1006,0139,13,2025-09-22,45500,4,53.4|54.4|59.13|59.93
19,금천구,독산동,리치힐(1052-5),1052-5,11545-1536,11545,,1,1052,0005,2,2025-04-21,48400,1,77.4
19,금천구,독산동,리치힐(976-37),976-37,11545-163,11545,,1,0976,0037,1,2021-05-07,48000,1,84.99
12,금천구,독산동,리치힐(976-6),976-6,11545-162,11545,10200,1,0976,0006,3,2026-04-17,59260,2,79.93|84.22
14,금천구,독산동,리치힐101동(993-25),993-25,11545-73,11545,,1,0993,0025,4,2025-03-07,52700,1,105.09
14,금천구,독산동,리치힐102동(993-36),993-36,11545-74,11545,,1,0993,0036,3,2021-10-17,48000,1,105.09
19,금천구,독산동,리치힐103동(992-0),992,11545-165,11545,,1,0992,0000,4,2025-04-12,52000,3,68.52|94.88|96.68
13,금천구,독산동,리치힐104동(992-43),992-43,11545-166,11545,,1,0992,0043,3,2021-02-18,52500,1,94.88
42,금천구,독산동,명도힐스티지,962-32,11545-2525,11545,,1,0962,0032,58,2025-12-12,30500,1,29.63
45,금천구,독산동,목화101,1132,11545-10,11545,,1,1132,0000,3,2021-03-15,38000,1,59.95
49,금천구,독산동,목화102,961-13,11545-11,11545,,1,0961,0013,11,2026-03-28,40800,5,51.83|59.96|63.42|80.22|92.46
12,금천구,독산동,목화103,974-2,11545-161,11545,,1,0974,0002,2,2025-06-25,43500,1,84.715
19,금천구,독산동,문성,887-7,11545-99,11545,,1,0887,0007,2,2025-03-03,39700,1,68.76
48,금천구,독산동,백운,1135,11545-12,11545,,1,1135,0000,7,2025-11-07,45000,2,59.81|83.58
14,금천구,독산동,삼성로얄,994-76,11545-169,11545,,1,0994,0076,4,2022-03-31,44500,1,82.025
49,금천구,독산동,삼환아파트,1006-132,11545-15,11545,,1,1006,0132,7,2025-10-15,60000,2,59.94|84.76
17,금천구,독산동,상진지오벨리A,1017-8,11545-106,11545,,1,1017,0008,6,2025-05-29,39500,2,59.73|66.5
17,금천구,독산동,상진지오벨리B,1017-24,11545-107,11545,,1,1017,0024,1,2020-01-18,26500,1,59.73
41,금천구,독산동,서초파레스,1141,11545-1410,11545,,1,1141,0000,8,2026-03-20,60000,3,59.81|79.7|84.11
32,금천구,독산동,설악솔내음,1138,11545-16,11545,10200,1,1138,0000,9,2026-04-27,54000,2,51.59|80.46
14,금천구,독산동,성웅,888-18,11545-100,11545,,1,0888,0018,6,2026-01-31,42000,4,65.03|65.05|66.81|66.85
19,금천구,독산동,세심아파트,181-139,11545-98,11545,,1,0181,0139,9,2025-05-23,46300,4,59.78|83.48|84.51|84.53
19,금천구,독산동,세진(1037-31),1037-31,11545-170,11545,,1,1037,0031,4,2024-09-03,41000,2,60.87|84.45
14,금천구,독산동,세진웰빙101,992-42,11545-105,11545,,1,0992,0042,1,2021-09-07,53500,1,84.75
14,금천구,독산동,세진웰빙102,992-37,11545-104,11545,,1,0992,0037,4,2025-09-16,52000,2,84.75|95.5
48,금천구,독산동,아셈그린힐,184-3,11545-25,11545,,1,0184,0003,12,2025-07-11,49000,2,59.95|74.86
135,금천구,독산동,아이유하임,1162,11545-2839,11545,,1,1162,0000,24,2022-11-23,34900,1,29.0615
133,금천구,독산동,아이유하임(1159),1159,11545-2688,11545,,1,1159,0000,21,2020-12-11,23600,2,26.23|26.27
49,금천구,독산동,예전이룸(965-1),965-1,11545-87,11545,,1,0965,0001,14,2026-01-23,66500,9,49.154|54.832|57.366|61.579|61.711|62.127|80.726|82.395|84.657
19,금천구,독산동,은탑로얄클라스,303-1,11545-151,11545,,1,0303,0001,6,2025-09-28,62000,2,101.9|153.26
46,금천구,독산동,을미월드힐,958,11545-160,11545,,1,0958,0000,10,2022-04-22,50000,4,64.87|81.16|83.53|84.87
18,금천구,독산동,장미아파트A동,889-26,11545-101,11545,,1,0889,0026,3,2024-02-26,38500,1,67.21
18,금천구,독산동,장미아파트B동,889-36,11545-155,11545,,1,0889,0036,9,2025-08-21,46500,2,67.05|67.21
17,금천구,독산동,정심아파트,182-1,11545-80,11545,,1,0182,0001,5,2024-10-23,38000,4,70.84|72.4|76.09|77.44
14,금천구,독산동,청호센트레빌,887-5,11545-86,11545,,1,0887,0005,6,2026-01-06,47800,1,72.36
19,금천구,독산동,푸른터,957,11545-1435,11545,,1,0957,0000,2,2022-10-24,45000,1,81.56
10,금천구,독산동,한솔아트빌라,907-21,11545-158,11545,,1,0907,0021,3,2022-02-19,26000,1,67.88
12,금천구,독산동,한아(987-11),987-11,11545-69,11545,,1,0987,0011,3,2020-09-15,43000,2,83.33|84.6
12,금천구,독산동,한아(987-21),987-21,11545-71,11545,,1,0987,0021,4,2026-04-02,51500,1,84.2
12,금천구,독산동,한아(987-22),987-22,11545-72,11545,,1,0987,0022,3,2023-06-11,59500,2,66.75|84.6
14,금천구,독산동,한아101(994-33),994-33,11545-167,11545,,1,0994,0033,6,2021-12-23,52000,2,65.22|84.87
19,금천구,독산동,한아102(994-73),994-73,11545-168,11545,,1,0994,0073,4,2021-10-05,45500,3,80.13|109.65|112.89
49,금천구,독산동,한아마인드,1142,11545-1404,11545,,1,1142,0000,6,2025-02-07,52000,1,73.81
19,금천구,독산동,한아프라임101동,147-76,11545-97,11545,,1,0147,0076,2,2018-08-06,29100,2,76.25|84.95
19,금천구,독산동,한아프라임102동,147-1,11545-96,11545,,1,0147,0001,6,2025-07-08,54700,1,84.95
19,금천구,독산동,해찬아파트,917-3,11545-82,11545,,1,0917,0003,3,2021-03-12,35400,1,82.44
96,금천구,독산동,호정타워,1069,11545-24,11545,,1,1069,0000,17,2025-06-14,39000,5,59.44|67.08|76.62|81.42|117.18
17,금천구,독산동,힐탑,894-20,11545-102,11545,,1,0894,0020,7,2025-09-30,39900,1,69.68
18,금천구,독산동,힐탑아파트3차(894-3),894-3,11545-156,11545,,1,0894,0003,3,2020-02-24,36200,2,75|84.75
19,금천구,독산동,힐탑아파트4차(894-5),894-5,11545-157,11545,,1,0894,0005,7,2025-04-30,45000,5,54.9|69.09|70.05|75|84.75
82,금천구,시흥동,SM엘루이,791-40,11545-1745,11545,,1,0791,0040,34,2026-03-14,66000,5,71.09|84.94|84.97|84.98|84.99
19,금천구,시흥동,거상센스빌(956-6),956-6,11545-60,11545,,1,0956,0006,4,2021-09-28,40800,1,70.695
13,금천구,시흥동,거상센스빌(960-5),960-5,11545-62,11545,,1,0960,0005,5,2019-11-12,29000,3,66|80.12|83.99
19,금천구,시흥동,거상장미,953-5,11545-59,11545,,1,0953,0005,3,2023-02-27,40000,3,71.49|84.95|92.13
15,금천구,시흥동,거상홈타운701동,949-6,11545-88,11545,,1,0949,0006,1,2023-11-30,26000,1,66.59
13,금천구,시흥동,거상홈타운801동,949-18,11545-89,11545,,1,0949,0018,3,2022-12-23,25000,1,70.47
48,금천구,시흥동,건우한마음,929-33,11545-150,11545,,1,0929,0033,9,2023-07-31,60000,3,81.813|114.058|123.927
18,금천구,시흥동,금천,898-17,11545-64,11545,,1,0898,0017,3,2023-10-28,45000,3,53.28|81.65|84.86
29,금천구,시흥동,금천리메인시티,883-11,11545-2478,11545,,1,0883,0011,1,2019-01-13,14500,1,16.63
35,금천구,시흥동,낙원,952,11545-32,11545,,1,0952,0000,6,2025-01-06,32800,2,59.68|84.94
34,금천구,시흥동,대도훼미리,989-11,11545-35,11545,,1,0989,0011,15,2025-02-21,29200,4,51.6|54.18|57.69|59.01
35,금천구,시흥동,더유엘아파트,1033,11545-2805,11545,,1,1033,0000,3,2025-08-08,42000,2,58.8077|59.8926
29,금천구,시흥동,루체클래식,977-1,11545-2541,11545,,1,0977,0001,18,2020-03-07,52970,6,38.381|43.606|47.013|50.899|58.883|76.171
19,금천구,시흥동,메르시대신아파트,961-4,11545-2459,11545,,1,0961,0004,19,2023-02-12,45000,3,61.5|64.08|76.15
19,금천구,시흥동,백운스위트빌,959-11,11545-61,11545,,1,0959,0011,1,2020-10-16,24600,1,64.51
58,금천구,시흥동,백운플러스타워,992-8,11545-2633,11545,,1,0992,0008,1,2021-09-29,31800,1,29.87
10,금천구,시흥동,백조,818-14,11545-173,11545,,1,0818,0014,2,2020-10-20,23900,2,53.54|68.16
18,금천구,시흥동,보르미아파트(948-9),948-9,11545-177,11545,,1,0948,0009,3,2024-08-24,41000,2,64.54|73.4
112,금천구,시흥동,산호시티빌,999-1,11545-79,11545,,1,0999,0001,35,2025-06-05,45000,2,41.58|55.98
40,금천구,시흥동,삼일,948,11545-42,11545,,1,0948,0000,8,2026-03-14,37000,2,59.73|59.91
11,금천구,시흥동,세종,797-2,11545-56,11545,,1,0797,0002,1,2021-05-03,34000,1,85.8
10,금천구,시흥동,쉼터빌리지,558-17,11545-1424,11545,,1,0558,0017,1,2020-07-17,29550,1,76.62
19,금천구,시흥동,스카이,989-9,11545-178,11545,,1,0989,0009,1,2021-02-08,49500,1,80.16
79,금천구,시흥동,시흥(817-29),817-29,11545-45,11545,,1,0817,0029,41,2026-01-10,29000,2,39.83|44.13
18,금천구,시흥동,신동힐탑,882-11,11545-93,11545,,1,0882,0011,1,2020-06-02,36000,1,77.59
15,금천구,시흥동,신세계,823,11545-57,11545,,1,0823,0000,3,2026-02-25,42000,3,77.15|83.81|84.83
15,금천구,시흥동,신화아파트(200-4),200-4,11545-171,11545,,1,0200,0004,7,2022-09-27,29500,6,49.64|56.01|65.34|66.75|72.09|79.02
18,금천구,시흥동,애시안아파트,266-2745,11545-1863,11545,,1,0266,2745,8,2025-08-11,36000,3,53.83|58.05|58.06
15,금천구,시흥동,에벤에셀프라자,912-20,11545-46,11545,,1,0912,0020,1,2022-03-02,56000,1,100.99
19,금천구,시흥동,영광아파트,992-12,11545-47,11545,,1,0992,0012,7,2025-08-12,83000,2,120.4|130.84
18,금천구,시흥동,예일,920-35,11545-111,11545,,1,0920,0035,3,2025-08-30,40000,2,83.2|83.57
19,금천구,시흥동,오성로얄,798-64,11545-78,11545,,1,0798,0064,7,2023-07-03,43500,4,80.72|146.56|151.6|158.2
98,금천구,시흥동,와이즈플레이스,882-61,11545-1734,11545,,1,0882,0061,49,2026-04-03,11200,2,14.2|14.22
18,금천구,시흥동,우림메르디앙,882-3,11545-2270,11545,,1,0882,0003,5,2026-01-27,44000,1,53.09
24,금천구,시흥동,우성,795-5,11545-48,11545,,1,0795,0005,4,2021-09-29,44900,1,70.11
19,금천구,시흥동,우성(867-16),867-16,11545-174,11545,,1,0867,0016,1,2018-08-05,26000,1,64.65
77,금천구,시흥동,웨스트밸리,992-20,11545-2601,11545,,1,0992,0020,30,2020-03-04,30000,5,26.21|41.67|41.7|43.19|43.36
14,금천구,시흥동,유승셀르빌,3-3,11545-54,11545,,1,0003,0003,5,2024-10-29,30000,1,83.3
19,금천구,시흥동,청우그린,902-7,11545-175,11545,,1,0902,0007,6,2021-07-03,36800,6,62.66|62.91|70.94|73.78|74.6|75.45
18,금천구,시흥동,칠성(3),977-11,11545-92,11545,,1,0977,0011,8,2025-02-16,41500,3,71.68|73.48|73.74
15,금천구,시흥동,칠성(952-7),952-7,11545-58,11545,,1,0952,0007,1,2018-10-25,25500,1,70.65
14,금천구,시흥동,칠성(977-2),977-2,11545-91,11545,,1,0977,0002,2,2020-06-28,41000,2,66.39|70.65
148,금천구,시흥동,탑스빌,268-46,11545-110,11545,,1,0268,0046,28,2025-06-28,57800,3,54.96|79.32|79.84
10,금천구,시흥동,하나어울림,3-28,11545-1393,11545,,1,0003,0028,4,2023-06-16,22600,2,61.96|63.79
19,금천구,시흥동,한빛,793-6,11545-172,11545,,1,0793,0006,2,2026-03-28,42500,1,84.96
19,금천구,시흥동,한빛로얄,796-7,11545-77,11545,,1,0796,0007,4,2023-07-26,34200,1,81.95
19,금천구,시흥동,한빛로얄(796-43),796-43,11545-76,11545,,1,0796,0043,1,2018-07-26,25400,1,81.95
76,금천구,시흥동,한빛무궁화101동,1016,11545-113,11545,,1,1016,0000,17,2025-03-08,43500,3,68.309|74.252|84.979
140,금천구,시흥동,현대(220-2),220-2,11545-52,11545,,1,0220,0002,42,2023-08-07,47800,1,49.14
18,금천구,시흥동,힐캐슬,960-6,11545-1716,11545,,1,0960,0006,10,2023-08-30,41000,5,53.01|53.38|59.48|77.69|82.57
106,노원구,공릉동,67디벨리움,670-7,11350-2141,11350,,1,0670,0007,44,2026-03-04,26000,3,17.27|28.67|28.91
73,노원구,공릉동,광덕파크빌아파트,752,11350-211,11350,,1,0752,0000,11,2024-03-25,64200,1,84.69
88,노원구,공릉동,길성그랑프리텔아파트,753,11350-212,11350,,1,0753,0000,27,2026-01-16,67000,6,71.848|76.4807|80.9407|81.1088|83.893|84.1337
12,노원구,공릉동,남광미르빌,684-60,11350-278,11350,,1,0684,0060,1,2025-02-18,30000,1,64.26
12,노원구,공릉동,남광아파트,684-22,11350-277,11350,,1,0684,0022,2,2023-10-28,37000,2,46.2|79.4
49,노원구,공릉동,남청파인힐,379-5,11350-191,11350,,1,0379,0005,13,2024-05-13,61500,5,62.817|76.912|77.07|77.87|84.807
40,노원구,공릉동,녹주아파트,750,11350-195,11350,,1,0750,0000,4,2024-12-23,57000,3,84.7156|84.7368|84.744
120,노원구,공릉동,대명아파트,270-71,11350-163,11350,,1,0270,0071,33,2021-09-28,60000,6,57.96|62.04|62.1|64.8|66.24|67.44
130,노원구,공릉동,대아아파트1차,740,11350-165,11350,,1,0740,0000,36,2025-08-23,66200,5,54.08|59.75|78.68|84.86|102.8
19,노원구,공릉동,동아하이빌아파트101동,609-3,11350-193,11350,,1,0609,0003,6,2025-08-18,49000,3,80.53|80.95|84.73
13,노원구,공릉동,동아하이빌아파트102동,609-57,11350-200,11350,,1,0609,0057,4,2025-08-23,50000,1,81.56
18,노원구,공릉동,라메즈아파트,575-24,11350-233,11350,,1,0575,0024,3,2025-11-18,57150,2,83.03|83.43
120,노원구,공릉동,미라쉘,670-6,11350-2231,11350,,1,0670,0006,34,2026-04-11,20000,3,16.69|17.58|17.77
16,노원구,공릉동,백영아파트,593-6,11350-254,11350,,1,0593,0006,9,2024-07-12,42000,5,38.13|69.85|79.54|79.92|99.22
18,노원구,공릉동,보람노블레스아파트,586-15,11350-1733,11350,,1,0586,0015,2,2024-11-28,51000,1,84.51
69,노원구,공릉동,비콘아파트,755,11350-236,11350,,1,0755,0000,15,2025-12-31,65000,4,65.221|80.66|84.707|84.98
17,노원구,공릉동,새울센스빌아파트,589-3,11350-256,11350,,1,0589,0003,3,2026-03-18,64500,3,73.26|83.16|112
17,노원구,공릉동,서경하누리아파트,493-20,11350-424,11350,,1,0493,0020,5,2026-01-14,44000,2,60.68|68.77
19,노원구,공릉동,서로퍼스트빌,351-1,11350-226,11350,,1,0351,0001,1,2020-04-18,31700,1,69.95
61,노원구,공릉동,서일이츠뷰,371-11,11350-1668,11350,,1,0371,0011,8,2025-09-12,69000,1,84.983
19,노원구,공릉동,서진프라자아파트,492-3,11350-231,11350,,1,0492,0003,7,2026-03-12,54000,2,92.88|93.03
19,노원구,공릉동,세영아파트,576-11,11350-1726,11350,,1,0576,0011,5,2024-03-29,46300,4,74.88|77.76|78.54|79.9
19,노원구,공릉동,신대림아파트,379-9,11350-229,11350,,1,0379,0009,4,2023-04-07,62000,2,84.71|111.84
69,노원구,공릉동,신명아파트,382-14,11350-175,11350,,1,0382,0014,19,2026-02-06,78000,3,59.99|84.55|114.97
18,노원구,공릉동,신한양아파트,400-8,11350-431,11350,,1,0400,0008,7,2025-08-28,54000,4,52.9|83.76|83.85|84.36
10,노원구,공릉동,씨엠아파트,568-6,11350-1732,11350,,1,0568,0006,5,2024-04-30,38500,2,58.23|73.23
19,노원구,공릉동,엘림타운,379-2,11350-228,11350,,1,0379,0002,4,2025-09-15,46000,1,74.97
79,노원구,공릉동,우국리더스빌,757,11350-1724,11350,,1,0757,0000,38,2026-04-07,59700,3,49.6|59.96|65.6
68,노원구,공릉동,임성아파트,389-13,11350-179,11350,,1,0389,0013,9,2025-04-05,54700,4,56.55|60|84.84|95.7
19,노원구,공릉동,주완위즈빌,351-2,11350-227,11350,,1,0351,0002,6,2024-11-15,43000,3,69.51|73.36|73.76
19,노원구,공릉동,주완위즈빌2,504-5,11350-425,11350,,1,0504,0005,3,2020-09-11,35000,2,77.43|77.75
72,노원구,공릉동,진명비베레,395-7,11350-1914,11350,,1,0395,0007,47,2026-03-31,12500,15,12.0632|12.088|12.1072|12.218|12.2392|12.3536|12.5172|12.6252|12.9188|13.0588|13.3495|13.7456|13.9092|14.1326|14.7602
12,노원구,공릉동,진주브라운,585-6,11350-258,11350,,1,0585,0006,4,2020-02-22,26000,4,61.82|64.95|67.54|84.09
18,노원구,공릉동,진주브라운,585-7,11350-253,11350,,1,0585,0007,3,2021-08-15,38500,3,47.09|68.31|78.93
26,노원구,공릉동,참다움아파트,395-6,11350-1902,11350,,1,0395,0006,10,2026-04-18,52000,5,67.5682|74.4276|84.2985|84.9076|84.9991
10,노원구,공릉동,청구빌아파트,269-2,11350-251,11350,,1,0269,0002,3,2026-04-11,43500,2,74.26|78.51
18,노원구,공릉동,청솔브레싱B동,380-10,11350-210,11350,,1,0380,0010,5,2020-10-21,34300,4,64.8|76.96|80.86|83.4
18,노원구,공릉동,청솔브레씽A동,380-56,11350-192,11350,,1,0380,0056,4,2020-08-14,36200,3,64.18|68.7|75.26
19,노원구,공릉동,청수대아파트,270-47,11350-225,11350,,1,0270,0047,4,2021-01-26,74400,2,98.51|143.62
17,노원구,공릉동,청우씨티아파트,569-20,11350-232,11350,,1,0569,0020,7,2024-11-30,46500,4,65.13|82.29|84.51|84.9
13,노원구,공릉동,탑스빌아파트,504-7,11350-255,11350,,1,0504,0007,4,2025-03-27,43000,2,84|84.47
19,노원구,공릉동,탑스빌아파트(101동),690-10,11350-1722,11350,,1,0690,0010,2,2026-02-24,63300,1,83.68
19,노원구,공릉동,탑스빌아파트(102동),690-23,11350-1723,11350,,1,0690,0023,4,2025-02-11,58500,1,83.68
41,노원구,공릉동,태승훼미리아파트,759,11350-1828,11350,10300,1,0759,0000,13,2026-04-11,69000,4,72.06|81.91|82.97|83.7
29,노원구,공릉동,테라파크뷰,366-15,11350-2328,11350,,1,0366,0015,5,2026-04-07,99000,3,52.17|55.2|78.06
175,노원구,공릉동,풍림아파트B,727,11350-209,11350,,1,0727,0000,80,2026-04-18,37000,1,31.32
90,노원구,공릉동,플라체76,661-20,11350-2050,11350,,1,0661,0020,70,2019-12-04,12050,7,12.06|12.1|12.11|12.16|12.17|12.27|12.63
37,노원구,공릉동,하나플러스,587-8,11350-234,11350,,1,0587,0008,5,2025-06-16,59900,3,74.09|84.87|84.92
19,노원구,공릉동,하늘공원(101동),222,11350-1735,11350,10300,1,0222,0000,7,2026-04-07,52800,2,84.55|84.58
18,노원구,공릉동,하늘공원아파트(102동),222-4,11350-1750,11350,,1,0222,0004,4,2025-12-26,50000,4,83.3|84.8|84.86|84.92
12,노원구,공릉동,하늘공원아파트(103동),222-15,11350-1751,11350,,1,0222,0015,5,2026-02-12,54400,1,84.79
19,노원구,공릉동,한진아파트,408-23,11350-1739,11350,,1,0408,0023,9,2025-12-23,53800,2,84.85|116.59
8,노원구,상계동,D.S아파트,1117-12,11350-1737,11350,,1,1117,0012,3,2021-06-18,46000,3,64.94|70.36|103.92
87,노원구,상계동,건영,1321,11350-220,11350,,1,1321,0000,21,2023-07-29,54000,3,59.76|59.91|84.77
,노원구,상계동,공감대,95-274,11350-426,11350,,1,0095,0274,2,2018-10-23,43975,2,89.82|124.23
,노원구,상계동,뉴-동부아파트,95-6,11350-1748,11350,,1,0095,0006,2,2018-07-11,38127,2,48.925|84.83
15,노원구,상계동,동일씨티빌,1065-6,11350-1720,11350,,1,1065,0006,2,2024-05-27,34000,2,64.33|67.04
37,노원구,상계동,문수해오름,1303,11350-215,11350,,1,1303,0000,13,2023-01-09,47000,5,42.76|45.57|59.38|79.46|83.24
14,노원구,상계동,보미,144-3,11350-57,11350,,1,0144,0003,3,2021-03-18,49800,1,84.81
19,노원구,상계동,불암신기101동,107-980,11350-259,11350,,1,0107,0980,2,2021-03-25,46500,2,60.16|64.58
19,노원구,상계동,불암신기102동,107-970,11350-257,11350,,1,0107,0970,1,2018-10-01,24000,1,66.15
16,노원구,상계동,삼성,996-16,11350-221,11350,,1,0996,0016,5,2025-08-14,40000,4,68.71|79.73|81.16|106.48
19,노원구,상계동,센트럴타워,581-2,11350-1674,11350,,1,0581,0002,5,2025-06-24,59800,3,84.37|84.89|84.99
149,노원구,상계동,소담빌,330-29,11350-2053,11350,,1,0330,0029,42,2026-04-01,13050,1,14.65
18,노원구,상계동,송이월드A동,1101-2,11350-242,11350,,1,1101,0002,3,2020-06-16,30500,2,76.12|78.37
12,노원구,상계동,송이월드B동,1101-33,11350-243,11350,,1,1101,0033,1,2019-04-24,27900,1,75.24
45,노원구,상계동,수락산늘푸른,1317,11350-1817,11350,,1,1317,0000,13,2025-10-11,78000,3,104.64|123.44|123.82
67,노원구,상계동,신이모닝빌,1298,11350-65,11350,,1,1298,0000,11,2020-07-25,49000,3,59.8669|84.3173|84.9698
19,노원구,상계동,청솔,1049-43,11350-241,11350,,1,1049,0043,10,2025-03-11,34500,6,49.49|58.86|68.68|70.98|71.86|83.83
19,노원구,상계동,충효파크타운,407-7,11350-1727,11350,,1,0407,0007,7,2024-01-15,35000,5,65.93|68.28|77.94|79.98|83
18,노원구,상계동,코지한주,1401-8,11350-1736,11350,,1,1401,0008,5,2026-02-04,65000,2,101.41|101.54
19,노원구,상계동,한창늘푸른,925-1,11350-239,11350,,1,0925,0001,7,2020-08-12,54000,1,105.65
34,노원구,상계동,희락,1280,11350-55,11350,,1,1280,0000,20,2026-03-29,59900,2,59.73|84.9
48,노원구,월계동,삼능스페이스향,380-1,11350-1728,11350,,1,0380,0001,8,2024-12-07,75000,2,84.81|84.91
120,노원구,월계동,성북맨션,383-40,11350-145,11350,,1,0383,0040,28,2026-02-23,68000,2,65.35|65.42
14,노원구,월계동,송암,496-2,11350-222,11350,,1,0496,0002,2,2020-10-04,38200,2,44.97|66.33
27,노원구,월계동,월계로즈빌(387),387,11350-250,11350,,1,0387,0000,3,2020-11-09,49000,2,83.01|84.98
120,노원구,중계동,LIG건영,586,11350-89,11350,,1,0586,0000,34,2026-03-20,68000,3,59.92|84.44|114.75
49,노원구,중계동,극동의푸른별1차,600,11350-428,11350,,1,0600,0000,16,2026-03-26,72000,2,84.91|84.97
95,노원구,중계동,동도센트리움(601),601,11350-1683,11350,,1,0601,0000,13,2025-03-31,94000,3,84.77|84.949|84.983
12,노원구,중계동,부강쉘브르,90-30,11350-248,11350,,1,0090,0030,2,2020-08-01,40000,1,113.365
94,노원구,중계동,신일,589,11350-106,11350,,1,0589,0000,18,2026-01-28,61500,2,59.97|84.94
19,노원구,중계동,이연아마빌레,58-34,11350-247,11350,,1,0058,0034,10,2023-11-14,75000,2,144.96|154.27
19,노원구,중계동,정진아트리움,137-39,11350-1759,11350,,1,0137,0039,7,2025-02-19,52000,1,84.95
86,노원구,중계동,중계스타클래스,599,11350-430,11350,,1,0599,0000,15,2026-03-19,82000,3,84.686|84.801|84.832
9,노원구,중계동,코지아뜨리에101,137-28,11350-1757,11350,,1,0137,0028,5,2026-03-21,45000,1,84.89
18,노원구,중계동,한신월드,68-1,11350-427,11350,,1,0068,0001,9,2026-01-05,45000,4,80.79|82.21|84.38|84.96
48,노원구,중계동,화인상가,579,11350-131,11350,,1,0579,0000,9,2025-01-14,59000,3,59.31|59.34|83.07
18,노원구,하계동,아주,167-10,11350-86,11350,,1,0167,0010,2,2025-05-02,45000,2,57.39|76.59
11,도봉구,도봉동,삼안리치,570-10,11320-89,11320,,1,0570,0010,4,2026-01-15,26000,2,58.96|74.25
49,도봉구,도봉동,신도봉,588,11320-84,11320,,1,0588,0000,13,2024-08-06,32500,4,58.44|59.73|61.2|64.32
19,도봉구,도봉동,우영,556-18,11320-311,11320,,1,0556,0018,7,2024-07-06,48000,3,64.22|71.27|117.02
80,도봉구,도봉동,한양수자인,657,11320-2704,11320,,1,0657,0000,47,2026-03-19,72000,4,84.46|84.99|114.62|116.43
19,도봉구,방학동,동일아파트,621-6,11320-295,11320,,1,0621,0006,4,2021-05-15,23000,2,57.19|68.03
19,도봉구,방학동,부영팰리스,690-3,11320-143,11320,,1,0690,0003,10,2026-03-18,46500,7,66|66.09|69.3|72.81|73.94|81.15|118.87
19,도봉구,방학동,부흥아파트,618-1,11320-294,11320,,1,0618,0001,5,2025-08-18,28500,4,68.12|69.88|76|80.1
50,도봉구,방학동,북한산청호아파트,743,11320-3776,11320,,1,0743,0000,7,2026-01-08,48600,4,55.67|57.41|59.56|59.75
15,도봉구,방학동,북한산팰리스아파트,522,11320-291,11320,,1,0522,0000,9,2026-01-20,51800,4,143.43|157.14|159.03|163.08
19,도봉구,방학동,선덕빌라트아파트,519-1,11320-290,11320,,1,0519,0001,3,2026-04-13,43000,2,109.97|141.81
70,도봉구,방학동,성진파크뷰아파트,741,11320-3574,11320,,1,0741,0000,59,2026-04-04,42000,3,45.19|45.51|49.71
17,도봉구,방학동,신주아파트(A동),695-10,11320-117,11320,,1,0695,0010,13,2025-03-24,23800,5,36.46|36.885|45.135|56.21|56.82
17,도봉구,방학동,신주아파트B,695-21,11320-144,11320,,1,0695,0021,6,2024-06-18,21400,4,36.46|46.72|56.21|56.82
83,도봉구,방학동,우암쎈스뷰아파트,713-12,11320-104,11320,10600,1,0713,0012,21,2026-04-17,57000,5,67.971|68.552|68.841|84.2|84.983
84,도봉구,방학동,이에스에이아파트3,716-1,11320-145,11320,10600,1,0716,0001,20,2026-04-14,68000,1,84.87
18,도봉구,방학동,청화아파트,669-7,11320-142,11320,,1,0669,0007,3,2021-03-01,34200,1,83.73
18,도봉구,방학동,태솔에버빌(712-5),712-5,11320-2443,11320,,1,0712,0005,9,2024-03-08,39500,2,74.66|83.49
15,도봉구,방학동,태솔에버빌아파트,712-17,11320-2473,11320,,1,0712,0017,8,2025-02-22,32800,2,62.12|65.21
17,도봉구,방학동,태양아파트(612-2),612-2,11320-292,11320,,1,0612,0002,4,2021-03-17,23000,2,67.83|84.14
9,도봉구,방학동,태양아파트(612-34),612-34,11320-293,11320,,1,0612,0034,1,2021-05-12,21000,1,67.4
135,도봉구,방학동,퍼스티안,705-17,11320-2945,11320,,1,0705,0017,57,2025-04-01,11700,1,13.6794
26,도봉구,방학동,한원힐트리움아레나,725-9,11320-3711,11320,,1,0725,0009,1,2021-12-02,44000,1,31.29
18,도봉구,쌍문동,그린스테이트,311,11320-2698,11320,,1,0311,0000,19,2026-03-30,42000,2,73.12|78.18
28,도봉구,쌍문동,그린힐스아파트,658,11320-3231,11320,,1,0658,0000,7,2024-04-26,42750,2,54.83|59.26
83,도봉구,쌍문동,기용,153,11320-5,11320,,1,0153,0000,28,2026-02-24,24000,2,41.31|44.37
19,도봉구,쌍문동,대우파크빌,159,11320-6,11320,,1,0159,0000,7,2026-03-12,83000,2,169.55|244.79
160,도봉구,쌍문동,대웅,13-2,11320-7,11320,,1,0013,0002,46,2025-12-04,38500,3,44.82|52.02|55.5
10,도봉구,쌍문동,동순미,642,11320-138,11320,,1,0642,0000,7,2024-07-11,37500,4,74.65|88.74|91.16|98.06
19,도봉구,쌍문동,동일씨티빌,19-20,11320-124,11320,,1,0019,0020,7,2025-05-20,37000,3,74.5|77.4|77.85
11,도봉구,쌍문동,로얄,357-14,11320-135,11320,,1,0357,0014,4,2025-09-27,23000,3,42|50.4|57.54
104,도봉구,쌍문동,백조,724,11320-10,11320,,1,0724,0000,28,2025-11-05,47900,5,56.73|64.43|66.35|68.69|77.06
15,도봉구,쌍문동,벽산송화프라자,20,11320-125,11320,,1,0020,0000,4,2020-08-20,60000,3,98.46|105.9|169.15
17,도봉구,쌍문동,삼보,460-8,11320-289,11320,,1,0460,0008,8,2025-04-24,31000,4,57.84|64.04|75.95|77.1
12,도봉구,쌍문동,새울(139-37),139-37,11320-2398,11320,,1,0139,0037,1,2020-04-06,31000,1,84.1
19,도봉구,쌍문동,선우,11-5,11320-120,11320,,1,0011,0005,3,2020-06-17,26800,2,78.41|84.85
81,도봉구,쌍문동,솔밭노블리안,733,11320-3564,11320,10500,1,0733,0000,28,2026-04-18,52000,11,34.45|36.43|40.02|47.83|50.29|54.43|54.51|54.87|57.49|58.25|58.4
21,도봉구,쌍문동,스마트빌,96-39,11320-3159,11320,,1,0096,0039,4,2023-11-20,37000,2,51.95|55.55
40,도봉구,쌍문동,시그마팰리스,575,11320-107,11320,,1,0575,0000,18,2025-02-18,42000,4,55.59|59.41|70|71.74
18,도봉구,쌍문동,신건영주택A,315-20,11320-131,11320,,1,0315,0020,3,2023-01-05,24000,2,59.3|63.23
19,도봉구,쌍문동,신동아,139-52,11320-121,11320,,1,0139,0052,7,2025-02-13,38900,2,63.03|65.71
19,도봉구,쌍문동,신라샤르망,600,11320-155,11320,,1,0600,0000,5,2025-03-27,28000,4,63.47|66.24|68.27|78.5
9,도봉구,쌍문동,신성,88-72,11320-31,11320,,1,0088,0072,2,2021-09-06,26900,1,63.28
10,도봉구,쌍문동,신성오크힐,81-151,11320-287,11320,,1,0081,0151,2,2020-12-30,24900,1,62.04
71,도봉구,쌍문동,신원에벤에셀,256,11320-15,11320,,1,0256,0000,18,2024-06-17,50700,2,59.92|84.9
76,도봉구,쌍문동,신일라이프,726,11320-33,11320,,1,0726,0000,18,2026-02-09,65000,2,59.47|81.68
19,도봉구,쌍문동,신일라이프(B동),277-5,11320-119,11320,,1,0277,0005,5,2025-08-22,39500,3,73.1|84.35|84.93
87,도봉구,쌍문동,쌍문금용,321,11320-3,11320,,1,0321,0000,28,2025-06-27,52800,4,59.94|82.26|84.54|84.69
19,도봉구,쌍문동,쌍문동LG트윈빌1,19,11320-16,11320,,1,0019,0000,5,2023-02-23,79000,1,240.97
19,도봉구,쌍문동,쌍문동LG트윈빌2,20-4,11320-3718,11320,,1,0020,0004,10,2025-08-29,94000,1,240.97
44,도봉구,쌍문동,쌍문리버뷰,103-69,11320-3587,11320,,1,0103,0069,41,2026-03-10,42000,2,45.88|46.84
14,도봉구,쌍문동,영진,143-52,11320-130,11320,,1,0143,0052,2,2021-06-18,24000,2,68.55|72.48
10,도봉구,쌍문동,영진팰리스,88-14,11320-30,11320,,1,0088,0014,1,2025-10-15,15000,1,41.37
16,도봉구,쌍문동,원산,138-33,11320-129,11320,,1,0138,0033,3,2020-02-26,25200,1,66.23
14,도봉구,쌍문동,젬스톤타운,594,11320-2491,11320,,1,0594,0000,2,2021-04-21,28500,1,79.22
19,도봉구,쌍문동,청화,450,11320-136,11320,,1,0450,0000,7,2025-09-10,26000,1,71.76
96,도봉구,쌍문동,파라다이스빌,727,11320-139,11320,,1,0727,0000,33,2025-06-19,73500,8,58.49|59.33|83.02|84.61|84.84|84.9|84.91|84.99
15,도봉구,쌍문동,풀내음아파트,75-29,11320-2435,11320,,1,0075,0029,2,2023-04-19,29500,2,54.77|58.86
19,도봉구,쌍문동,피스플하우스,68-1,11320-126,11320,,1,0068,0001,3,2024-07-24,58000,3,95.07|185.09|194.02
18,도봉구,쌍문동,하루방,315-48,11320-133,11320,,1,0315,0048,3,2022-10-16,40500,2,78.75|80.25
8,도봉구,쌍문동,한성쉐르빌,88-17,11320-418,11320,,1,0088,0017,1,2025-02-22,23000,1,54.1
12,도봉구,쌍문동,한영,639-1,11320-137,11320,,1,0639,0001,2,2026-03-14,32500,2,71.25|83.055
19,도봉구,창동,DK포시즌,442-33,11320-122,11320,,1,0442,0033,8,2026-01-12,36500,3,77.85|79.2|83.7
14,도봉구,창동,금강101,629-24,11320-306,11320,,1,0629,0024,2,2020-05-02,20000,2,37.23|55.09
14,도봉구,창동,금강102,629-29,11320-307,11320,,1,0629,0029,5,2025-04-11,23800,3,37.23|55.09|59.98
10,도봉구,창동,금성파크A동,665-25,11320-310,11320,,1,0665,0025,8,2025-03-15,33000,5,36.56|48.98|71.33|74.45|76.27
12,도봉구,창동,금성파크B동,665-26,11320-76,11320,,1,0665,0026,2,2026-02-09,37900,2,68.42|73.9
92,도봉구,창동,동도센트리움,827,11320-2644,11320,,1,0827,0000,26,2025-09-16,78000,3,79.389|80.722|80.822
20,도봉구,창동,리치,661-88,11320-108,11320,,1,0661,0088,8,2022-03-08,30000,3,55.84|55.98|58.38
123,도봉구,창동,미소애,715-3,11320-2348,11320,,1,0715,0003,54,2026-04-07,43800,1,45.466
18,도봉구,창동,보람아파트,607-4,11320-303,11320,,1,0607,0004,5,2021-11-16,42000,4,72.91|74.56|74.59|80.76
23,도봉구,창동,새로움아파트,731-54,11320-2818,11320,,1,0731,0054,13,2024-10-14,39800,3,64.56|68.4|69.25
28,도봉구,창동,새울(715-25),715-25,11320-3052,11320,,1,0715,0025,13,2025-03-08,32000,2,38.94|42.32
19,도봉구,창동,새울아파트,608-167,11320-2396,11320,,1,0608,0167,5,2022-01-20,45700,2,84.45|84.78
12,도봉구,창동,세명,553-50,11320-299,11320,,1,0553,0050,2,2019-06-24,25400,2,78.61|82.76
19,도봉구,창동,세인트라디움,442-17,11320-72,11320,,1,0442,0017,7,2025-06-07,27500,3,39.3|52.29|59.76
120,도봉구,창동,스마트트라움,661-55,11320-3673,11320,,1,0661,0055,32,2026-04-06,19000,1,16.42
10,도봉구,창동,신창빌라트,471-9,11320-298,11320,,1,0471,0009,1,2023-09-07,19000,1,84.98
27,도봉구,창동,엘리시아,552-12,11320-3609,11320,,1,0552,0012,21,2021-03-23,42500,3,53.42|56.09|59.11
18,도봉구,창동,영창하모니A,582-21,11320-123,11320,,1,0582,0021,5,2023-10-05,43250,2,83.99|127.09
22,도봉구,창동,원산아파트33차,661-13,11320-75,11320,,1,0661,0013,7,2026-01-30,27000,6,44.96|46.74|54.32|55.68|56.49|57.86
120,도봉구,창동,월가타워,7,11320-3007,11320,,1,0007,0000,54,2026-01-20,12000,7,13.02|13.09|13.62|15|15.49|18.14|19.49
19,도봉구,창동,"은성드림존101동,102동",603-25,11320-302,11320,,1,0603,0025,4,2025-07-09,37000,1,84.73
26,도봉구,창동,창동역블루핀1동,743-28,11320-3610,11320,,1,0743,0028,6,2026-03-30,55800,1,65.83
28,도봉구,창동,창동역블루핀2동,743-23,11320-3611,11320,10700,1,0743,0023,7,2026-04-14,57000,2,55.04|65.83
19,도봉구,창동,청하아파트A동,581-4,11320-300,11320,,1,0581,0004,1,2018-11-08,30000,1,84.59
19,도봉구,창동,청하아파트B동,581-74,11320-301,11320,,1,0581,0074,3,2023-02-15,36500,1,84.59
19,도봉구,창동,파크힐,443-4,11320-2971,11320,,1,0443,0004,7,2026-02-05,36000,3,57.8|59.03|59.82
16,도봉구,창동,퍼스트뷰아파트,442-5,11320-2745,11320,,1,0442,0005,3,2021-04-09,30800,2,62.11|64.51
19,도봉구,창동,하우니티,661-10,11320-2572,11320,,1,0661,0010,7,2025-08-14,51000,4,84.87|84.92|84.98|122.77
19,도봉구,창동,한솔,661-78,11320-308,11320,,1,0661,0078,5,2026-03-09,33650,4,53.72|62.13|62.37|64.96
19,도봉구,창동,한일아파트,621-1,11320-305,11320,,1,0621,0001,8,2025-08-25,50000,3,80.3|82.18|84.94
19,도봉구,창동,현진아파트,254-5,11320-296,11320,,1,0254,0005,2,2021-07-27,47800,2,65.24|69.86
17,도봉구,창동,황지,661-89,11320-109,11320,,1,0661,0089,4,2025-11-20,34000,2,59.66|62.04
79,동대문구,답십리동,답십리엘림퍼스트,1015,11230-3004,11230,,1,1015,0000,43,2026-03-03,76000,3,52.6987|52.7678|52.9657
150,동대문구,답십리동,삼희,530-5,11230-23,11230,,1,0530,0005,28,2026-04-02,69000,6,42.93|58.77|59.68|69.57|72.64|81.72
225,동대문구,답십리동,신답극동,464-1,11230-17,11230,,1,0464,0001,88,2026-04-21,110000,5,46.53|53.1|67.95|71.28|105.59
99,동대문구,답십리동,엘림스퀘어3,268-3,11230-3001,11230,,1,0268,0003,8,2026-04-10,17350,1,14.76
44,동대문구,답십리동,우창프라자,494-2,11230-25,11230,,1,0494,0002,9,2025-11-14,85000,2,95.76|143.64
99,동대문구,답십리동,청계와이즈노벨리아,1008,11230-2758,11230,,1,1008,0000,39,2026-03-13,109000,3,59.8379|59.8946|74.9044
39,동대문구,답십리동,클래식타워,493-5,11230-30,11230,,1,0493,0005,9,2025-03-14,74000,3,105.29|120.1|120.24
29,동대문구,답십리동,한원힐트리움아파트,465-55,11230-2992,11230,,1,0465,0055,14,2026-03-18,54000,4,34.87|34.95|39.23|42.87
78,동대문구,답십리동,한일노벨리아,494-1,11230-2691,11230,,1,0494,0001,39,2026-01-22,29000,4,14.76|16.64|22.345|29.786
26,동대문구,신설동,더나인,89-38,11230-2317,11230,,1,0089,0038,26,2021-05-06,26000,6,14.72|16.98|17.41|18.7|23.09|40.32
40,동대문구,신설동,신설에스하임,398,11230-3353,11230,,1,0398,0000,36,2023-11-17,58150,15,23.02|23.21|23.95|24.05|24.06|24.56|26.02|26.24|27.31|28.27|29.18|31.75|32.17|34.34|44.39
16,동대문구,신설동,주함해븐아파트,8-1,11230-2128,11230,,1,0008,0001,7,2024-11-01,71500,3,67.84|68.6|71.01
56,동대문구,신설동,청계천대성스카이렉스1,109-13,11230-2065,11230,,1,0109,0013,30,2025-11-22,92000,2,75.24|84.78
90,동대문구,신설동,포레스트힐시티,100-26,11230-2844,11230,,1,0100,0026,19,2025-08-14,19000,4,14.75|15.21|15.25|15.88
,동대문구,용두동,LOFT129,801,11230-4356,11230,,1,0801,0000,53,2025-12-22,30132,4,21.7596|22.0665|22.1159|22.1739
64,동대문구,용두동,가우디캐슬,104-34,11230-2910,11230,,1,0104,0034,71,2025-06-02,31500,5,12.94|28.73|29.68|29.87|29.98
130,동대문구,용두동,동대문베네스트,100-5,11230-2982,11230,,1,0100,0005,18,2025-11-17,28000,2,18.36|18.81
62,동대문구,용두동,두산베어스타워,138-41,11230-1,11230,,1,0138,0041,14,2025-08-19,86000,4,104.86|155.66|165.39|166.34
19,동대문구,용두동,리채,29-1,11230-2205,11230,,1,0029,0001,8,2020-05-25,63000,1,101.57
10,동대문구,용두동,삼성힐,138-52,11230-2113,11230,,1,0138,0052,1,2026-01-24,53000,1,68.04
19,동대문구,용두동,서안팰리스,235-30,11230-2224,11230,,1,0235,0030,3,2025-09-08,55000,3,73.03|75.07|81.85
42,동대문구,용두동,신설동역대우아이빌1,236-1,11230-88,11230,,1,0236,0001,8,2025-05-02,82000,3,47.988|69.483|84.967
112,동대문구,용두동,청계천대성스카이렉스2,255-66,11230-2076,11230,,1,0255,0066,45,2026-02-27,105000,1,84.99
32,동대문구,용두동,청재제일타운,785,11230-1958,11230,,1,0785,0000,6,2025-09-22,62000,2,83.04|83.76
,동대문구,이문동,(257-516),257-516,11230-1760,11230,,1,0257,0516,1,2019-04-10,25000,1,54.36
88,동대문구,이문동,대성유니드아파트,429,11230-2277,11230,,1,0429,0000,17,2026-01-25,92500,2,84.27|84.97
59,동대문구,이문동,민족통일MJ캠퍼스외대2차,327-4,11230-2855,11230,,1,0327,0004,30,2021-02-02,31500,3,20.55|21.07|27.57
56,동대문구,이문동,민족통일MJ캠퍼스외대3차,327-1,11230-3063,11230,,1,0327,0001,21,2025-11-17,26400,4,18|18.24|18.54|18.72
18,동대문구,이문동,삼보스위트홈,264-368,11230-124,11230,,1,0264,0368,2,2020-11-17,75500,2,138.44|164.13
99,동대문구,이문동,세진빌딩,327-7,11230-2965,11230,,1,0327,0007,15,2025-06-11,30000,6,11.48|14.52|15.79|15.84|18.16|21.73
36,동대문구,이문동,이문스카이뷰,291-35,11230-2970,11230,,1,0291,0035,16,2026-02-22,38000,1,25.99
29,동대문구,이문동,주성아우라,254-40,11230-2384,11230,,1,0254,0040,12,2025-11-17,10000,5,12.775|13.263|13.375|13.61|15.045
28,동대문구,이문동,투니온,256-2,11230-2368,11230,,1,0256,0002,14,2026-02-12,13000,4,13.2|14.26|15.38|26.34
18,동대문구,장안동,(아이엔에스새터),404-13,11230-2023,11230,,1,0404,0013,5,2024-01-29,49000,3,68.86|84.86|84.89
41,동대문구,장안동,(해오름),400-3,11230-2057,11230,,1,0400,0003,8,2024-10-01,64000,4,56.77|67.31|83.18|84.55
18,동대문구,장안동,JS아파트,455-10,11230-2140,11230,,1,0455,0010,6,2021-05-06,46000,4,59.45|61.25|62.37|62.43
8,동대문구,장안동,NS파크타운,346-28,11230-2326,11230,,1,0346,0028,1,2020-04-25,21600,1,38.91
19,동대문구,장안동,SM이로빌(350-11),350-11,11230-69,11230,,1,0350,0011,2,2026-02-27,58000,2,81.93|84.93
19,동대문구,장안동,SM이로빌3차(358-18),358-18,11230-109,11230,,1,0358,0018,4,2024-12-20,56000,1,84.87
18,동대문구,장안동,SM이로빌4차A동(455-5),455-5,11230-122,11230,,1,0455,0005,1,2024-12-12,62000,1,123.53
13,동대문구,장안동,SM이로빌4차B동(455-4),455-4,11230-121,11230,,1,0455,0004,5,2021-03-08,48000,3,39.9|71.4|84.9
19,동대문구,장안동,SM이로빌5차,312-7,11230-98,11230,,1,0312,0007,1,2020-02-26,45000,1,84.99
19,동대문구,장안동,SM해그린(362-7),362-7,11230-110,11230,,1,0362,0007,2,2020-05-30,44800,2,79.7|84.87
29,동대문구,장안동,U-포그니,319-6,11230-2683,11230,,1,0319,0006,14,2026-01-12,54000,6,53.305|57.32|57.64|59.15|59.78|102.03
54,동대문구,장안동,U포그니2차,586,11230-2831,11230,,1,0586,0000,24,2026-03-18,54000,7,46.6|52.59|55.06|56.23|58.26|59.12|67.02
36,동대문구,장안동,가야써니빌(373-7),373-7,11230-111,11230,,1,0373,0007,16,2025-05-27,68750,2,84.87|114.69
28,동대문구,장안동,가우디캐슬,415-14,11230-2650,11230,,1,0415,0014,20,2025-03-31,27800,4,25.8|25.93|28.5|28.66
21,동대문구,장안동,가우디트윈캐슬1,374-9,11230-2649,11230,,1,0374,0009,13,2026-01-22,41500,3,41.26|48.31|48.97
21,동대문구,장안동,가우디트윈캐슬2,374-8,11230-2668,11230,,1,0374,0008,11,2026-03-16,39000,3,41.26|47.72|48.38
66,동대문구,장안동,경남하이빌,578,11230-91,11230,,1,0578,0000,15,2025-12-12,64000,3,73.78|84.33|84.56
12,동대문구,장안동,공감대(378-3),378-3,11230-217,11230,,1,0378,0003,3,2024-03-05,59800,1,109.1
24,동대문구,장안동,공감대(380-1),380-1,11230-112,11230,,1,0380,0001,3,2022-04-15,77000,1,84.95
19,동대문구,장안동,공감대(440-12),440-12,11230-73,11230,,1,0440,0012,5,2025-07-01,59000,2,100.21|127.78
18,동대문구,장안동,공감대2차(375-7),375-7,11230-72,11230,,1,0375,0007,2,2019-10-05,43800,1,83.03
18,동대문구,장안동,공감대5차(334-5),334-5,11230-103,11230,,1,0334,0005,6,2025-11-25,75000,4,114.21|125.81|144.66|149.64
36,동대문구,장안동,공감대6차(384-1),384-1,11230-218,11230,,1,0384,0001,16,2025-06-19,84000,2,82.47|137.75
39,동대문구,장안동,광남캐스빌,342-13,11230-105,11230,,1,0342,0013,6,2025-08-18,76500,1,113.74
40,동대문구,장안동,광진아트빌12차,346-21,11230-2849,11230,,1,0346,0021,38,2018-11-21,33850,10,53.62|54.09|54.46|54.54|54.99|55.3|55.38|55.54|55.83|56.38
65,동대문구,장안동,글로벌팰리스,415-10,11230-2922,11230,,1,0415,0010,49,2025-12-20,30500,10,22.59|22.79|23.7|26.81|27|27.04|27.08|27.14|27.29|28.27
19,동대문구,장안동,금호(444-9),444-9,11230-119,11230,,1,0444,0009,3,2025-10-15,45800,2,57.28|81.24
19,동대문구,장안동,네오빌,339-7,11230-104,11230,,1,0339,0007,8,2025-07-04,58000,2,84.66|98.58
28,동대문구,장안동,다우하임,344-2,11230-2836,11230,,1,0344,0002,11,2026-01-10,40000,2,29.98|51.74
71,동대문구,장안동,대명이룸아파트(565-0),565,11230-1980,11230,,1,0565,0000,10,2024-09-09,78000,4,71.01|78.77|82.85|83.75
15,동대문구,장안동,대성장안애캐슬,346-9,11230-2216,11230,,1,0346,0009,9,2025-11-27,28000,4,34.04|36|48.11|52.04
15,동대문구,장안동,대성하이빌(A동),169-48,11230-222,11230,,1,0169,0048,2,2022-04-21,39000,2,58.93|73.84
15,동대문구,장안동,대성하이빌(B동),169-54,11230-95,11230,,1,0169,0054,3,2024-03-07,42500,1,73.84
18,동대문구,장안동,동재(A동),241-13,11230-215,11230,,1,0241,0013,6,2025-05-12,60400,4,59.55|84.8|84.9|107.76
12,동대문구,장안동,동재(B동),241-8,11230-2034,11230,,1,0241,0008,3,2025-03-11,48000,3,76.04|76.69|84.12
48,동대문구,장안동,르메이에르1차(344-1),344-1,11230-106,11230,,1,0344,0001,17,2026-03-25,73000,5,84.71|84.77|84.97|97.89|116.04
36,동대문구,장안동,르메이에르7차(313-8),313-8,11230-1969,11230,,1,0313,0008,7,2026-01-16,58500,2,69.07|84.99
40,동대문구,장안동,르메이에르장안타운3차,337-3,11230-1972,11230,,1,0337,0003,13,2025-05-24,63600,6,51.34|67.59|73.93|84.57|84.89|84.92
56,동대문구,장안동,르메이에르장안타운6차,342-3,11230-1974,11230,,1,0342,0003,16,2026-04-13,65000,1,84.92
31,동대문구,장안동,르메이에르장안타운II(342-11),342-11,11230-126,11230,,1,0342,0011,7,2023-06-02,63000,2,84.82|105.51
33,동대문구,장안동,르미에르장안타운5차,335-8,11230-1971,11230,,1,0335,0008,11,2026-04-09,69700,3,73.6|84.85|84.94
17,동대문구,장안동,리치,385-2,11230-2124,11230,,1,0385,0002,8,2026-01-28,38500,6,50.32|50.42|54.9|63.48|64.96|75.48
49,동대문구,장안동,방원예뜨랑,556,11230-41,11230,,1,0556,0000,8,2025-09-24,60800,3,78.92|84.4|89.2
10,동대문구,장안동,베스트빌(417-10),417-10,11230-116,11230,,1,0417,0010,2,2021-07-29,49000,2,39.505|81.625
75,동대문구,장안동,브이티스타일,309-7,11230-3032,11230,,1,0309,0007,6,2026-02-21,68200,5,40.43|54.52|55.08|55.18|68.39
18,동대문구,장안동,비젼(437-2),437-2,11230-128,11230,,1,0437,0002,3,2024-07-23,58000,2,73.31|97.66
19,동대문구,장안동,비젼아파트101동,455-1,11230-120,11230,,1,0455,0001,6,2024-03-25,58500,2,84.57|99.95
21,동대문구,장안동,비젼아파트102동,454-2,11230-221,11230,,1,0454,0002,4,2024-10-26,58800,1,84.4
21,동대문구,장안동,비젼아파트103동,454-1,11230-220,11230,,1,0454,0001,5,2025-07-09,53000,2,70.01|84.4
19,동대문구,장안동,삼성그린,326-10,11230-2028,11230,,1,0326,0010,7,2025-06-03,70000,1,96.94
17,동대문구,장안동,삼현팰리체,333-5,11230-2256,11230,,1,0333,0005,2,2021-07-28,63500,2,68.04|84.1
18,동대문구,장안동,상록파라브,440-1,11230-2082,11230,,1,0440,0001,8,2025-09-20,63500,2,77.12|77.29
10,동대문구,장안동,상록파라브2차,440-2,11230-2145,11230,,1,0440,0002,3,2020-05-06,41700,2,74.26|75.29
17,동대문구,장안동,상록파라브3차,440-3,11230-2210,11230,,1,0440,0003,7,2026-03-21,67500,1,84.37
19,동대문구,장안동,상록파라브아파트105동,440-7,11230-2215,11230,,1,0440,0007,2,2023-06-12,61000,1,84.99
18,동대문구,장안동,새한그린빌(306-10),306-10,11230-66,11230,,1,0306,0010,8,2025-12-04,53000,4,43.96|84.92|87.94|95.64
48,동대문구,장안동,서광아침의빛,577,11230-2097,11230,,1,0577,0000,16,2026-03-05,82500,1,84.98
8,동대문구,장안동,선경이노블,346-11,11230-2169,11230,,1,0346,0011,4,2026-03-22,56900,3,76.96|79.91|84.34
20,동대문구,장안동,선일크라시아,344-5,11230-2101,11230,,1,0344,0005,13,2026-04-13,48500,4,57.8|61.87|66.13|66.56
18,동대문구,장안동,성림(390-5),390-5,11230-39,11230,,1,0390,0005,8,2025-07-14,49000,4,71|72.83|73.12|74.43
10,동대문구,장안동,성진위드빌,382-14,11230-2854,11230,,1,0382,0014,10,2018-12-13,37550,6,45.1|55.5|56.09|56.25|57.23|59.52
27,동대문구,장안동,스마트트라움,364-7,11230-2842,11230,,1,0364,0007,4,2026-04-16,43500,2,47.84|48.02
36,동대문구,장안동,스타파크아파트,456-8,11230-2595,11230,,1,0456,0008,13,2026-03-24,56500,2,49.14|59.95
24,동대문구,장안동,시온,393-8,11230-3366,11230,10600,1,0393,0008,19,2026-04-23,58800,5,60.9|61.87|62.54|65.69|66.46
24,동대문구,장안동,신부파스카(313-7),313-7,11230-99,11230,,1,0313,0007,6,2026-01-11,60000,2,78.15|84.99
19,동대문구,장안동,신부파스카(319-2),319-2,11230-100,11230,,1,0319,0002,4,2024-07-02,66500,2,80.63|84.94
6,동대문구,장안동,신부파스카(319-3),319-3,11230-101,11230,,1,0319,0003,1,2021-12-11,49000,1,63.64
88,동대문구,장안동,신일해피트리3차(568),568,11230-2019,11230,,1,0568,0000,19,2026-02-05,83000,3,63.7|84.94|84.97
62,동대문구,장안동,신일해피트리아파트101동,564,11230-1979,11230,,1,0564,0000,21,2026-04-05,80500,2,65.58|84.71
18,동대문구,장안동,아인리베(310-14),310-14,11230-2053,11230,,1,0310,0014,3,2020-11-30,55000,2,106.22|109.58
18,동대문구,장안동,아인리베(310-5),310-5,11230-2052,11230,,1,0310,0005,1,2018-06-29,36300,1,84.57
105,동대문구,장안동,양우내안애애플,373-1,11230-2446,11230,,1,0373,0001,29,2025-09-28,17000,1,15.3388
28,동대문구,장안동,양지쉐르빌아파트(415-1),415-1,11230-2640,11230,,1,0415,0001,15,2026-02-24,46000,2,53.31|56.4
29,동대문구,장안동,에메랄드(351-5),351-5,11230-2678,11230,,1,0351,0005,11,2026-03-10,68000,5,55.111|59.764|61.09|75.712|84.132
99,동대문구,장안동,에스아이팰리스장안센텀,416-1,11230-2996,11230,,1,0416,0001,52,2026-02-12,78000,8,13.083|13.88|14.139|14.213|23.381|26.537|28.75|47.201
36,동대문구,장안동,엘림하우스2차,426-3,11230-2848,11230,,1,0426,0003,4,2019-01-15,38200,2,47.34|53.74
28,동대문구,장안동,우성2차아파트(334-6),334-6,11230-1970,11230,,1,0334,0006,8,2026-01-24,66000,2,71.35|84.67
74,동대문구,장안동,우성3차(562),562,11230-1977,11230,,1,0562,0000,16,2026-03-14,73500,2,83.7|84.26
32,동대문구,장안동,우성5차에비뉴,583,11230-2390,11230,,1,0583,0000,10,2026-03-16,71500,2,72.21|84.17
8,동대문구,장안동,우정B(344-6),344-6,11230-223,11230,,1,0344,0006,1,2023-08-26,25500,1,51.58
27,동대문구,장안동,월튼파크뷰(342-21),342-21,11230-2667,11230,,1,0342,0021,4,2022-08-16,42940,3,46.405|52.855|54.23
40,동대문구,장안동,월튼파크뷰2차,337-2,11230-2933,11230,,1,0337,0002,23,2019-12-23,46800,4,57.17|57.22|59.85|59.88
18,동대문구,장안동,유엔팰리스(131-1),131-1,11230-94,11230,,1,0131,0001,8,2025-12-15,67500,4,109.24|119.15|123.53|135.14
61,동대문구,장안동,은하수드림빌,579,11230-2131,11230,,1,0579,0000,20,2026-04-11,73000,3,74.9778|84.4344|112.79
75,동대문구,장안동,은하수드림필,572,11230-2058,11230,,1,0572,0000,19,2026-04-13,72400,4,60.27|84.72|84.91|84.98
18,동대문구,장안동,이한센토빌(410-13),410-13,11230-114,11230,,1,0410,0013,6,2021-06-19,37000,6,46.43|49.46|68.78|69.29|70.25|84.88
18,동대문구,장안동,장안SM드림빌(360-2),360-2,11230-37,11230,,1,0360,0002,6,2025-06-06,61000,2,113.28|115.5
149,동대문구,장안동,장안뉴시티,372-5,11230-2274,11230,,1,0372,0005,74,2026-04-17,13000,2,17.53|17.63
12,동대문구,장안동,장안동공감대(375-11),375-11,11230-71,11230,,1,0375,0011,3,2020-11-14,55800,2,84.87|104.24
21,동대문구,장안동,장안동우성4차,463-10,11230-2156,11230,,1,0463,0010,2,2023-06-22,59000,2,84.81|84.9
16,동대문구,장안동,장안동파크뷰,302-2,11230-2085,11230,,1,0302,0002,3,2021-02-06,62500,1,84.84
17,동대문구,장안동,장안예원(418-4),418-4,11230-40,11230,,1,0418,0004,8,2024-07-22,53000,2,32.38|80.32
12,동대문구,장안동,장안트윈B동,306-13,11230-67,11230,,1,0306,0013,3,2024-06-29,50000,1,84.34
147,동대문구,장안동,장안푸르미에,466-5,11230-2389,11230,,1,0466,0005,79,2026-03-24,14000,11,11.9559|12.4385|12.4972|12.58|12.5803|12.6512|12.6874|12.9043|12.9253|12.9463|17.5574
11,동대문구,장안동,정암(363-11),363-11,11230-1975,11230,,1,0363,0011,2,2026-01-31,48000,2,71.3|84.95
36,동대문구,장안동,정은101동(332-2),332-2,11230-33,11230,,1,0332,0002,8,2025-12-22,54000,3,59.84|74.18|81.72
40,동대문구,장안동,제이드파크(382-2),382-2,11230-2434,11230,10600,1,0382,0002,20,2026-04-27,46000,10,17.16|17.33|20.94|21.94|28.18|28.91|29.94|32.9|39.85|84.98
15,동대문구,장안동,제이슨(360-7),360-7,11230-77,11230,,1,0360,0007,3,2024-05-17,26500,3,35.07|45.95|54.695
27,동대문구,장안동,젬스톤힐즈,335-7,11230-2726,11230,,1,0335,0007,10,2026-01-27,53000,5,51.64|52.04|59.24|59.61|59.84
19,동대문구,장안동,천강(332-6),332-6,11230-34,11230,,1,0332,0006,6,2024-10-19,59000,6,105.83|109.78|114.36|116.33|132.43|142.14
18,동대문구,장안동,청명에버아트1차,382-3,11230-2697,11230,,1,0382,0003,2,2023-11-30,40800,1,50.86
18,동대문구,장안동,청명에버아트2차,382-4,11230-2698,11230,,1,0382,0004,6,2025-06-21,40800,2,37.07|48.72
34,동대문구,장안동,청명에버아트3차,372-8,11230-2723,11230,,1,0372,0008,16,2024-11-21,47000,1,52.96
15,동대문구,장안동,청솔브레싱(A동)(400-1),400-1,11230-92,11230,,1,0400,0001,4,2025-07-12,33500,3,48.66|69.66|70.58
15,동대문구,장안동,청솔브레싱(B동)(400-9),400-9,11230-93,11230,,1,0400,0009,3,2021-10-13,41700,3,55.23|65.52|70.59
20,동대문구,장안동,청솔아파트(A동),372-9,11230-2541,11230,,1,0372,0009,10,2025-10-01,44800,6,41.34|48.15|48.26|48.78|59.78|59.92
26,동대문구,장안동,청솔아파트(B동),372-16,11230-2543,11230,,1,0372,0016,15,2026-03-08,45000,3,53.79|53.95|59.93
39,동대문구,장안동,청원파크빌,570,11230-2031,11230,,1,0570,0000,8,2025-06-03,58000,5,46.58|52.36|68.89|72.84|78.89
62,동대문구,장안동,코지언레지던스,345-10,11230-2353,11230,,1,0345,0010,31,2022-03-24,13450,3,13.08|13.12|17.19
60,동대문구,장안동,태솔아파트1차,382-5,11230-2638,11230,,1,0382,0005,21,2026-04-18,55000,4,54.2|57.49|58.71|59.77
80,동대문구,장안동,태솔아파트3차,346-1,11230-2825,11230,,1,0346,0001,92,2026-03-20,54500,8,50.51|51.96|55.68|57.98|58.24|59.24|59.52|59.57
54,동대문구,장안동,태솔아파트4차,335-10,11230-2936,11230,,1,0335,0010,28,2025-10-19,55300,6,52.27|53.19|54.43|54.53|57.84|59.93
19,동대문구,장안동,태솔아파트5차,334-3,11230-2989,11230,,1,0334,0003,4,2026-04-06,57000,2,54.36|57.37
29,동대문구,장안동,태솔에버빌,312-8,11230-2395,11230,,1,0312,0008,17,2025-12-22,42000,2,49.65|49.88
33,동대문구,장안동,태솔에버빌2차,383-10,11230-2500,11230,,1,0383,0010,10,2025-03-18,49500,5,55.08|57.65|58.05|59.6|59.94
33,동대문구,장안동,태솔에버빌3차,383-11,11230-2503,11230,,1,0383,0011,10,2023-04-10,37300,5,55.08|57.65|58.05|59.6|59.94
28,동대문구,장안동,태솔타운(1차),344-8,11230-2300,11230,,1,0344,0008,5,2025-01-15,31000,3,41.67|48.33|49.77
28,동대문구,장안동,태솔타운2차,367-4,11230-2448,11230,,1,0367,0004,8,2025-10-17,35300,3,46.41|47.31|54.78
28,동대문구,장안동,태솔타운3차,367-11,11230-2447,11230,,1,0367,0011,6,2021-05-25,33000,3,38.09|47.37|48.16
27,동대문구,장안동,태솔타워,364-9,11230-2285,11230,,1,0364,0009,11,2025-07-29,34600,4,24.43|39.24|45.81|46.82
19,동대문구,장안동,푸른마을(284-3),284-3,11230-216,11230,,1,0284,0003,4,2023-09-02,42000,1,59.94
45,동대문구,장안동,프라하임장안1,432-11,11230-2986,11230,,1,0432,0011,2,2024-03-08,23800,1,21.34
72,동대문구,장안동,한강훼미리주상복합아파트,381-3,11230-2182,11230,,1,0381,0003,37,2026-04-02,62800,3,75.96|76.34|83.43
18,동대문구,장안동,한일(424-1),424-1,11230-118,11230,,1,0424,0001,2,2025-08-18,56000,1,84.73
27,동대문구,장안동,형인허브빌(450-4),450-4,11230-219,11230,,1,0450,0004,4,2024-07-01,64000,2,70.44|84.68
24,동대문구,장안동,형인허브빌101동(417-3),417-3,11230-115,11230,,1,0417,0003,4,2024-05-07,65000,1,100.83
18,동대문구,장안동,형인허브빌102동(417-11),417-11,11230-117,11230,,1,0417,0011,3,2019-10-21,43000,1,78.81
79,동대문구,장안동,형인허브빌2차(566),566,11230-1981,11230,,1,0566,0000,13,2026-04-14,69500,4,73.84|83.65|84.19|84.94
48,동대문구,장안동,형인허브빌아파트301동,561,11230-1976,11230,,1,0561,0000,10,2025-10-13,70000,4,82.43|84.86|97.36|104.92
44,동대문구,장안동,형인휴아름101동,584,11230-2409,11230,,1,0584,0000,8,2025-03-27,64500,7,73.5|74.93|76.28|77.31|78.61|81.5|83.16
31,동대문구,장안동,홍해오크펠리스3차,582,11230-2276,11230,,1,0582,0000,3,2020-05-15,51500,3,71.48|77.6|84.47
19,동대문구,장안동,화성(311-6),311-6,11230-97,11230,,1,0311,0006,4,2020-07-10,43000,3,84.6|84.62|87.99
17,동대문구,장안동,화성(401-1),401-1,11230-113,11230,,1,0401,0001,3,2020-06-17,37000,3,67.8|74.13|81.58
18,동대문구,장안동,흥해오크팰리스(440-5),440-5,11230-2161,11230,,1,0440,0005,3,2023-08-20,63800,1,76.68
67,동대문구,장안동,흥해오크팰리스(576-0),576,11230-2075,11230,,1,0576,0000,12,2025-10-16,74000,2,84.62|84.96
24,동대문구,전농동,다스하우스,100-1,11230-2852,11230,,1,0100,0001,2,2019-08-10,14800,2,15.5|15.87
29,동대문구,전농동,리베르떼,597-5,11230-2914,11230,,1,0597,0005,6,2026-02-06,35500,2,19.74|27.23
10,동대문구,전농동,봄봄하이츠,103-231,11230-2834,11230,,1,0103,0231,2,2019-03-06,30000,2,17.06|29.94
15,동대문구,전농동,샤인파크,103-233,11230-2829,11230,,1,0103,0233,1,2019-07-31,37000,1,29.98
14,동대문구,전농동,세화,103-22,11230-13,11230,,1,0103,0022,2,2026-01-02,59000,1,72.04
15,동대문구,전농동,오크밸리,127-34,11230-2833,11230,,1,0127,0034,3,2019-10-03,37500,1,29.55
,동대문구,전농동,퀸즈W청량리역,127-359,11230-4367,11230,,1,0127,0359,13,2026-03-23,31250,1,20.0021
29,동대문구,제기동,건영스타밸리,757-12,11230-3019,11230,,1,0757,0012,10,2026-02-02,66500,5,58.93|59.9|61.07|62.15|63.06
228,동대문구,제기동,경동미주,892-68,11230-3,11230,,1,0892,0068,27,2024-08-26,97000,2,67.21|96.96
65,동대문구,제기동,공성,892-65,11230-4,11230,,1,0892,0065,12,2022-03-29,62500,4,73.62|89.88|89.95|104.22
10,동대문구,제기동,동성네스트빌,1158-6,11230-1963,11230,,1,1158,0006,8,2025-02-04,63000,4,53.51|66.01|73.97|79.61
14,동대문구,제기동,동성네스트빌(1158-17),1158-17,11230-80,11230,,1,1158,0017,7,2024-08-07,60000,4,71.07|71.79|74.46|76.17
15,동대문구,제기동,동성네스트빌2,274-21,11230-90,11230,,1,0274,0021,2,2025-02-14,44000,2,53.8|60.83
9,동대문구,제기동,명경아트빌,892-114,11230-138,11230,,1,0892,0114,3,2026-04-13,41500,2,67.46|69.62
28,동대문구,제기동,어반넥서스,1158-40,11230-2629,11230,,1,1158,0040,9,2025-08-07,50300,3,52.63|52.84|58.7
10,동대문구,제기동,월드캐슬,1158-25,11230-78,11230,,1,1158,0025,1,2018-06-01,68500,1,181.47
12,동대문구,제기동,청우,1158-10,11230-74,11230,,1,1158,0010,5,2024-04-28,59500,2,84.88|84.98
38,동대문구,제기동,홍파,120-10,11230-7,11230,,1,0120,0010,13,2025-10-04,73800,5,39.67|59.5|61.72|63.9|65.92
18,동대문구,제기동,효성트럼프,134-73,11230-89,11230,,1,0134,0073,6,2025-09-29,60000,4,67.53|72.05|75.83|84.64
20,동대문구,청량리동,광남캐스빌,425,11230-42,11230,,1,0425,0000,7,2021-08-04,135000,4,84.66|84.71|84.86|138.14
55,동대문구,청량리동,샹그레빌아파트,949,11230-2029,11230,,1,0949,0000,14,2026-03-09,71500,2,79.984|80.16
17,동대문구,청량리동,청량리신주,205-755,11230-123,11230,,1,0205,0755,5,2025-09-25,45000,3,66.13|71.96|84.45
16,동대문구,회기동,동일스카이시티2차,60-230,11230-1983,11230,,1,0060,0230,4,2025-11-15,33100,3,49.65|54.36|66.87
12,동대문구,회기동,동일스카이시티3차,60-223,11230-2067,11230,,1,0060,0223,4,2026-02-24,40000,1,68.035
16,동대문구,회기동,동일스카이씨티,65-81,11230-188,11230,,1,0065,0081,3,2024-11-27,36700,3,62.66|69.04|73.36
110,동대문구,회기동,민족통일MJ캠퍼스경희대,67-3,11230-2744,11230,,1,0067,0003,29,2026-04-19,29000,7,20.01|20.34|23.16|23.25|23.32|27.64|28.07
132,동대문구,회기동,민족통일MJ캠퍼스경희대2차,65-39,11230-3015,11230,,1,0065,0039,6,2026-01-24,34690,2,13.53|17.67
18,동대문구,회기동,회기아파트(347-7),347-7,11230-191,11230,,1,0347,0007,3,2024-10-09,50800,1,82.66
19,동대문구,휘경동,동성,308-110,11230-49,11230,,1,0308,0110,10,2022-12-21,60000,7,25.34|53.33|53.88|54.04|68.24|73.3|79.39
208,동대문구,휘경동,동양2차,117,11230-83,11230,,1,0117,0000,36,2026-02-25,98000,4,59.949|84.614|84.984|113.607
15,동대문구,휘경동,월드아파트,108-4,11230-56,11230,,1,0108,0004,7,2020-12-15,36800,4,66.4|74.23|76.86|83.71
148,동대문구,휘경동,캠퍼스드림오피스텔,336-32,11230-2964,11230,,1,0336,0032,34,2026-01-20,22200,1,16.04
80,동대문구,휘경동,효자워너빌,264-2,11230-2056,11230,,1,0264,0002,18,2025-06-17,74000,1,84.64
64,동대문구,휘경동,휘경제이스카이아파트,369,11230-2645,11230,,1,0369,0000,33,2026-04-07,73000,1,84.43
49,동작구,노량진동,노량진맨션,227-5,11590-2,11590,,1,0227,0005,19,2025-06-09,161000,8,56.06|57.06|57.32|69.09|69.36|72.07|73.52|93.12
299,동작구,노량진동,메가스터디타워,57-1,11590-4413,11590,10100,1,0057,0001,108,2026-04-20,37000,4,15.974|16.01|21.746|32.642
18,동작구,노량진동,벧엘ForZoom,315-13,11590-145,11590,,1,0315,0013,4,2020-06-06,99500,3,43.27|75.97|76.31
,동작구,노량진동,실크,314-86,11590-211,11590,,1,0314,0086,4,2019-09-26,89500,3,54.99|75.55|81.95
10,동작구,노량진동,은성,228-7,11590-210,11590,,1,0228,0007,4,2024-02-20,115000,4,61.81|80.3|80.48|81.98
10,동작구,노량진동,정호샤인빌,314-37,11590-7,11590,,1,0314,0037,2,2019-05-20,67000,2,42.85|63.75
73,동작구,노량진동,형인한강,331,11590-6,11590,,1,0331,0000,18,2025-12-20,88000,1,76.05
13,동작구,대방동,(99-1),99-1,11590-194,11590,,1,0099,0001,11,2025-05-24,53500,5,56.085|58.24|63.925|71.025|83.92
17,동작구,대방동,그린힐,381-35,11590-116,11590,,1,0381,0035,3,2025-10-10,62000,2,74.47|74.97
19,동작구,대방동,다운페라,393-26,11590-3357,11590,,1,0393,0026,7,2021-06-18,59800,4,62.91|81.07|82.43|83.41
10,동작구,대방동,다울,375-16,11590-113,11590,,1,0375,0016,6,2025-07-03,74000,1,105.715
11,동작구,대방동,대방(375-22),375-22,11590-114,11590,,1,0375,0022,4,2022-05-16,69000,1,96.49
56,동작구,대방동,대방파크빌,516,11590-4901,11590,,1,0516,0000,41,2018-08-22,32000,13,28.43|29.06|29.31|29.79|29.84|29.99|35.22|35.24|35.68|37.57|38.33|38.87|40.94
15,동작구,대방동,대방홈타운,377-1,11590-115,11590,,1,0377,0001,2,2024-04-03,49000,2,69.3|69.99
17,동작구,대방동,드림빌라트,381-3,11590-235,11590,,1,0381,0003,4,2022-11-25,58000,3,63.05|73.49|80.45
12,동작구,대방동,디어파크(파크빌리지),375-37,11590-140,11590,,1,0375,0037,5,2025-10-14,62300,3,73.66|77.36|92.05
14,동작구,대방동,리치빌203,11-1,11590-91,11590,,1,0011,0001,2,2019-07-03,50500,2,108.39|112.49
135,동작구,대방동,보라매센트럴타운,522,11590-5033,11590,,1,0522,0000,31,2022-06-08,29100,3,16.9036|17.3185|17.7132
19,동작구,대방동,비전,43-9,11590-139,11590,,1,0043,0009,5,2024-09-07,151000,2,117.84|122.52
14,동작구,대방동,삼인,385-11,11590-117,11590,,1,0385,0011,4,2025-02-13,63000,2,80.58|83.28
18,동작구,대방동,신건드림원,375-14,11590-3382,11590,,1,0375,0014,7,2022-05-13,68500,2,84.85|84.95
19,동작구,대방동,신대방타워,393-71,11590-141,11590,,1,0393,0071,1,2021-01-04,60500,1,84.78
18,동작구,대방동,신호리치빌,383-17,11590-92,11590,,1,0383,0017,5,2024-10-12,75000,3,84.69|84.74|84.78
149,동작구,대방동,아데나339,515,11590-3964,11590,,1,0515,0000,63,2026-04-04,21000,15,12.51|12.6|12.68|13.07|13.58|15.36|16.54|18.56|18.67|18.98|21.32|23.69|26.78|27.83|29.22
60,동작구,대방동,진성마블로스,394-2,11590-3842,11590,,1,0394,0002,22,2026-02-19,13800,2,14.134|14.4
14,동작구,대방동,푸른숲,381-6,11590-3500,11590,,1,0381,0006,3,2025-02-22,74000,2,84.64|96.54
15,동작구,대방동,하나마을,391-225,11590-118,11590,,1,0391,0225,5,2024-12-15,66000,3,84.99|108.06|108.12
90,동작구,대방동,한국개나리,504,11590-64,11590,,1,0504,0000,25,2025-10-14,101000,3,59.85|84.9|108.99
48,동작구,봉천동,캐릭터그린빌,729-24,11620-4336,11590,,1,0729,0024,1,2018-08-24,83000,1,183.4
1729,동작구,봉천동,현대(관악),1000,11620-28,11590,,1,1000,0000,1,2023-01-06,73000,1,105.84
14,동작구,사당동,강남드리움2차,1051-6,11590-147,11590,,1,1051,0006,2,2025-02-03,50000,1,89.8
14,동작구,사당동,공감지음포레뷰아파트,235-62,11590-5076,11590,,1,0235,0062,2,2025-07-11,73500,1,72.27
40,동작구,사당동,관악푸르지오102동,1152,11590-3369,11590,,1,1152,0000,9,2025-10-10,135000,1,114.69
12,동작구,사당동,까치산,288-34,11590-144,11590,,1,0288,0034,1,2021-10-27,64500,1,84.56
19,동작구,사당동,남성골든빌A동B동,212-3,11590-108,11590,,1,0212,0003,5,2026-02-10,62000,4,45.43|63.41|65.27|90.73
19,동작구,사당동,남양이룸,278-8,11590-3276,11590,,1,0278,0008,2,2023-08-17,55000,1,101.53
19,동작구,사당동,닷컴캐슬,449-28,11590-112,11590,,1,0449,0028,8,2025-06-27,51500,2,72.62|73.19
76,동작구,사당동,대창센시티,1147,11590-3279,11590,,1,1147,0000,24,2026-03-11,102500,6,59.3925|77.2084|79.6824|84.9344|95.1034|102.645
10,동작구,사당동,동문아트빌,235-76,11590-233,11590,,1,0235,0076,3,2024-04-10,71000,3,26.55|99.66|100.23
18,동작구,사당동,두성,120,11590-173,11590,,1,0120,0000,2,2022-11-15,70000,1,62.46
19,동작구,사당동,라이즈1동,64-264,11590-171,11590,,1,0064,0264,2,2021-06-17,45500,2,61.11|67.26
19,동작구,사당동,라이즈2동,64-128,11590-170,11590,,1,0064,0128,3,2020-11-10,48500,3,50.76|65.19|67.26
19,동작구,사당동,레디앙스,238-6,11590-208,11590,,1,0238,0006,10,2026-04-08,72500,6,68.6|73.87|74.08|74.47|74.73|78.48
49,동작구,사당동,반석블레스,1158,11590-4568,11590,,1,1158,0000,26,2026-03-04,76000,1,59.86
79,동작구,사당동,사당해그린,1145,11590-137,11590,,1,1145,0000,13,2023-10-25,93000,4,59.92|84.98|94.22|110.78
96,동작구,사당동,사당휴브리지(206-127),206-127,11590-4322,11590,,1,0206,0127,40,2025-07-12,17500,3,12.42|12.49|12.81
18,동작구,사당동,세림아파트(43-71),43-71,11590-3294,11590,,1,0043,0071,6,2022-12-24,82500,1,72.59
18,동작구,사당동,씨티뷰2차,303-109,11590-149,11590,,1,0303,0109,5,2021-08-20,109000,2,93.65|135
18,동작구,사당동,오림센트빌,1048-8,11590-193,11590,,1,1048,0008,6,2024-11-12,51000,5,20.45|57.35|58.07|83.71|85.63
42,동작구,사당동,이너스내안애,1156,11590-3869,11590,,1,1156,0000,20,2026-03-04,105000,2,78.33|84.97
19,동작구,사당동,이수프라자,138-3,11590-136,11590,,1,0138,0003,4,2025-03-21,78000,4,79.47|83.88|120.82|121.18
55,동작구,사당동,인정,196,11590-50,11590,,1,0196,0000,5,2023-08-01,58000,1,59.79
9,동작구,사당동,중앙아트,428-3,11590-234,11590,,1,0428,0003,1,2025-05-30,80000,1,95.28
16,동작구,사당동,태천,205-5,11590-56,11590,,1,0205,0005,2,2019-05-18,47000,2,73.33|76.29
10,동작구,사당동,해맑은,449-10,11590-111,11590,,1,0449,0010,2,2024-08-20,50000,2,47.85|82.89
11,동작구,상도1동,노블리움,441-5,11590-225,11590,,1,0441,0005,5,2023-06-01,63000,3,65.16|84.7|84.77
14,동작구,상도1동,노블리움(466-0),466,11590-226,11590,,1,0466,0000,3,2021-04-29,50300,3,67.47|68.2|73.94
19,동작구,상도1동,대영테크빌,328-18,11590-222,11590,,1,0328,0018,7,2024-08-21,54000,4,78.27|84.06|84.59|84.64
14,동작구,상도1동,두이노블레스,441-2,11590-224,11590,,1,0441,0002,4,2022-04-06,60000,2,79.05|81.31
10,동작구,상도1동,방주샤인(428-7),428-7,11590-223,11590,,1,0428,0007,1,2025-06-11,53500,1,82.05
19,동작구,상도1동,백경,328-11,11590-27,11590,,1,0328,0011,7,2023-11-11,48000,4,59.74|65.45|67.83|68.15
14,동작구,상도1동,숭실그랜드,317-1,11590-26,11590,,1,0317,0001,11,2025-10-19,50000,5,36.6|48.52|57.71|70.24|71.37
10,동작구,상도1동,장원빌리지,488-8,11590-164,11590,,1,0488,0008,1,2025-06-13,43000,1,60.48
12,동작구,상도1동,정호탑,564,11590-3320,11590,,1,0564,0000,1,2020-08-06,34000,1,78.22
15,동작구,상도1동,평화그린,505,11590-228,11590,,1,0505,0000,2,2025-11-28,68000,2,91.35|99.96
17,동작구,상도1동,한주에코,311-1,11590-221,11590,,1,0311,0001,3,2024-07-10,56000,3,70.34|73.06|83.98
19,동작구,상도1동,현진베스트빌,501-3,11590-227,11590,,1,0501,0003,7,2026-04-09,55500,3,70.1|73.15|82
70,동작구,상도동,강남(488),488,11590-8,11590,,1,0488,0000,3,2025-08-08,16000,3,42.88|47.14|53.55
11,동작구,상도동,남현그린,210-250,11590-121,11590,,1,0210,0250,3,2025-10-14,49000,2,77.42|78.37
28,동작구,상도동,다온아파트,256-28,11590-4728,11590,,1,0256,0028,11,2025-09-27,57000,4,47.94|48.88|55.22|57.86
18,동작구,상도동,대동아파트,7-71,11590-4792,11590,,1,0007,0071,4,2024-11-06,43000,3,59.75|59.86|59.9
,동작구,상도동,대림(36-1),36-1,11590-10,11590,,1,0036,0001,1,2019-05-31,116000,1,73.39
78,동작구,상도동,대우유로카운티,420,11590-101,11590,,1,0420,0000,29,2026-03-17,160000,3,133.67|142.129|149.049
75,동작구,상도동,동아,409,11590-11,11590,,1,0409,0000,10,2026-02-27,71700,1,83.09
,동작구,상도동,드림캐슬타워,183-26,11590-4988,11590,,1,0183,0026,77,2021-05-26,77068,6,10.156|10.288|11.819|11.915|14.776|15.598
13,동작구,상도동,백촌빌라트,159-41,11590-214,11590,,1,0159,0041,3,2025-10-04,44500,2,65.04|68.37
18,동작구,상도동,본파크빌,210-117,11590-124,11590,,1,0210,0117,1,2018-06-24,36000,1,76.18
61,동작구,상도동,삼익,413,11590-12,11590,,1,0413,0000,11,2025-09-09,86000,2,59.93|84.96
91,동작구,상도동,삼환나우빌(520-0),520,11590-3388,11590,,1,0520,0000,23,2026-01-19,123500,4,84.87|121.346|124.837|126.362
23,동작구,상도동,상도고구아파트,7-98,11590-4933,11590,,1,0007,0098,6,2023-10-16,51000,2,29.98|70.68
19,동작구,상도동,상도타워A동,283-75,11590-3874,11590,,1,0283,0075,9,2025-05-27,43000,4,78.26|78.4|81.06|81.1
13,동작구,상도동,상도타워B동,283-73,11590-3873,11590,,1,0283,0073,6,2025-05-17,35700,2,67.1|81.06
80,동작구,상도동,상도팰리스,460,11590-123,11590,,1,0460,0000,17,2026-03-23,89000,1,84.86
,동작구,상도동,상무,283-137,11590-3752,11590,,1,0283,0137,1,2018-06-25,18600,1,77.98
19,동작구,상도동,상진아파트,323-4,11590-204,11590,,1,0323,0004,4,2025-12-01,98800,2,106.51|126.35
8,동작구,상도동,샤인,350-5,11590-3418,11590,,1,0350,0005,2,2025-11-10,68700,2,72.61|81.84
18,동작구,상도동,성대아파트,263-2,11590-125,11590,,1,0263,0002,4,2025-12-27,104700,4,64|69.72|78.57|84.46
19,동작구,상도동,성우2차아파트,375-5,11590-217,11590,,1,0375,0005,6,2025-06-03,57500,4,73.19|75.6|76.8|83.83
19,동작구,상도동,성우아파트,380-1,11590-218,11590,,1,0380,0001,10,2025-07-14,65000,5,38.44|64.94|68.72|68.94|72
18,동작구,상도동,세레노,126-17,11590-19,11590,,1,0126,0017,4,2025-04-16,51000,4,71.02|81.06|84.47|84.57
19,동작구,상도동,수정,466,11590-25,11590,,1,0466,0000,1,2019-08-22,44500,1,84.56
17,동작구,상도동,수정빌라트(56-45),56-45,11590-155,11590,,1,0056,0045,5,2022-02-15,52000,3,65.32|85.7|88.025
19,동작구,상도동,숭실골드,473,11590-220,11590,,1,0473,0000,10,2025-02-06,54400,6,57.9|62.43|65.1|70.37|70.97|76.23
10,동작구,상도동,숭실위드,472-24,11590-219,11590,,1,0472,0024,1,2019-09-26,36000,1,67.88
141,동작구,상도동,씨티아모리움,532,11590-3991,11590,,1,0532,0000,50,2026-04-02,20000,4,12.7071|14.1881|15.5895|17.4395
19,동작구,상도동,오크밸리,1-7,11590-24,11590,,1,0001,0007,7,2024-01-15,48500,4,40.27|55.32|65.84|78.42
9,동작구,상도동,원명,335-140,11590-146,11590,,1,0335,0140,1,2018-10-04,45000,1,84.97
10,동작구,상도동,원아파트,256-206,11590-3349,11590,,1,0256,0206,3,2026-04-13,80000,1,84.74
19,동작구,상도동,장승,212-99,11590-21,11590,,1,0212,0099,4,2024-03-16,52000,3,39.48|76|80.5
18,동작구,상도동,정호백경,181-2,11590-143,11590,,1,0181,0002,2,2022-05-27,42000,1,80.73
19,동작구,상도동,정호힐사이드,77-21,11590-156,11590,,1,0077,0021,6,2024-10-20,53000,4,81.26|83.51|83.61|84.24
17,동작구,상도동,종인아네스트,7-92,11590-3769,11590,,1,0007,0092,5,2022-07-02,59300,4,56.97|62.67|66.48|84.84
18,동작구,상도동,종인아네스트(409-3),409-3,11590-3754,11590,,1,0409,0003,7,2025-09-10,62500,2,58.76|68.57
18,동작구,상도동,진성그린,126-31,11590-213,11590,,1,0126,0031,2,2021-09-06,43000,2,74.72|76.02
19,동작구,상도동,청운아파트,301-226,11590-216,11590,,1,0301,0226,8,2024-09-03,38000,6,50.37|55.95|60.71|61.7|79.02|79.93
19,동작구,상도동,초원,301-4,11590-107,11590,,1,0301,0004,6,2026-03-18,49500,5,71.91|90.06|92.99|93.83|102.9
12,동작구,상도동,태양아파트,279-515,11590-215,11590,,1,0279,0515,2,2020-11-20,41000,2,64.68|82.88
16,동작구,상도동,파크뷰아파트,283-68,11590-3671,11590,,1,0283,0068,8,2025-10-24,69000,2,56.72|79.44
28,동작구,상도동,파크팰리스,299-63,11590-4716,11590,,1,0299,0063,1,2019-06-17,34800,1,47.99
18,동작구,상도동,푸른솔,126-18,11590-212,11590,,1,0126,0018,3,2021-04-27,33500,2,84.18|84.67
,동작구,상도동,한강리버힐B동,1-38,11590-3339,11590,,1,0001,0038,1,2020-06-24,23000,1,73.07
19,동작구,상도동,현산푸른숲,126-32,11590-3394,11590,,1,0126,0032,2,2022-04-14,85500,2,122.92|140.72
19,동작구,신대방동,뉴홍현,344-179,11590-236,11590,,1,0344,0179,3,2020-06-08,50500,1,84.46
99,동작구,신대방동,보라매나산스위트,395-68,11590-69,11590,,1,0395,0068,23,2025-02-05,190000,2,218.61|219.51
72,동작구,신대방동,삼성보라매옴니타워,395-62,11590-73,11590,,1,0395,0062,21,2025-10-01,148500,3,161.11|164.76|164.88
10,동작구,신대방동,엘리스,366-176,11590-80,11590,,1,0366,0176,4,2026-02-12,41800,4,50.03|76.92|82.3|93.44
60,동작구,신대방동,펭귄,364-55,11590-237,11590,,1,0364,0055,18,2025-10-01,55000,3,57.69|63.04|63.11
18,동작구,흑석동,MARKHILLS,172-8,11590-3669,11590,,1,0172,0008,5,2024-12-16,570000,1,244.43
90,동작구,흑석동,명수대한양,38-58,11590-33,11590,,1,0038,0058,15,2023-08-26,188000,4,84.24|84.45|84.63|84.9
16,동작구,흑석동,중앙궁전빌라트,191-8,11590-135,11590,,1,0191,0008,1,2024-01-22,70000,1,121.68
18,동작구,흑석동,한진리버타운,257-8,11590-230,11590,,1,0257,0008,2,2019-06-30,79000,2,76.56|83.35
124,마포구,공덕동,공덕더샵,478,11440-5727,11440,,1,0478,0000,31,2025-12-26,230000,5,84.9596|84.9598|84.96|84.99|84.9902
9,마포구,공덕동,공덕스카이아파트,4-32,11440-3932,11440,,1,0004,0032,3,2024-01-15,73500,1,84.97
51,마포구,공덕동,공덕헤리지움,108-57,11440-5875,11440,,1,0108,0057,51,2020-07-23,51500,7,17.89|24.17|29.09|29.56|34.77|36.38|37.59
39,마포구,공덕동,두영이지안,468,11440-4462,11440,,1,0468,0000,5,2025-11-29,123000,4,84.7|84.76|84.79|111.59
14,마포구,공덕동,로즈빌A,111-7,11440-173,11440,,1,0111,0007,5,2021-04-25,86000,3,76.04|84.72|84.96
14,마포구,공덕동,로즈빌B,111-416,11440-174,11440,,1,0111,0416,4,2025-04-21,89000,1,84.98
114,마포구,공덕동,롯데캐슬프레지던트,467,11440-4583,11440,,1,0467,0000,37,2025-05-15,470000,4,191.532|191.872|231.074|245.39
50,마포구,공덕동,마포공덕파크팰리스Ⅱ,462,11440-3915,11440,,1,0462,0000,12,2026-03-28,165000,3,119.07|125.33|141.46
66,마포구,공덕동,솔리스타,30-10,11440-5776,11440,,1,0030,0010,30,2025-11-15,30000,3,14.29|16.99|28.59
16,마포구,공덕동,효창그린아파트,11-168,11440-962,11440,,1,0011,0168,5,2021-01-15,115000,3,163|163.57|217.55
19,마포구,구수동,영풍,41-4,11440-44,11440,,1,0041,0004,2,2025-10-10,120000,2,84.19|97.92
29,마포구,노고산동,신촌다올노블리움,1-25,11440-5657,11440,,1,0001,0025,8,2026-03-12,24000,4,14.2|14.47|14.52|20.13
203,마포구,노고산동,현대벤처빌,107-36,11440-37,11440,11000,1,0107,0036,108,2026-04-02,63000,14,25.42|27.9|30.34|31.57|32.8|34.64|36|38.02|41.58|41.96|42.64|44.72|63.53|84.51
17,마포구,대흥동,성신,18-55,11440-3931,11440,,1,0018,0055,5,2025-09-07,79500,2,64.05|75.06
63,마포구,도화동,고려,544,11440-11,11440,,1,0544,0000,8,2026-04-08,112000,3,79.33|81.72|84.51
76,마포구,도화동,마포아크로타워,563,11440-4108,11440,,1,0563,0000,24,2026-03-28,180000,3,84.99|116.52|203.35
72,마포구,도화동,마포트라팰리스,559,11440-3993,11440,,1,0559,0000,18,2025-11-07,149500,5,69.05|75.36|84.02|97.6|99.66
84,마포구,도화동,성지,538,11440-16,11440,,1,0538,0000,15,2026-03-04,77000,2,84.24|84.25
90,마포구,도화동,정우상가맨션,536,11440-18,11440,,1,0536,0000,35,2026-02-27,159000,11,64.62|74.19|76.72|105.52|114.89|117.84|118.02|125.88|126.07|142.41|142.64
19,마포구,동교동,광남벨라스1동,200-38,11440-3941,11440,,1,0200,0038,4,2023-11-01,126500,3,83.91|127.8|135.89
19,마포구,동교동,광남벨라스2동,200-4,11440-154,11440,,1,0200,0004,3,2020-06-11,82000,3,84.42|84.84|124.47
88,마포구,마포동,강변한신코아,350,11440-27,11440,,1,0350,0000,25,2025-09-09,126000,3,51.48|77.22|83.16
96,마포구,마포동,비체힐리버뷰,449,11440-5145,11440,,1,0449,0000,53,2025-05-06,23000,14,14.5586|15.6786|15.7671|15.7836|16.5186|16.6071|17.3471|18.0061|18.2771|18.7586|19.5986|20.9946|23.0461|25.6446
48,마포구,망원동,강림스위트빌,508,11440-203,11440,,1,0508,0000,19,2025-04-29,84000,2,40|81.71
41,마포구,망원동,강변타운,490,11440-67,11440,,1,0490,0000,15,2025-06-05,91000,4,59.85|82|84.86|84.98
19,마포구,망원동,광남캐스빌,435-4,11440-68,11440,,1,0435,0004,5,2024-01-17,68000,3,49.94|75.82|84.73
18,마포구,망원동,광남캐스빌A,465-34,11440-87,11440,,1,0465,0034,11,2024-10-15,68500,5,65.5|69.68|72.58|74.44|76.08
18,마포구,망원동,광남캐스빌B,465-3,11440-84,11440,,1,0465,0003,5,2025-11-08,60000,5,64.09|65.5|69.68|71.44|71.71
18,마포구,망원동,광남캐스빌D,465-32,11440-85,11440,,1,0465,0032,4,2024-01-31,68000,2,71.74|72.85
18,마포구,망원동,그린월드,464-11,11440-194,11440,,1,0464,0011,4,2023-04-15,48000,3,36.41|49.44|77.52
18,마포구,망원동,길명1차아파트,456-9,11440-189,11440,,1,0456,0009,7,2025-09-30,94000,2,109.61|118.26
18,마포구,망원동,길명2차(455-4),455-4,11440-452,11440,,1,0455,0004,3,2024-05-08,124000,2,131.188|133.308
19,마포구,망원동,노아아크빌,471-3,11440-197,11440,,1,0471,0003,8,2025-08-25,83000,2,106.15|106.2
14,마포구,망원동,뉴서울,412-19,11440-81,11440,,1,0412,0019,7,2025-03-25,58000,4,43.38|77.67|77.76|79.77
29,마포구,망원동,뉴성신아파트,433-4,11440-5972,11440,,1,0433,0004,17,2025-09-26,73000,8,43.82|44.61|58.83|59.02|59.27|59.5|64.08|67.13
117,마포구,망원동,대상3,491,11440-69,11440,,1,0491,0000,47,2026-04-14,89000,2,59.61|84.9
43,마포구,망원동,대상4,492,11440-70,11440,,1,0492,0000,9,2026-02-12,95000,3,59.97|84.9|114.24
43,마포구,망원동,대성1,429-4,11440-71,11440,,1,0429,0004,6,2023-05-18,64500,2,59.77|78.22
39,마포구,망원동,대성2,429-3,11440-72,11440,,1,0429,0003,4,2020-04-02,55000,2,59.78|82.66
18,마포구,망원동,동보프리미아,463-2,11440-217,11440,,1,0463,0002,13,2026-03-30,71000,1,63.02
71,마포구,망원동,두영이지안,510,11440-205,11440,,1,0510,0000,15,2026-02-24,89000,6,59.95|70.84|71.42|71.77|80.79|84.13
18,마포구,망원동,리버뷰,455-2,11440-4040,11440,,1,0455,0002,2,2020-07-07,59500,2,73.53|84.12
17,마포구,망원동,리츠,483-3,11440-5249,11440,,1,0483,0003,9,2022-06-09,72000,6,50.87|53.65|56.68|57.41|58.44|84.17
66,마포구,망원동,마포월드컵제이스카이,523,11440-5919,11440,,1,0523,0000,12,2026-03-31,87300,3,49.61|59.95|59.97
101,마포구,망원동,망원동동원데쟈뷰,516,11440-4503,11440,,1,0516,0000,22,2026-04-03,107500,3,82.9|84.85|111.89
18,마포구,망원동,목화,483-6,11440-158,11440,,1,0483,0006,4,2024-04-30,78000,2,84.67|84.87
19,마포구,망원동,몬드리안,470-1,11440-196,11440,,1,0470,0001,4,2021-03-13,76000,2,67.14|83.46
42,마포구,망원동,미원1,478-27,11440-74,11440,,1,0478,0027,10,2026-03-20,62500,1,58.98
48,마포구,망원동,삼성화원,494,11440-92,11440,,1,0494,0000,6,2025-03-26,108200,1,89.55
19,마포구,망원동,삼우월드,384-7,11440-187,11440,,1,0384,0007,8,2025-01-10,74000,4,32.67|56.15|84.68|92.6
18,마포구,망원동,삼우하이뷰,381-9,11440-156,11440,,1,0381,0009,3,2026-03-31,86000,3,86.7|109.85|118.91
14,마포구,망원동,삼화아크빌(470-2),470-2,11440-3910,11440,,1,0470,0002,5,2023-06-13,78000,1,103.9
14,마포구,망원동,삼화아크빌(470-39),470-39,11440-3911,11440,,1,0470,0039,2,2024-05-07,80000,1,103.9
107,마포구,망원동,상암마젤란21,513,11440-453,11440,,1,0513,0000,21,2026-03-20,100000,2,55.85|82.39
70,마포구,망원동,성신,433-3,11440-75,11440,,1,0433,0003,26,2026-01-30,48000,4,47.57|47.58|48.26|48.3
100,마포구,망원동,성원1,420,11440-128,11440,,1,0420,0000,30,2026-02-14,85000,3,59.4|67.5|84.92
19,마포구,망원동,세광,468-18,11440-195,11440,,1,0468,0018,3,2021-03-08,56500,2,68.88|97.34
36,마포구,망원동,솔루체,439-1,11440-5944,11440,,1,0439,0001,14,2026-01-12,81000,3,54.13|54.19|57.92
60,마포구,망원동,솔루체2차아파트,525,11440-6074,11440,,1,0525,0000,11,2026-02-24,69000,5,45.51|46.11|47.16|48.13|48.31
12,마포구,망원동,송주보르미타운,475-3,11440-198,11440,,1,0475,0003,3,2024-03-01,82000,1,99.87
23,마포구,망원동,스카이캐슬,476-3,11440-5803,11440,,1,0476,0003,28,2025-11-16,59500,8,38.92|42.37|44.3|45.18|47.35|50.81|52.54|62.92
31,마포구,망원동,시티,504,11440-199,11440,,1,0504,0000,8,2025-06-27,73000,3,64.75|78.949|79.792
19,마포구,망원동,신부,432-63,11440-77,11440,,1,0432,0063,2,2019-03-28,46300,1,83.45
30,마포구,망원동,신부3차파스카,495,11440-157,11440,,1,0495,0000,6,2026-02-07,67000,3,59.94|66.51|83.95
41,마포구,망원동,신부파스카5차,518,11440-5286,11440,,1,0518,0000,19,2026-01-15,40000,2,37.17|37.21
55,마포구,망원동,예지안파크뷰,512,11440-207,11440,,1,0512,0000,14,2025-09-25,84000,4,83.68|83.8|84.19|84.71
19,마포구,망원동,예향,418-29,11440-78,11440,,1,0418,0029,6,2021-09-04,80000,3,84.67|84.75|84.84
19,마포구,망원동,참존1차(419-3),419-3,11440-3936,11440,,1,0419,0003,10,2024-09-28,72000,4,62.78|63.08|73.38|96.11
16,마포구,망원동,참존2차(101동),454-1,11440-3905,11440,,1,0454,0001,5,2024-08-05,76000,2,84.1|84.56
19,마포구,망원동,참존2차(102동),454-36,11440-3906,11440,,1,0454,0036,4,2026-03-13,76800,2,84.48|84.84
12,마포구,망원동,천우,436-6,11440-83,11440,,1,0436,0006,3,2025-11-27,65400,2,66.46|68.68
18,마포구,망원동,청화,422-12,11440-130,11440,,1,0422,0012,3,2024-07-16,66000,2,66|82.26
18,마포구,망원동,크라운빌,418-5,11440-79,11440,,1,0418,0005,2,2020-07-15,62000,1,99.86
64,마포구,망원동,탑건진선미,506,11440-201,11440,,1,0506,0000,10,2025-07-29,105000,1,84.95
18,마포구,망원동,태경크레앙스(101동),456-65,11440-191,11440,,1,0456,0065,4,2024-04-08,84000,3,26.88|80.67|84.8
13,마포구,망원동,태경크레앙스(102동),456-60,11440-190,11440,,1,0456,0060,2,2024-06-22,87000,1,84.325
12,마포구,망원동,태영,422-11,11440-82,11440,,1,0422,0011,4,2020-09-19,50300,1,64.6
33,마포구,망원동,태청,501,11440-159,11440,,1,0501,0000,15,2025-09-30,78100,4,74.76|75.23|75.74|75.77
86,마포구,망원동,한강1차대주피오레,500,11440-90,11440,,1,0500,0000,15,2025-10-11,100000,1,79.38
117,마포구,망원동,한강2차대주피오레,499,11440-91,11440,,1,0499,0000,22,2026-03-11,150000,2,84.97|99.16
19,마포구,망원동,한강그린1차아파트,236-2,11440-4939,11440,,1,0236,0002,14,2025-03-22,60000,12,50.01|55.44|56.16|58.5|60|60.04|60.1|60.11|60.48|60.6|65.53|65.79
14,마포구,망원동,한강로얄스위트,417-2,11440-3904,11440,,1,0417,0002,4,2025-03-27,88000,1,118.04
36,마포구,망원동,한강월드컵,515,11440-4006,11440,,1,0515,0000,6,2026-03-25,79500,5,39.03|59.99|84.29|84.41|84.99
34,마포구,망원동,함성드림빌,505,11440-200,11440,,1,0505,0000,10,2025-08-31,74800,3,69.13|82.85|84.98
43,마포구,망원동,함성백합,493,11440-80,11440,,1,0493,0000,14,2026-01-26,74000,5,38.69|57.98|59.9|75.2|84.42
81,마포구,망원동,함성월드빌,502,11440-132,11440,,1,0502,0000,21,2026-01-13,94000,4,57.98|59.9|76.14|84.7
43,마포구,망원동,함성월드빌2차,511,11440-206,11440,,1,0511,0000,8,2020-07-04,69000,2,72.73|84.61
40,마포구,망원동,함성월드빌3차301동,514,11440-3912,11440,,1,0514,0000,5,2024-06-04,53500,2,49.11|76.52
19,마포구,망원동,해오름,400-2,11440-4142,11440,,1,0400,0002,5,2025-09-24,100000,2,104.82|104.88
14,마포구,망원동,해오름2차,382-3,11440-4086,11440,,1,0382,0003,5,2025-05-06,88000,1,93.99
12,마포구,망원동,현대그린,464-5,11440-193,11440,,1,0464,0005,3,2024-06-22,69000,1,80.88
19,마포구,망원동,현대리버빌,460-15,11440-192,11440,,1,0460,0015,5,2025-11-26,127500,2,115.26|117.61
56,마포구,망원동,현진에버빌2,503,11440-131,11440,,1,0503,0000,11,2026-02-11,118000,1,83.654
34,마포구,상수동,밤섬리버베르빌,395,11440-133,11440,,1,0395,0000,4,2025-02-21,258000,1,174.319
11,마포구,상수동,밤섬리오팰리스,353-4,11440-134,11440,,1,0353,0004,3,2020-08-11,154000,1,232.36
24,마포구,상수동,상수동월드메르디앙,363,11440-49,11440,,1,0363,0000,8,2025-06-17,195000,2,141.79|144.19
54,마포구,상수동,신구강변연가,394,11440-152,11440,,1,0394,0000,12,2025-10-14,259000,2,152.336|187.426
19,마포구,상암동,예인하우스,34-51,11440-5134,11440,,1,0034,0051,6,2026-02-25,60000,4,71.95|73.42|76.25|81.2
18,마포구,서교동,광남벨라스(1차),465-1,11440-215,11440,,1,0465,0001,7,2025-05-10,111000,3,84.46|121.34|129.05
18,마포구,서교동,광남벨라스2차,458-22,11440-3924,11440,,1,0458,0022,5,2025-03-28,112500,3,124.69|136.14|138.62
15,마포구,서교동,광남푸른마을,381-4,11440-56,11440,,1,0381,0004,5,2023-09-02,65000,4,40.91|41.37|66.53|73.23
12,마포구,서교동,기정MAY(247-112),247-112,11440-216,11440,,1,0247,0112,3,2024-03-24,78000,3,82.54|84.64|84.78
18,마포구,서교동,기정MAY(247-28),247-28,11440-183,11440,,1,0247,0028,4,2026-03-24,102500,2,84.86|118.95
44,마포구,서교동,대아,329-2,11440-53,11440,,1,0329,0002,9,2025-11-29,89900,4,54.62|59.85|84.98|101.49
19,마포구,서교동,대운,380-44,11440-57,11440,,1,0380,0044,4,2025-04-26,86800,3,80.15|84.17|84.45
48,마포구,서교동,삼익플라주서교1,488,11440-4187,11440,,1,0488,0000,3,2026-03-24,96000,2,82.72|84.52
12,마포구,서교동,센트레,453-15,11440-60,11440,,1,0453,0015,4,2022-06-22,79000,2,79.7|81.35
12,마포구,서교동,신세계드림빌,470-20,11440-137,11440,,1,0470,0020,2,2024-08-07,58500,2,58.76|89.74
19,마포구,서교동,에덴지우,458-6,11440-4872,11440,,1,0458,0006,5,2026-01-03,80500,5,70.91|84.24|84.29|84.56|84.69
12,마포구,서교동,엘림,453-14,11440-59,11440,,1,0453,0014,4,2025-08-25,67000,2,73.21|81.35
45,마포구,서교동,엠제이더퍼스트홍대,371-7,11440-5754,11440,,1,0371,0007,49,2025-03-18,29000,3,14.89|14.97|17.46
16,마포구,서교동,청기와,478-4,11440-55,11440,,1,0478,0004,1,2019-11-18,45000,1,70.49
19,마포구,서교동,함성참좋은,247-72,11440-214,11440,,1,0247,0072,8,2021-08-28,75000,1,95.54
18,마포구,성산동,골든빌(210-10),210-10,11440-138,11440,,1,0210,0010,4,2026-03-10,103000,4,107.7|110.94|128.5|133.97
12,마포구,성산동,골든빌3차,50-1,11440-141,11440,,1,0050,0001,2,2020-05-08,45900,2,84.05|84.18
9,마포구,성산동,골든빌6차,65-2,11440-211,11440,,1,0065,0002,4,2023-05-07,58500,3,83.4|84.57|100.92
13,마포구,성산동,그레이스,254-28,11440-115,11440,,1,0254,0028,4,2026-04-08,79000,2,37.42|82.01
112,마포구,성산동,대원,596,11440-103,11440,,1,0596,0000,18,2026-03-19,83000,3,59.69|70.04|84.88
11,마포구,성산동,라인성서,25-1,11440-170,11440,,1,0025,0001,5,2023-03-28,69800,3,51.46|69.43|84.945
19,마포구,성산동,반트,249-12,11440-5176,11440,,1,0249,0012,4,2019-12-07,55700,2,73.23|74.46
17,마포구,성산동,벨로스,254-7,11440-4015,11440,,1,0254,0007,4,2024-09-08,73000,3,40.68|82.44|84.84
12,마포구,성산동,보영퍼팩트,240-5,11440-113,11440,,1,0240,0005,1,2020-08-28,64500,1,114.4
14,마포구,성산동,부림베스트빌,254-29,11440-116,11440,,1,0254,0029,2,2022-04-05,68000,1,83.41
19,마포구,성산동,삼우캐슬,646-2,11440-4192,11440,,1,0646,0002,3,2023-04-18,62000,3,71.04|84.24|84.48
18,마포구,성산동,삼익플라주서교2차,634-5,11440-4164,11440,,1,0634,0005,7,2022-11-15,69800,3,81.09|82.65|83
16,마포구,성산동,삼호빌라트,239-25,11440-105,11440,,1,0239,0025,8,2025-12-13,70000,2,73.26|83.86
12,마포구,성산동,상인파크빌,271-23,11440-119,11440,,1,0271,0023,3,2026-02-12,86000,2,75.6|91.38
49,마포구,성산동,성산동자담이움아파트,650,11440-4037,11440,,1,0650,0000,9,2026-01-07,90000,5,84.75|84.82|84.97|84.98|137.27
19,마포구,성산동,성산힐아파트,81-106,11440-4849,11440,,1,0081,0106,6,2025-12-05,64600,5,68.64|70.67|71.37|77.64|81.27
16,마포구,성산동,성일빌딩,114-3,11440-3994,11440,,1,0114,0003,10,2025-09-30,77000,6,50.84|50.85|62.55|74.25|87.71|115.65
81,마포구,성산동,세원,142-9,11440-108,11440,,1,0142,0009,25,2025-10-15,57000,3,59.87|66.51|74.46
12,마포구,성산동,엘지(214-15),214-15,11440-139,11440,,1,0214,0015,7,2024-02-25,70000,3,37.21|80.91|113.64
12,마포구,성산동,엘지(214-70),214-70,11440-140,11440,,1,0214,0070,6,2024-07-16,65700,2,92.72|102
12,마포구,성산동,예림아너스,13-21,11440-4034,11440,,1,0013,0021,7,2025-10-15,61000,1,66.51
15,마포구,성산동,유안,255-11,11440-117,11440,,1,0255,0011,5,2025-08-20,70000,5,70.19|81.38|83.55|84.96|84.98
19,마포구,성산동,한림101동,199-53,11440-212,11440,,1,0199,0053,5,2025-10-18,75000,5,71.44|80.14|80.58|84.16|84.36
10,마포구,성산동,한림201동,199-15,11440-454,11440,,1,0199,0015,3,2025-09-24,65000,2,70.84|83.89
18,마포구,성산동,해피존,249-21,11440-114,11440,,1,0249,0021,4,2024-09-19,68900,2,83.92|84.06
19,마포구,성산동,해피존2,23-1,11440-172,11440,,1,0023,0001,6,2021-10-09,70000,3,82.78|84.78|135.03
13,마포구,성산동,현대하이츠아파트,254-8,11440-4161,11440,,1,0254,0008,3,2022-11-18,82000,1,84.7
63,마포구,신공덕동,공덕프로포즈Ⅱ,15-80,11440-5440,11440,,1,0015,0080,26,2026-03-16,20500,3,14.03|17.02|19.42
19,마포구,신공덕동,뉴마인,5-5,11440-4213,11440,,1,0005,0005,2,2026-03-06,85000,2,59.24|69.03
45,마포구,신공덕동,블레스하임,13-15,11440-5777,11440,,1,0013,0015,65,2026-04-11,42500,5,23.59|23.89|24.27|25.13|25.77
18,마포구,신수동,(91-511),91-511,11440-5002,11440,,1,0091,0511,12,2025-07-23,65000,6,34.932|47.37|53.04|59.91|60.29|65.52
94,마포구,신수동,벽산솔렌스힐,457,11440-4155,11440,,1,0457,0000,36,2026-01-09,128500,3,84.9619|84.9657|84.9854
27,마포구,신수동,신수동르끌레브아파트,400-1,11440-6229,11440,,1,0400,0001,9,2025-05-23,88000,8,32.22|35.5|37.41|37.48|38|38.49|49.54|51.51
51,마포구,신수동,하나테크노빌,22-35,11440-181,11440,,1,0022,0035,12,2025-06-27,35000,3,31.25|31.83|38.7
19,마포구,신정동,씨제이리버힐,74-1,11440-52,11440,,1,0074,0001,3,2022-03-28,142000,1,200.17
77,마포구,아현동,삼환나띠르빌,732,11440-143,11440,,1,0732,0000,32,2026-03-20,133500,1,84.9
125,마포구,아현동,애오개아이파크,780,11440-5634,11440,,1,0780,0000,44,2026-01-24,56800,4,19.5|20.75|25.24|30.01
66,마포구,아현동,예미원,371-1,11440-5233,11440,,1,0371,0001,50,2026-02-01,87000,15,47.25|49.58|59.36|61.27|66.24|66.72|67.9|71.1|71.83|77.08|79.16|84.88|84.89|84.98|104.32
94,마포구,아현동,혜성,613-10,11440-3,11440,,1,0613,0010,23,2023-06-19,96000,6,80.66|84.59|98.88|98.91|99.93|110.75
16,마포구,연남동,광남벨라스(VALLACE),487-77,11440-145,11440,,1,0487,0077,5,2024-11-25,56500,2,73.7|74.99
12,마포구,연남동,노블레스(249-12),249-12,11440-161,11440,,1,0249,0012,1,2022-12-30,60000,1,85.04
12,마포구,연남동,노블레스빌(246-1),246-1,11440-99,11440,,1,0246,0001,4,2023-07-31,64500,2,36.81|97.88
10,마포구,연남동,노블레스빌2,249-3,11440-101,11440,,1,0249,0003,6,2026-03-25,88500,2,82.18|147.47
12,마포구,연남동,노블레스빌3,249-1,11440-100,11440,,1,0249,0001,1,2024-11-25,80000,1,96.6
19,마포구,연남동,리츠,564-35,11440-5032,11440,,1,0564,0035,5,2024-04-04,72500,3,76.21|80.28|82.23
19,마포구,연남동,무지개에이,364-8,11440-95,11440,,1,0364,0008,2,2019-05-26,48650,2,83.87|84.35
70,마포구,연남동,새마을,244-15,11440-96,11440,,1,0244,0015,21,2025-06-04,47000,1,41.65
19,마포구,연남동,서암,250-8,11440-208,11440,,1,0250,0008,5,2023-04-10,52000,3,55.86|66.45|67.08
12,마포구,연남동,엘르빌,250-2,11440-97,11440,,1,0250,0002,3,2024-10-23,123000,1,123.33
13,마포구,연남동,엘르빌2,254-1,11440-102,11440,,1,0254,0001,4,2021-08-17,76750,2,84.91|84.97
16,마포구,연남동,청기와,515-23,11440-98,11440,,1,0515,0023,3,2021-08-03,80000,3,70.6|71.42|72.28
12,마포구,연남동,현대하이츠,246-8,11440-144,11440,,1,0246,0008,1,2018-05-07,31700,1,45.61
15,마포구,연남동,홍익하이빌,493-27,11440-209,11440,,1,0493,0027,13,2026-02-23,43000,3,34.77|44.46|57.06
18,마포구,연남동,휴먼,478-12,11440-162,11440,,1,0478,0012,3,2025-06-11,61000,3,69.3|80.91|84.63
19,마포구,염리동,우공,45-27,11440-179,11440,,1,0045,0027,8,2024-03-30,73500,4,77.85|81.99|82.29|83.91
24,마포구,염리동,우리파크아파트,10-54,11440-6046,11440,,1,0010,0054,18,2026-01-14,61000,8,19.71|19.72|22.04|22.18|22.9|22.92|23.2|28.5
9,마포구,염리동,유풍,27-126,11440-36,11440,,1,0027,0126,2,2021-01-09,72000,2,81.8|96.88
114,마포구,염리동,중앙하이츠,161-1,11440-35,11440,,1,0161,0001,40,2026-01-21,131500,2,60|83.82
18,마포구,용강동,대호강변,118-3,11440-4802,11440,,1,0118,0003,5,2025-03-05,105000,2,84.9|84.97
18,마포구,용강동,두영,494-8,11440-153,11440,,1,0494,0008,7,2025-02-01,105500,3,113.22|130.86|131.48
48,마포구,중동,강림월드타운,36-29,11440-120,11440,,1,0036,0029,20,2026-04-01,70800,3,66.59|68.15|79.6
18,마포구,중동,백명TRENDYAPT,39-9,11440-219,11440,,1,0039,0009,9,2023-11-11,80000,3,106.77|107.17|107.48
14,마포구,중동,수풍,30-28,11440-4609,11440,,1,0030,0028,5,2026-01-13,60000,4,55.35|76.42|84.76|84.91
18,마포구,중동,예원,58-39,11440-148,11440,,1,0058,0039,2,2025-07-25,72500,1,77.37
12,마포구,창전동,대원파크빌,6-31,11440-220,11440,,1,0006,0031,2,2023-10-13,68000,1,83.5
30,마포구,창전동,중앙하이츠101동,42-7,11440-4061,11440,,1,0042,0007,14,2026-02-05,60000,1,57.86
30,마포구,창전동,중앙하이츠102동,42-8,11440-4046,11440,,1,0042,0008,2,2023-10-14,51000,1,57.86
30,마포구,창전동,중앙하이츠103동,42-9,11440-4062,11440,,1,0042,0009,11,2026-01-25,61000,1,57.86
30,마포구,창전동,중앙하이츠104동,42-10,11440-4063,11440,,1,0042,0010,11,2025-12-13,53500,1,47.01
70,마포구,합정동,KCC엠파이어리버,381-16,11440-4027,11440,,1,0381,0016,24,2025-11-18,208500,4,140.88|145.33|145.53|156.13
18,마포구,합정동,그레이스,375-2,11440-164,11440,,1,0375,0002,2,2025-09-04,72000,2,52.34|77.57
11,마포구,합정동,그레이스3차,376-5,11440-3902,11440,,1,0376,0005,3,2025-04-15,83500,1,70.16
17,마포구,합정동,대운,390-5,11440-186,11440,,1,0390,0005,1,2020-08-07,46500,1,56.27
17,마포구,합정동,대운행복,389-16,11440-218,11440,,1,0389,0016,7,2024-12-03,75000,5,64.72|67.12|74.05|75.45|77.19
18,마포구,합정동,두레,386-9,11440-165,11440,,1,0386,0009,4,2020-06-08,71000,3,65.41|88.11|97.39
46,마포구,합정동,두영이지안,468,11440-222,11440,,1,0468,0000,13,2025-12-13,104500,9,53.04|62.91|73.58|78.55|79.97|81.3|84.26|84.36|106.48
19,마포구,합정동,두영이지안101동,357-3,11440-4340,11440,,1,0357,0003,9,2025-06-21,109500,1,84.87
18,마포구,합정동,두영이지안102동,357-5,11440-4341,11440,,1,0357,0005,2,2020-11-04,88500,1,84.876
12,마포구,합정동,리버아인,396-8,11440-166,11440,,1,0396,0008,3,2024-06-20,73000,2,81.16|84.36
10,마포구,합정동,백운,400-20,11440-66,11440,,1,0400,0020,2,2021-05-15,60000,1,58.95
19,마포구,합정동,삼성강변,400-6,11440-62,11440,,1,0400,0006,5,2025-05-16,119000,3,84.51|112.8|115.5
19,마포구,합정동,에덴지우,355-1,11440-4045,11440,,1,0355,0001,2,2025-03-12,80000,1,109.92
68,마포구,합정동,일신건영휴먼빌아파트,470,11440-3908,11440,,1,0470,0000,13,2026-02-20,105000,4,83.757|84.442|84.553|84.76
45,마포구,합정동,장미(466-0),466,11440-63,11440,,1,0466,0000,14,2024-08-10,84000,6,42.9|61.84|66.66|78.22|79.22|83.9
16,마포구,합정동,정원쉐르빌,371-3,11440-64,11440,,1,0371,0003,2,2021-08-25,60000,2,50.8|74.08
19,마포구,합정동,펠리스아트빌,200-1,11440-150,11440,,1,0200,0001,5,2026-02-06,114500,2,83.7|99.6
17,마포구,합정동,한강그린2차,450-11,11440-5102,11440,,1,0450,0011,5,2021-04-17,60000,2,59.26|59.41
65,마포구,합정동,한강동원아파트,467,11440-167,11440,,1,0467,0000,9,2026-03-21,116000,5,84.87|84.92|103.34|125.83|131.76
38,마포구,합정동,한국프라우드,469,11440-3903,11440,,1,0469,0000,8,2026-04-10,140000,1,84.9747
18,마포구,합정동,현대하이츠,386-2,11440-185,11440,,1,0386,0002,5,2025-09-16,75500,3,35.29|48.73|54.64
36,마포구,현석동,반도유보라아일랜드,223,11440-4281,11440,,1,0223,0000,15,2025-10-17,283000,4,122.684|125.735|139.229|140.453
90,마포구,현석동,밤섬예가클래식,118,11440-43,11440,,1,0118,0000,25,2026-02-08,204283,5,82.36|85.48|85.54|89.48|89.79
28,서대문구,길동,청원파크빌3,103-5,11740-2573,11410,,1,0103,0005,1,2020-01-15,25700,1,77.27
64,서대문구,남가좌동,백련미라보,345-4,11410-100,11410,,1,0345,0004,12,2025-06-30,44000,5,36.86|39.69|56.57|57.79|59.27
13,서대문구,남가좌동,엠화일비동,132-29,11410-3521,11410,,1,0132,0029,1,2019-08-19,35000,1,82.88
14,서대문구,남가좌동,엠화일에이동,135-6,11410-3522,11410,,1,0135,0006,3,2021-07-19,59500,1,84.07
109,서대문구,남가좌동,창덕에버빌,105-1,11410-103,11410,,1,0105,0001,37,2026-04-17,99000,5,80.33|99.07|99.57|120.5|159.53
10,서대문구,대현동,무궁화,54-1,11410-23,11410,,1,0054,0001,1,2019-09-23,49700,1,121.88
92,서대문구,대현동,신촌자이엘라,104-36,11410-4373,11410,,1,0104,0036,46,2025-07-04,35000,7,20.11|21.96|22.13|23.36|24.7|25.21|29.63
52,서대문구,대현동,예스에이피엠,145,11410-3713,11410,,1,0145,0000,23,2026-02-28,63500,3,29.96|38.72|63.41
48,서대문구,대현동,이대경우타운,90-20,11410-4730,11410,,1,0090,0020,13,2025-10-17,19200,3,12.53|12.55|15.32
85,서대문구,대현동,파라타워,90-70,11410-4847,11410,,1,0090,0070,31,2025-05-01,25900,3,14.44|15.792|16.299
44,서대문구,대현동,혜우,101-7,11410-24,11410,,1,0101,0007,14,2026-03-14,88500,4,98.89|129.27|129.9|160.77
69,서대문구,북가좌동,DMC서부인터빌,467,11410-3743,11410,,1,0467,0000,27,2025-10-18,84000,2,59.93|84.66
99,서대문구,북가좌동,DMC이랜드해가든,460,11410-3712,11410,,1,0460,0000,21,2026-03-02,96000,2,65.77|84.91
66,서대문구,북가좌동,대경아르체,488,11410-4768,11410,,1,0488,0000,78,2025-12-04,60000,9,28.36|33.62|48|48.03|48.48|50.77|52.26|54.78|57.34
12,서대문구,북가좌동,대성,3-71,11410-110,11410,,1,0003,0071,6,2024-04-10,35000,3,61.93|62.12|82.84
18,서대문구,북가좌동,동도하이츠비동,273-17,11410-190,11410,,1,0273,0017,5,2026-02-21,59000,3,77.15|82.5|84
18,서대문구,북가좌동,동도하이츠에이동,273-12,11410-127,11410,,1,0273,0012,3,2026-03-20,58000,2,80.55|84
9,서대문구,북가좌동,동림아파트,5-19,11410-312,11410,,1,0005,0019,7,2025-08-25,35500,5,55.27|56.84|63.5|73.55|78.12
19,서대문구,북가좌동,명진,336-4,11410-182,11410,,1,0336,0004,5,2025-10-11,50000,2,81.09|84.54
12,서대문구,북가좌동,선결,378-15,11410-114,11410,,1,0378,0015,1,2019-03-30,34000,1,76.6
10,서대문구,북가좌동,성암,3-33,11410-311,11410,,1,0003,0033,2,2024-07-03,50000,2,51.3|81.53
14,서대문구,북가좌동,세라,3-74,11410-111,11410,,1,0003,0074,2,2025-06-30,51000,1,84.85
90,서대문구,북가좌동,요진,150,11410-105,11410,,1,0150,0000,26,2026-02-20,71000,2,59.04|82.08
19,서대문구,북가좌동,우공팰리스,384-1,11410-3702,11410,,1,0384,0001,6,2026-04-13,105000,3,84.42|84.81|84.97
19,서대문구,북가좌동,주은스카이빌,68-3,11410-304,11410,,1,0068,0003,9,2023-10-13,95000,2,199.08|203.97
18,서대문구,북가좌동,청솔하이츠1동,304-10,11410-191,11410,,1,0304,0010,2,2021-03-26,52000,1,79.26
12,서대문구,북가좌동,청솔하이츠2동,304-52,11410-192,11410,,1,0304,0052,1,2021-10-09,55000,1,69.48
14,서대문구,북가좌동,충우팰리스1,325-18,11410-180,11410,,1,0325,0018,4,2020-06-17,40000,4,65.34|72.36|83.62|84.88
14,서대문구,북가좌동,충우팰리스2,325-43,11410-181,11410,,1,0325,0043,4,2026-03-17,60000,3,72.52|84.49|84.88
12,서대문구,북가좌동,투데이,5-22,11410-313,11410,,1,0005,0022,1,2020-05-18,29000,1,82.9
15,서대문구,북가좌동,한솔,7-2,11410-112,11410,,1,0007,0002,9,2025-11-10,49800,3,75.23|78.32|84.91
19,서대문구,북가좌동,한울뉴타운,418-22,11410-128,11410,,1,0418,0022,7,2025-01-04,57000,3,73.29|73.53|74.04
19,서대문구,북아현동,건일팰리스,1-52,11410-143,11410,,1,0001,0052,13,2025-10-18,64000,3,77.52|78.42|84.54
38,서대문구,북아현동,경남(2차),118-9,11410-12,11410,,1,0118,0009,18,2025-06-11,170000,5,122.91|134.9|164.66|172.9|235.34
42,서대문구,북아현동,경남102동,1010,11410-3902,11410,,1,1010,0000,5,2026-01-06,148850,3,59.97|82.21|96.49
16,서대문구,북아현동,그린빌,1-122,11410-146,11410,,1,0001,0122,10,2025-10-19,135700,4,78.18|90.21|93.18|97.03
11,서대문구,북아현동,늘푸른,123-73,11410-129,11410,,1,0123,0073,4,2026-02-10,156900,4,50.55|53.49|81.19|84.95
16,서대문구,북아현동,대성,1-342,11410-134,11410,,1,0001,0342,5,2025-04-01,64000,4,71.45|79.37|79.76|81.17
14,서대문구,북아현동,문영센스빌,1-46,11410-20,11410,,1,0001,0046,2,2025-04-12,111700,2,79.8|83.49
19,서대문구,북아현동,북아현1차,187-14,11410-150,11410,,1,0187,0014,6,2025-10-15,91000,1,100.1
15,서대문구,북아현동,북아현2차,187-12,11410-149,11410,,1,0187,0012,3,2024-09-09,59000,2,82.12|104.8
10,서대문구,북아현동,북아현3차,189-22,11410-151,11410,,1,0189,0022,3,2019-10-18,74000,3,41.12|59.41|116.07
12,서대문구,북아현동,북아현4차,189-24,11410-131,11410,,1,0189,0024,1,2019-06-01,52500,1,96.3
79,서대문구,북아현동,북아현맨션,114-1,11410-15,11410,,1,0114,0001,29,2026-03-07,167500,1,84.95
19,서대문구,북아현동,비버리힐,1-422,11410-3542,11410,,1,0001,0422,5,2022-11-11,91000,3,110.9|117.27|129.22
17,서대문구,북아현동,삼우빌라,123-1,11410-21,11410,,1,0123,0001,3,2021-07-02,107800,2,28.8|35.64
19,서대문구,북아현동,성우아파트,1-97,11410-3460,11410,,1,0001,0097,13,2025-10-01,132000,3,84.28|84.48|84.85
16,서대문구,북아현동,수목아이엠,1-106,11410-132,11410,,1,0001,0106,1,2020-10-16,102000,1,77.01
70,서대문구,북아현동,신촌헤리센트,998,11410-4942,11410,,1,0998,0000,44,2024-12-31,47608,2,19.82|29.86
19,서대문구,북아현동,우민A,1-50,11410-17,11410,,1,0001,0050,5,2025-03-25,108700,3,77.25|84.75|84.9
19,서대문구,북아현동,우민B,1-49,11410-18,11410,,1,0001,0049,11,2025-10-01,125600,4,81.72|84.42|84.52|84.87
14,서대문구,북아현동,조은1차,1-1201,11410-147,11410,,1,0001,1201,3,2025-03-25,110000,1,84.4
18,서대문구,북아현동,조은2차,1-1836,11410-148,11410,,1,0001,1836,7,2024-05-28,120000,3,73.81|74.21|84.85
19,서대문구,북아현동,화신,1-78,11410-145,11410,,1,0001,0078,16,2025-09-29,143650,6,58.4|82.44|107.61|111.93|124.92|127.67
10,서대문구,북아현동,훼미리(1-70),1-70,11410-3621,11410,,1,0001,0070,5,2021-12-03,121850,3,33.53|58.11|79.85
18,서대문구,연희동,경향빌라트,87-33,11410-26,11410,,1,0087,0033,2,2023-05-03,149000,2,151.36|154.6
17,서대문구,연희동,동도아카데미하우스2차,74-14,11410-29,11410,,1,0074,0014,8,2026-03-17,163000,5,147.87|164.78|184.01|214.63|215.11
19,서대문구,연희동,동도아카데미하우스3차,75-1,11410-168,11410,,1,0075,0001,2,2023-06-30,240000,1,242.21
18,서대문구,연희동,드리밍아파트,169-3,11410-3609,11410,,1,0169,0003,6,2026-04-14,60000,2,79.26|81.2
12,서대문구,연희동,로엠아트빌(A동),51-74,11410-166,11410,,1,0051,0074,3,2023-07-19,33000,3,44.42|68.16|80.94
12,서대문구,연희동,리베르떼-빌(LibertVille),37-1,11410-38,11410,,1,0037,0001,4,2025-01-05,130000,3,207.86|218.1|242.39
11,서대문구,연희동,백광,69-21,11410-167,11410,,1,0069,0021,3,2020-12-17,59700,3,77.41|94.5|111.94
12,서대문구,연희동,삼우장미,106-2,11410-3869,11410,,1,0106,0002,5,2025-03-22,54000,4,41.75|63.52|69.76|84.68
17,서대문구,연희동,선명(101동),703-32,11410-300,11410,,1,0703,0032,3,2026-01-17,52000,2,63.35|65
18,서대문구,연희동,선명(102동),703-25,11410-299,11410,,1,0703,0025,6,2025-07-22,52000,2,62.54|66.36
41,서대문구,연희동,시민,188-41,11410-171,11410,,1,0188,0041,14,2026-02-25,22500,7,36.76|51.9|52.89|57.69|61.19|63.6|69.26
19,서대문구,연희동,신원,163-30,11410-41,11410,,1,0163,0030,2,2026-03-26,46000,2,82.71|84.06
12,서대문구,연희동,싸이,104-3,11410-3481,11410,,1,0104,0003,3,2025-11-15,56000,2,72.75|72.81
18,서대문구,연희동,에코빌리지,169-9,11410-3874,11410,,1,0169,0009,5,2025-07-10,59200,2,67.68|70.49
19,서대문구,연희동,연우,187-118,11410-170,11410,,1,0187,0118,5,2025-11-28,64000,3,110.14|110.55|110.73
32,서대문구,연희동,연화,89-9,11410-32,11410,,1,0089,0009,8,2026-03-07,68000,4,74.47|78.88|80.17|98.51
48,서대문구,연희동,연희궁,196-1,11410-172,11410,,1,0196,0001,17,2024-12-07,20000,2,42.38|50.04
7,서대문구,연희동,연희리젠시빌,93-4,11410-169,11410,,1,0093,0004,1,2019-06-05,130000,1,244.61
10,서대문구,연희동,연희아트빌,91-2,11410-33,11410,,1,0091,0002,4,2023-12-27,59000,4,99.52|99.53|103.98|119.88
12,서대문구,연희동,연희에스엠,705-4,11410-3961,11410,,1,0705,0004,4,2020-11-06,38500,1,68.06
89,서대문구,연희동,연희웨스트팰리스,746,11410-4269,11410,,1,0746,0000,38,2025-08-26,31700,4,13.12|26.74|26.88|39.32
10,서대문구,연희동,우공팰리스,446-316,11410-3672,11410,,1,0446,0316,1,2021-01-28,44500,1,69.07
33,서대문구,연희동,우국한마음,743,11410-3532,11410,,1,0743,0000,6,2024-10-20,64200,2,77.02|84.84
10,서대문구,연희동,우민,187-122,11410-298,11410,,1,0187,0122,2,2025-05-31,34000,2,55.44|72.87
30,서대문구,연희동,은하,105-4,11410-34,11410,,1,0105,0004,9,2026-03-03,34000,2,49.59|102.48
42,서대문구,연희동,일진아이윌,218-16,11410-3485,11410,,1,0218,0016,6,2025-06-30,75000,3,64.455|78.059|84.794
18,서대문구,연희동,제니스APT,171-10,11410-4504,11410,,1,0171,0010,3,2024-12-29,48500,1,59.87
13,서대문구,연희동,충우,105-16,11410-297,11410,,1,0105,0016,12,2025-06-27,60000,7,38.61|50.7|59.75|70.33|83.2|89.05|92.56
14,서대문구,연희동,충우하이빌,51-151,11410-39,11410,,1,0051,0151,2,2025-09-08,44500,1,105.44
12,서대문구,연희동,파크빌,712-25,11410-133,11410,,1,0712,0025,5,2024-04-17,53000,3,70.76|75.27|79.83
14,서대문구,연희동,파크카운티,1-78,11410-117,11410,,1,0001,0078,2,2023-12-14,52000,1,84.9
36,서대문구,연희동,한인트윈빌,717-29,11410-173,11410,,1,0717,0029,6,2025-05-12,60000,1,84.62
176,서대문구,연희동,홍연,708-4,11410-37,11410,,1,0708,0004,42,2026-03-27,51500,7,44.36|51.9|52.23|52.59|54.35|62.56|62.9
50,서대문구,연희동,홍연(723-9),723-9,11410-116,11410,,1,0723,0009,12,2025-11-01,50000,2,40.33|52.23
,서대문구,연희동,흥연,721-6,11410-5996,11410,,1,0721,0006,4,2025-12-25,49500,2,52.23|74.25
66,서대문구,창천동,(72-31),72-31,11410-5006,11410,,1,0072,0031,54,2024-12-13,32044,6,16.46|16.83|16.93|17.27|20.8|23.17
120,서대문구,창천동,3RU-City,510-2,11410-4202,11410,,1,0510,0002,59,2026-04-19,26000,6,12.08|14.81|16.84|16.93|17.19|25.06
13,서대문구,창천동,건우그린,359,11410-292,11410,,1,0359,0000,3,2026-02-25,56700,3,38.24|76.62|80
19,서대문구,창천동,광남캐스빌(512-5),512-5,11410-165,11410,,1,0512,0005,4,2021-05-08,63500,2,84.14|84.73
18,서대문구,창천동,광남캐스빌1(512-4),512-4,11410-293,11410,,1,0512,0004,5,2024-03-07,57500,5,66.03|70.45|70.91|72.46|84.06
19,서대문구,창천동,노블레스,416,11410-160,11410,,1,0416,0000,7,2025-02-01,74000,6,46.76|58.48|69.93|78.12|104.88|125.84
19,서대문구,창천동,래디앙,511-5,11410-164,11410,,1,0511,0005,5,2023-06-07,88000,3,84.41|122.9|132.16
11,서대문구,창천동,센타폴리스,381,11410-3530,11410,,1,0381,0000,5,2024-08-10,55000,5,66.72|69.19|76.56|80.88|84.95
17,서대문구,창천동,씨밀레,468,11410-161,11410,,1,0468,0000,8,2026-03-30,70000,4,71.78|80.1|82.29|82.65
19,서대문구,창천동,엘르빌,506-27,11410-163,11410,,1,0506,0027,4,2026-03-12,98000,2,106.47|134.34
12,서대문구,창천동,엘르빌2차,368,11410-25,11410,,1,0368,0000,2,2022-08-06,72500,2,66.18|101.19
78,서대문구,창천동,연대JK,518,11410-4034,11410,,1,0518,0000,20,2024-12-24,23000,5,22.11|24|24.09|28.9|29.13
16,서대문구,창천동,하이펠리스,470,11410-162,11410,,1,0470,0000,7,2025-06-05,75000,5,72.07|97.74|99|109.5|122.2
29,서대문구,천연동,반석블레스포레,98-17,11410-5018,11410,,1,0098,0017,5,2025-12-12,108000,1,84.97
19,서대문구,천연동,산경,117-23,11410-8,11410,,1,0117,0023,3,2020-07-27,88000,2,128.8|129.33
12,서대문구,충정로2가,로얄패밀리아파트B동,69-60,11410-286,11410,,1,0069,0060,2,2025-08-14,74500,2,82.48|83.31
18,서대문구,충정로2가,로얄훼미리아파트A동,69-23,11410-139,11410,,1,0069,0023,2,2021-01-18,75000,2,80.37|81.43
6,서대문구,충정로3가,글로리,32-10,11410-2,11410,,1,0032,0010,4,2025-12-27,135000,3,94.33|121.27|122.47
10,서대문구,충정로3가,동호,1-37,11410-118,11410,,1,0001,0037,6,2023-10-06,115000,2,74.56|79.52
97,서대문구,충정로3가,미동,189-8,11410-3,11410,,1,0189,0008,37,2026-04-06,55000,17,50.347|51.603|52.298|52.463|53.29|55.009|55.57|56.2|57.75|59.27|66.12|77.63|81.686|82.64|94.81|96.18|112.132
10,서대문구,충정로3가,새롬,3-19,11410-140,11410,,1,0003,0019,3,2025-09-23,125800,1,94.74
19,서대문구,충정로3가,장미,30-9,11410-288,11410,,1,0030,0009,6,2023-04-13,96950,1,84.45
46,서대문구,충정로3가,충림예하임,477,11410-3939,11410,,1,0477,0000,17,2026-04-07,86000,1,84.6
18,서대문구,충정로3가,충정솔레디움(101동),30-17,11410-289,11410,,1,0030,0017,10,2025-07-01,130000,2,80.47|83.09
18,서대문구,충정로3가,충정솔레디움(102동),30-2,11410-287,11410,,1,0030,0002,6,2025-03-10,124000,2,80.47|83.09
95,서대문구,충정로3가,피어리스,222,11410-5,11410,,1,0222,0000,17,2026-01-26,75000,1,84.24
16,서대문구,충정로3가,행복한,3-46,11410-3582,11410,,1,0003,0046,4,2025-06-02,99900,3,39.91|43.5|52.74
19,서대문구,합동,사랑채,31-9,11410-142,11410,,1,0031,0009,5,2026-01-20,68000,3,73.83|75.95|77.85
10,서대문구,홍은동,Elleville,277-104,11410-177,11410,,1,0277,0104,3,2023-12-19,60000,2,161.39|162.64
19,서대문구,홍은동,G패밀리움,437-2,11410-3967,11410,,1,0437,0002,8,2021-11-18,57500,2,59|66.63
69,서대문구,홍은동,HDX휴팰리스,465,11410-4755,11410,,1,0465,0000,36,2026-04-04,72500,2,59.0362|59.1032
17,서대문구,홍은동,강림스위트빌(A동),195-8,11410-174,11410,,1,0195,0008,8,2024-03-01,29000,4,63.74|74.58|77.76|78.48
8,서대문구,홍은동,건우아트빌,396-22,11410-2197,11410,,1,0396,0022,1,2018-10-25,21500,1,76.08
16,서대문구,홍은동,교수(A),277-145,11410-3589,11410,,1,0277,0145,1,2022-05-16,40400,1,100.44
16,서대문구,홍은동,교수(B),277-148,11410-3590,11410,,1,0277,0148,5,2025-10-02,36000,3,71.71|94.86|96.84
10,서대문구,홍은동,그랜드(A동),265-49,11410-309,11410,,1,0265,0049,3,2021-06-15,23500,1,63.44
11,서대문구,홍은동,그랜드(B동),265-46,11410-136,11410,,1,0265,0046,7,2024-10-15,27950,1,58.48
19,서대문구,홍은동,나눔스타빌,265-293,11410-98,11410,,1,0265,0293,4,2023-07-31,42000,3,84.23|84.99|155.77
10,서대문구,홍은동,나영힐빌리지,265-364,11410-301,11410,,1,0265,0364,2,2026-04-16,63000,2,114.85|134.97
6,서대문구,홍은동,넥서스빌2,277-69,11410-189,11410,,1,0277,0069,3,2020-07-13,68000,1,158.05
12,서대문구,홍은동,도양라비앙(101동),265-296,11410-176,11410,,1,0265,0296,3,2023-07-06,53000,2,83.87|100.65
16,서대문구,홍은동,동림,8-476,11410-79,11410,,1,0008,0476,6,2022-08-17,66500,2,83.09|84.74
19,서대문구,홍은동,동아빌라(188-72),188-72,11410-80,11410,,1,0188,0072,8,2026-01-17,90000,2,153.23|164.92
19,서대문구,홍은동,동평늘푸른,265-281,11410-3549,11410,,1,0265,0281,6,2025-04-11,45000,3,84.56|84.59|84.82
19,서대문구,홍은동,로하스,281,11410-3912,11410,,1,0281,0000,12,2026-03-05,48000,7,63.02|63.1|64.26|64.31|65.01|75.01|79.89
12,서대문구,홍은동,명가,398-6,11410-3865,11410,,1,0398,0006,2,2022-08-23,27500,1,48.34
16,서대문구,홍은동,미건스카이빌,14-4,11410-135,11410,,1,0014,0004,5,2023-05-05,53500,1,84.92
19,서대문구,홍은동,미든푸르지,189-9,11410-3588,11410,,1,0189,0009,5,2025-02-05,45000,2,58.26|84.99
6,서대문구,홍은동,미주,274-59,11410-3650,11410,,1,0274,0059,2,2023-06-17,40500,2,58.56|76.38
89,서대문구,홍은동,반석블레스,440-1,11410-3960,11410,,1,0440,0001,32,2025-12-06,84000,3,59.98|84.92|84.96
18,서대문구,홍은동,백련,277-105,11410-188,11410,,1,0277,0105,6,2021-05-12,36000,4,60.84|75.69|84.6|88.29
19,서대문구,홍은동,베벌리힐즈,392-1,11410-3656,11410,,1,0392,0001,11,2025-05-08,230000,3,231.83|236.92|272.95
10,서대문구,홍은동,부림,395-1,11410-178,11410,,1,0395,0001,1,2024-04-29,49500,1,102.21
18,서대문구,홍은동,부림베스트빌,403-2,11410-86,11410,,1,0403,0002,3,2025-04-28,36700,2,57.47|67.95
24,서대문구,홍은동,북한산삼부르네상스101동,8-205,11410-5029,11410,,1,0008,0205,2,2026-03-17,74500,2,84.508|98.358
44,서대문구,홍은동,북한산삼부르네상스102동103동104동,8-920,11410-5034,11410,,1,0008,0920,1,2025-06-08,67000,1,84.508
33,서대문구,홍은동,북한산삼부르네상스201동,8-230,11410-5030,11410,,1,0008,0230,2,2024-05-10,56500,1,70.602
42,서대문구,홍은동,북한산삼부르네상스202동203동204동,8-933,11410-5035,11410,,1,0008,0933,1,2024-12-11,51000,1,84.159
42,서대문구,홍은동,북한산삼부르네상스205동206동207동,8-1091,11410-5036,11410,,1,0008,1091,1,2024-06-14,59400,1,70.602
42,서대문구,홍은동,북한산삼부르네상스301동302동303동,8-285,11410-5031,11410,,1,0008,0285,6,2025-09-30,70000,2,84.159|84.421
40,서대문구,홍은동,북한산삼부르네상스304동305동,8-294,11410-5032,11410,,1,0008,0294,1,2026-02-27,71000,1,84.159
90,서대문구,홍은동,서강1차(1동),186-22,11410-87,11410,,1,0186,0022,33,2026-04-11,49000,3,62.17|71.53|79.7
73,서대문구,홍은동,서강2차(2동),186-25,11410-115,11410,,1,0186,0025,18,2026-03-14,66000,10,91.41|91.91|93.91|94.41|95.91|135.09|140.96|145.06|151.2|154.2
19,서대문구,홍은동,서강주상복합,404-1,11410-88,11410,,1,0404,0001,6,2026-01-28,85000,4,112.73|123.13|152.55|174.39
40,서대문구,홍은동,서대문노블루체,274-32,11410-4714,11410,,1,0274,0032,24,2026-02-04,47000,6,27.59|29.07|41.04|43.89|44.52|49.98
19,서대문구,홍은동,서부사이버,265-54,11410-175,11410,,1,0265,0054,4,2023-02-17,29300,3,50.54|64.46|71.18
19,서대문구,홍은동,성우,402-39,11410-179,11410,,1,0402,0039,2,2026-02-26,52000,1,84.98
5,서대문구,홍은동,세윤외인빌리지,265-366,11410-302,11410,,1,0265,0366,2,2026-04-10,110000,1,242.56
121,서대문구,홍은동,세한숲속마을,산11-244,11410-3755,11410,,1,0산11,0244,37,2026-03-13,71000,4,83.9|83.91|84.89|130.9
18,서대문구,홍은동,신계,150-13,11410-119,11410,,1,0150,0013,4,2021-04-16,40000,1,84.15
13,서대문구,홍은동,신원지벤스타1,392-7,11410-3535,11410,,1,0392,0007,3,2021-12-05,100000,1,132.45
14,서대문구,홍은동,신원지벤스타2,392-9,11410-3552,11410,,1,0392,0009,2,2020-06-28,76000,1,165.03
19,서대문구,홍은동,신원지벤스타3,392-11,11410-3553,11410,,1,0392,0011,4,2021-09-25,90000,2,130.56|141.08
14,서대문구,홍은동,신원지벤스타4,393-1,11410-3536,11410,,1,0393,0001,5,2020-08-17,87000,2,142.76|191.28
13,서대문구,홍은동,신원지벤스타5,393-2,11410-3554,11410,,1,0393,0002,4,2021-03-17,73000,1,134.18
19,서대문구,홍은동,신원지벤스타6,393-3,11410-3537,11410,,1,0393,0003,7,2025-11-19,93000,2,133.07|147.33
19,서대문구,홍은동,신원지벤스타7,394-1,11410-3538,11410,,1,0394,0001,4,2020-09-05,65000,2,129.96|138.11
29,서대문구,홍은동,아르팰리스,277-169,11410-4738,11410,,1,0277,0169,7,2023-08-25,78000,3,53.76|58.01|75
14,서대문구,홍은동,연희베벌리힐즈,304,11410-3655,11410,,1,0304,0000,4,2024-07-03,145000,2,231.79|231.89
15,서대문구,홍은동,장성미모아,274-60,11410-3610,11410,,1,0274,0060,4,2025-12-10,44500,3,79.08|80.01|81.99
19,서대문구,홍은동,제이씨라디앙,277-108,11410-3550,11410,,1,0277,0108,2,2025-10-01,135000,2,171.72|273.11
80,서대문구,홍은동,초원,8-26,11410-91,11410,,1,0008,0026,27,2023-11-20,29000,1,49.26
24,서대문구,홍은동,홍은그린,274-99,11410-137,11410,,1,0274,0099,1,2019-09-19,34500,1,84.3
88,서대문구,홍은동,홍은동아더프라임,439-1,11410-4377,11410,,1,0439,0001,47,2026-02-21,81000,2,59.8736|74.8918
10,서대문구,홍은동,홍은드림아파트,265-350,11410-3751,11410,,1,0265,0350,4,2024-01-27,46000,2,84.72|84.9
24,서대문구,홍제동,경일,322-79,11410-126,11410,,1,0322,0079,2,2024-09-28,36000,2,73.08|74.31
57,서대문구,홍제동,광산,157-68,11410-45,11410,,1,0157,0068,22,2024-10-23,51000,6,52.53|53.45|53.52|56.76|70.64|71.57
15,서대문구,홍제동,그레이스(B동),131-9,11410-3469,11410,,1,0131,0009,7,2025-06-09,69000,2,77.87|83.7
15,서대문구,홍제동,그레이스A동,131-18,11410-3546,11410,,1,0131,0018,1,2021-04-19,59000,1,97.2
19,서대문구,홍제동,동양드림,24-16,11410-711,11410,,1,0024,0016,3,2026-04-04,63000,3,82.17|82.2|82.26
14,서대문구,홍제동,동일1차,312-240,11410-156,11410,,1,0312,0240,5,2020-06-06,33800,2,55.39|84.7
17,서대문구,홍제동,동일2차,312-237,11410-76,11410,,1,0312,0237,4,2023-05-29,52500,3,59.07|69.24|81.62
19,서대문구,홍제동,동일3차,312-44,11410-75,11410,,1,0312,0044,4,2023-12-01,60000,2,82.23|84.76
18,서대문구,홍제동,동일4차,312-248,11410-307,11410,,1,0312,0248,2,2020-04-04,30500,2,64.87|84.74
19,서대문구,홍제동,동일5차101동,312-221,11410-291,11410,,1,0312,0221,3,2022-06-28,71800,3,78.15|84.51|84.85
13,서대문구,홍제동,로얄,20-11,11410-305,11410,,1,0020,0011,1,2018-11-05,24000,1,31.92
36,서대문구,홍제동,마체스터,283-36,11410-3841,11410,,1,0283,0036,19,2026-03-01,80000,2,84.93|140.51
19,서대문구,홍제동,서강,354-6,11410-50,11410,,1,0354,0006,2,2019-04-15,50000,1,156.99
83,서대문구,홍제동,서울맨션,315-7,11410-52,11410,,1,0315,0007,43,2024-09-25,60000,17,41.52|44.66|45.32|47.7|48.59|48.69|49.12|49.78|50.64|50.71|51.04|51.07|53.05|54.94|59.37|63.23|65.59
13,서대문구,홍제동,송도그린빌A동,322-134,11410-123,11410,,1,0322,0134,10,2025-06-20,39500,3,52.54|61.18|61.23
19,서대문구,홍제동,아름채,158-13,11410-153,11410,,1,0158,0013,8,2026-02-07,57800,5,63.73|65.12|72.97|77.26|80.98
44,서대문구,홍제동,안산맨숀,104-20,11410-54,11410,,1,0104,0020,12,2026-01-22,72000,5,52.89|72.73|76.03|84.3|92.56
29,서대문구,홍제동,에이원,132-5,11410-4457,11410,,1,0132,0005,15,2025-06-10,81000,7,57.57|58.35|58.54|58.66|58.79|59.15|81.44
40,서대문구,홍제동,원일,294-36,11410-155,11410,,1,0294,0036,7,2025-11-18,58000,4,68.76|70.41|76.03|80.6
19,서대문구,홍제동,월드뷰,312-223,11410-122,11410,,1,0312,0223,1,2018-09-01,31500,1,84.28
113,서대문구,홍제동,인왕궁맨숀,104-6,11410-58,11410,,1,0104,0006,23,2025-10-11,72850,4,54.02|62.81|71.4|80.86
19,서대문구,홍제동,인왕드림빌,82-81,11410-187,11410,,1,0082,0081,4,2025-09-19,49800,4,21.72|82.8|99.93|118.22
29,서대문구,홍제동,제니스,131-2,11410-4641,11410,,1,0131,0002,12,2025-12-03,74000,7,48.14|57|59.56|60.34|65.27|66.04|73.27
24,서대문구,홍제동,제니스뷰아파트,196-26,11410-4902,11410,,1,0196,0026,15,2025-12-01,78000,7,39.35|57.28|57.62|67.25|69.65|80.85|84.96
34,서대문구,홍제동,제일아파트,470,11410-4465,11410,,1,0470,0000,11,2026-01-31,82000,3,59.12|80.11|84.12
26,서대문구,홍제동,조한,458,11410-61,11410,,1,0458,0000,6,2024-09-03,62000,2,84.94|84.992
90,서대문구,홍제동,청구2차,453-1,11410-64,11410,,1,0453,0001,39,2026-03-13,89500,4,59.89|84.81|84.89|84.95
15,서대문구,홍제동,초원드림빌,335-10,11410-158,11410,,1,0335,0010,2,2018-09-11,30350,2,70.46|78.59
18,서대문구,홍제동,파크힐,312-243,11410-186,11410,,1,0312,0243,6,2026-04-11,59500,1,84.4
19,서대문구,홍제동,풍진베이스타운,322-87,11410-157,11410,,1,0322,0087,2,2020-11-02,38000,2,84.09|84.44
48,서대문구,홍제동,홍일,247-19,11410-154,11410,,1,0247,0019,12,2026-01-29,37000,5,54.88|64.89|65.09|65.22|66.12
41,서대문구,홍제동,홍제맨션,307-9,11410-72,11410,,1,0307,0009,9,2022-12-22,40500,2,82.71|88.72
27,서대문구,홍제동,홍제에스피엘,322-138,11410-5010,11410,,1,0322,0138,25,2026-04-03,78850,7,73.922|80.41|80.948|84.067|84.258|84.278|84.785
19,서대문구,홍제동,홍제원그린뷰아파트,157-3,11410-152,11410,,1,0157,0003,6,2025-08-04,80000,1,164.71
48,서대문구,홍제동,홍제해성,466,11410-159,11410,,1,0466,0000,8,2021-02-03,69500,2,83.5884|96.2599
29,서대문구,홍제동,홍제헤렌,175-3,11410-4746,11410,,1,0175,0003,5,2024-08-26,60400,5,53.03|59.64|59.85|66.52|79.62
19,서대문구,홍제동,힐탑,346-7,11410-125,11410,,1,0346,0007,9,2021-06-24,30000,7,27.96|31|40.66|54.48|68.1|71.79|78.6
18,서초구,반포동,APELBAUM,82-7,11650-831,11650,,1,0082,0007,3,2022-03-29,192000,1,180.93
16,서초구,반포동,그랑빌,110-6,11650-161,11650,,1,0110,0006,4,2025-05-09,340000,2,244.93|273.31
5,서초구,반포동,그린피아,47-4,11650-500,11650,,1,0047,0004,1,2019-11-02,59000,1,81.88
15,서초구,반포동,금정노블,81-8,11650-253,11650,,1,0081,0008,4,2026-03-14,152300,4,80.17|93.75|95.49|99.66
15,서초구,반포동,노블하우스,100-1,11650-254,11650,,1,0100,0001,5,2020-12-28,180000,4,161.46|192.3|195.3|196.98
14,서초구,반포동,다우탑스빌라트,50-2,11650-163,11650,,1,0050,0002,4,2023-09-25,118000,3,128.88|151.38|159.75
11,서초구,반포동,대백세인트빌,87-5,11650-538,11650,,1,0087,0005,1,2020-09-24,123500,1,111.91
45,서초구,반포동,대성유니드,48-2,11650-684,11650,,1,0048,0002,15,2025-12-09,235000,5,96.438|97.351|97.992|120.73|123.974
140,서초구,반포동,더샵반포리버파크,114-1,11650-4997,11650,,1,0114,0001,6,2025-11-18,175600,4,49.55|49.7795|49.9281|49.986
24,서초구,반포동,덕동반포빌라트,79-1,11650-830,11650,,1,0079,0001,8,2026-03-17,180000,5,113.31|120.29|128.18|139.82|143.14
10,서초구,반포동,랑쉐빌,103-3,11650-552,11650,,1,0103,0003,1,2019-12-14,140000,1,141.2
11,서초구,반포동,레베빌,86-2,11650-171,11650,,1,0086,0002,2,2023-06-12,640000,1,244.74
11,서초구,반포동,레베빌(86-10),86-10,11650-170,11650,,1,0086,0010,3,2021-02-10,300000,1,244.15
19,서초구,반포동,리더스빌,85-1,11650-688,11650,,1,0085,0001,2,2023-11-13,252000,2,127.74|214.4
10,서초구,반포동,몽마르뜨빌(577-3),577-3,11650-256,11650,,1,0577,0003,3,2026-04-08,97000,3,73.56|76.56|80.84
10,서초구,반포동,몽마르뜨빌(577-4),577-4,11650-257,11650,,1,0577,0004,2,2020-06-05,72000,2,47.72|80.84
7,서초구,반포동,몽마르뜨파크,577-35,11650-768,11650,,1,0577,0035,2,2022-06-17,129000,1,112.9
,서초구,반포동,반포1차우정에쉐르,1-23,11650-497,11650,,1,0001,0023,1,2018-05-19,201000,1,151.92
19,서초구,반포동,반포2차ApelBaum,612-2,11650-3385,11650,,1,0612,0002,8,2025-09-25,380000,4,230.86|243.7|243.97|244.15
12,서초구,반포동,반포TS프리우스,71-3,11650-3271,11650,,1,0071,0003,6,2024-05-21,169000,1,134.63
,서초구,반포동,반포경남아파트,1-8,11650-159,11650,,1,0001,0008,36,2019-12-13,339500,7,71.97|72.28|73.5|97.79|98.3|131.93|154.74
19,서초구,반포동,반포대우멤버스카운티,111-11,11650-499,11650,,1,0111,0011,2,2025-01-23,149000,2,98.67|108.11
12,서초구,반포동,반포대우멤버스카운티2차,100-3,11650-691,11650,,1,0100,0003,1,2023-11-16,161000,1,141.69
19,서초구,반포동,반포동피카소빌,79-5,11650-535,11650,,1,0079,0005,10,2025-11-04,225000,5,128.93|152.19|153.97|166.84|170.21
18,서초구,반포동,반포루이캐슬,550,11650-3328,11650,,1,0550,0000,2,2025-02-06,180000,2,148.55|152.7
14,서초구,반포동,반포빌라트(71-1),71-1,11650-177,11650,,1,0071,0001,1,2019-07-15,170000,1,206.57
13,서초구,반포동,반포샤인힐4차,82-19,11650-537,11650,,1,0082,0019,2,2025-03-14,180000,1,184.33
18,서초구,반포동,반포서래빌,87-7,11650-541,11650,,1,0087,0007,6,2023-09-18,158500,3,146.1|149.49|156.29
18,서초구,반포동,반포서래월드메르디앙스칼라아파트A동,550-34,11650-767,11650,,1,0550,0034,4,2023-11-17,170000,2,131.87|134.21
18,서초구,반포동,반포서래월드메르디앙스칼라아파트B동,550-27,11650-766,11650,,1,0550,0027,4,2025-11-15,178000,2,115.94|123.08
19,서초구,반포동,반포쎄레노아파트,742-10,11650-699,11650,,1,0742,0010,4,2026-01-31,87000,3,73.6|74.37|80.04
11,서초구,반포동,반포이안애1차,99-2,11650-542,11650,,1,0099,0002,5,2024-05-31,177000,3,152.86|164.41|198.47
3590,서초구,반포동,반포주공1단지,757,11650-175,11650,,1,0757,0000,198,2023-08-02,730000,9,104.89|106.25|106.26|106.49|107.47|108.33|140.13|140.33|196.8
12,서초구,반포동,반포파크빌,3-3,11650-829,11650,,1,0003,0003,5,2023-12-27,190000,2,110.79|111.41
18,서초구,반포동,반포팰리스,728-7,11650-698,11650,,1,0728,0007,1,2021-03-12,97500,1,100.41
48,서초구,반포동,반포훼미리(101동),713-1,11650-259,11650,,1,0713,0001,11,2026-03-18,187000,2,84.12|108.5
28,서초구,반포동,반포훼미리(102동),712-19,11650-549,11650,,1,0712,0019,12,2025-10-31,155000,3,71.88|84.63|84.74
28,서초구,반포동,반포훼미리(103동),702-1,11650-261,11650,,1,0702,0001,2,2021-03-02,170000,2,102.09|102.1
19,서초구,반포동,반포훼미리(104동),701-1,11650-697,11650,,1,0701,0001,3,2021-10-25,185000,1,115.43
14,서초구,반포동,반포훼밀리빌,49-6,11650-837,11650,,1,0049,0006,2,2020-07-11,110000,1,131.84
11,서초구,반포동,베로니스6차,551-67,11650-3443,11650,,1,0551,0067,5,2024-03-22,270000,1,144.24
13,서초구,반포동,보아스힐(701-4),701-4,11650-3323,11650,,1,0701,0004,4,2021-08-06,120000,1,95.38
17,서초구,반포동,브리앙뜨,107-52,11650-694,11650,,1,0107,0052,3,2024-05-10,170000,2,126.69|148.83
11,서초구,반포동,브리앙뜨3차,101-10,11650-539,11650,,1,0101,0010,1,2024-05-03,160000,1,137.49
8,서초구,반포동,비버리힐즈,612-28,11650-184,11650,,1,0612,0028,1,2022-07-19,450000,1,244.07
9,서초구,반포동,비엥에뜨르,86-5,11650-689,11650,,1,0086,0005,3,2019-08-30,89500,3,81.27|91.3|104.08
16,서초구,반포동,산호아파트,741-5,11650-187,11650,,1,0741,0005,4,2026-02-20,91000,4,64.23|68.54|86|90.11
8,서초구,반포동,삼광,577-47,11650-545,11650,,1,0577,0047,2,2025-02-17,80000,2,88.08|148.91
19,서초구,반포동,삼성에이스빌,726-16,11650-260,11650,,1,0726,0016,8,2026-01-13,170000,4,84.67|84.81|84.97|99.1
9,서초구,반포동,삼정,577-46,11650-695,11650,,1,0577,0046,1,2019-05-09,74500,1,94.86
18,서초구,반포동,상지리츠빌(73-10),73-10,11650-197,11650,,1,0073,0010,4,2025-02-07,301000,3,180.39|183.27|233.14
19,서초구,반포동,상지리츠빌(73-2),73-2,11650-198,11650,,1,0073,0002,3,2021-06-11,222000,3,159.18|159.27|159.45
14,서초구,반포동,상지리츠빌2차,99-3,11650-690,11650,,1,0099,0003,5,2025-02-21,235000,4,149.04|157|163.6|164.86
10,서초구,반포동,새티스,612-138,11650-540,11650,,1,0612,0138,2,2019-12-15,57000,2,66.06|83.89
12,서초구,반포동,서래루체,108-5,11650-3950,11650,,1,0108,0005,1,2018-08-28,119000,1,131.903
15,서초구,반포동,서래아르드빌,88-4,11650-3451,11650,,1,0088,0004,15,2025-12-06,190000,4,189.86|200.4|216.84|241.17
12,서초구,반포동,선데일,612-115,11650-3313,11650,,1,0612,0115,7,2023-08-25,550000,4,246.01|252.23|252.48|255.4
16,서초구,반포동,신구노빌리티,84-2,11650-551,11650,,1,0084,0002,1,2020-09-12,285000,1,243.37
18,서초구,반포동,신성리더스카운티,50-8,11650-501,11650,,1,0050,0008,3,2026-04-16,185000,3,137.47|167.47|218.09
10,서초구,반포동,써니힐,701-31,11650-548,11650,,1,0701,0031,3,2026-01-06,110000,3,57.57|59.12|76.83
15,서초구,반포동,쏠레뉴,53-2,11650-534,11650,,1,0053,0002,6,2024-08-31,173000,2,80.92|115.92
11,서초구,반포동,아델스빌1,612-31,11650-3431,11650,,1,0612,0031,5,2025-10-20,430000,4,240.03|241.96|243.1|244.89
,서초구,반포동,에이아이디차관주택,968,11650-209,11650,,1,0968,0000,167,2023-02-05,370000,1,72.51
19,서초구,반포동,엘리제빌,99-1,11650-3430,11650,,1,0099,0001,6,2025-06-26,320000,3,192.38|201.81|204.11
10,서초구,반포동,예당하우스,577-5,11650-212,11650,,1,0577,0005,4,2025-11-22,105000,3,60.58|75.17|84.49
10,서초구,반포동,윌턴빌,103-1,11650-622,11650,,1,0103,0001,1,2021-03-11,187000,1,174.44
17,서초구,반포동,일신반포빌라트,48-7,11650-213,11650,,1,0048,0007,2,2021-07-07,120000,1,204.3
19,서초구,반포동,장원빌라트,111-1,11650-255,11650,,1,0111,0001,2,2024-05-03,250000,2,242.17|244.88
13,서초구,반포동,정광아파트,107-19,11650-693,11650,,1,0107,0019,3,2026-01-26,129000,1,95.65
10,서초구,반포동,청광아트빌라12,78-1,11650-221,11650,,1,0078,0001,2,2021-11-01,260000,1,244.6
12,서초구,반포동,타운빌,76-2,11650-252,11650,,1,0076,0002,3,2022-04-16,136000,2,108.12|111.78
18,서초구,반포동,태평아트,701-59,11650-258,11650,,1,0701,0059,2,2025-09-13,117500,2,78.6|80.54
17,서초구,반포동,테마하우스,95-1,11650-228,11650,,1,0095,0001,4,2024-07-02,147000,4,77.43|94.83|113.08|137.38
17,서초구,반포동,팔라디오,551,11650-544,11650,,1,0551,0000,5,2025-06-26,99000,3,75.99|76.92|77.28
12,서초구,반포동,프라임빌라트,98-4,11650-502,11650,,1,0098,0004,1,2020-11-18,125000,1,131.72
12,서초구,반포동,프레스턴클레식,612-49,11650-769,11650,,1,0612,0049,4,2026-02-21,320000,1,215.06
7,서초구,반포동,하늘.바람,612-32,11650-547,11650,,1,0612,0032,1,2019-08-12,209500,1,244.75
,서초구,반포동,한신23차,1-15,11650-205,11650,,1,0001,0015,5,2019-05-30,160000,4,56.89|56.9|57.82|57.83
40,서초구,반포동,한신상가,885,11650-231,11650,,1,0885,0000,14,2020-07-04,178000,6,95.11|106.58|106.61|112|120.43|156.33
19,서초구,반포동,현대반포빌라트B,77-1,11650-237,11650,,1,0077,0001,3,2024-03-28,300000,1,242.92
10,서초구,반포동,효성빌라26동,551-42,11650-3212,11650,,1,0551,0042,4,2025-12-04,220000,3,152.9|181.55|188.61
82,서초구,방배동,SK리더스뷰(파스텔시티),444-3,11650-3325,11650,,1,0444,0003,18,2025-11-03,163000,5,84.8|84.83|84.86|84.95|84.97
24,서초구,방배동,TheHerren,812-1,11650-4538,11650,,1,0812,0001,3,2025-11-08,118500,3,61.41|63.33|67.13
18,서초구,방배동,UPPERHOUSE,12-1,11650-3858,11650,,1,0012,0001,11,2026-01-13,640000,5,206.35|233.44|234.59|241.1|242.67
12,서초구,방배동,UPPERHOUSE2,12-5,11650-4024,11650,,1,0012,0005,3,2021-09-24,480000,2,244.72|244.82
5,서초구,방배동,Venessere,843-6,11650-3369,11650,,1,0843,0006,1,2025-07-14,227000,1,163.16
12,서초구,방배동,강남아트빌,980-41,11650-405,11650,,1,0980,0041,3,2023-07-20,116500,2,96.28|103.21
10,서초구,방배동,갤러리하우스,12-60,11650-634,11650,,1,0012,0060,2,2020-09-05,117000,1,117.53
12,서초구,방배동,골드아트빌,864-7,11650-3546,11650,,1,0864,0007,2,2025-12-24,130500,2,48.57|84.99
19,서초구,방배동,공작빌라트,1029-1,11650-264,11650,,1,1029,0001,4,2026-02-20,170000,2,144.34|148.08
10,서초구,방배동,광해리드빌,917-5,11650-650,11650,,1,0917,0005,1,2025-11-27,128000,1,116.11
19,서초구,방배동,그랑씨엘2000,843-3,11650-266,11650,,1,0843,0003,2,2024-07-22,197000,1,185.11
12,서초구,방배동,그린,926-7,11650-747,11650,,1,0926,0007,2,2020-09-21,120000,2,96.25|124.96
87,서초구,방배동,금강프리빌,940-8,11650-291,11650,,1,0940,0008,11,2025-11-06,192500,4,81.73|93.07|95.43|127.2
5,서초구,방배동,나스빌,802-2,11650-268,11650,,1,0802,0002,4,2021-06-30,225000,1,243.34
10,서초구,방배동,나스빌3차,806-13,11650-504,11650,,1,0806,0013,1,2020-06-27,126000,1,136.29
9,서초구,방배동,나인빌,800-3,11650-3543,11650,,1,0800,0003,2,2026-03-16,225000,2,176.52|187.68
18,서초구,방배동,네스코,956-8,11650-404,11650,,1,0956,0008,3,2025-03-15,250000,2,99.05|130.15
13,서초구,방배동,네스코뮤즈빌(A),971-8,11650-515,11650,,1,0971,0008,1,2024-12-31,140000,1,132.74
16,서초구,방배동,네스코뮤즈빌(B),971-7,11650-514,11650,,1,0971,0007,1,2024-07-08,120000,1,117.58
10,서초구,방배동,노블씨티,802-8,11650-3436,11650,,1,0802,0008,3,2023-12-29,165000,3,111.28|114.16|214.32
18,서초구,방배동,노블하우스(803-8),803-8,11650-574,11650,,1,0803,0008,2,2024-09-12,230000,2,139.12|178.86
19,서초구,방배동,노블하임,807-5,11650-584,11650,,1,0807,0005,2,2021-11-01,300000,1,242.77
19,서초구,방배동,뉴캐슬,971-1,11650-652,11650,,1,0971,0001,4,2021-08-02,115500,3,74.58|78.93|86.57
17,서초구,방배동,다솔,449-2,11650-388,11650,,1,0449,0002,3,2020-06-20,95000,3,78.56|96.69|104.36
12,서초구,방배동,다움7샤인힐,800-5,11650-570,11650,,1,0800,0005,1,2020-02-14,184000,1,208.57
14,서초구,방배동,다이너스티힐,1-11,11650-3407,11650,,1,0001,0011,3,2024-05-02,320000,2,252.27|256
5,서초구,방배동,대건딜라이트,593-19,11650-566,11650,,1,0593,0019,1,2022-03-21,115000,1,244.98
12,서초구,방배동,대우로얄빌라트,1026-1,11650-408,11650,,1,1026,0001,1,2019-06-04,119000,1,221.8
19,서초구,방배동,대우로얄빌라트(1027-1),1027-1,11650-409,11650,,1,1027,0001,1,2020-06-06,153000,1,241.81
19,서초구,방배동,동광빌라트,791-10,11650-275,11650,,1,0791,0010,3,2025-08-02,168500,3,153.51|153.84|159.27
39,서초구,방배동,두원,473-1,11650-281,11650,,1,0473,0001,13,2025-02-22,250000,3,59.27|59.53|84.87
55,서초구,방배동,디오수페리움2,3001-1,11650-3311,11650,,1,3001,0001,18,2026-01-23,161000,4,45.34|84.94|84.97|84.98
10,서초구,방배동,디오엠프리미어,808-3,11650-3584,11650,,1,0808,0003,5,2020-11-06,200000,4,209.39|211.09|217.02|224.45
6,서초구,방배동,라온채,12-36,11650-3458,11650,,1,0012,0036,4,2023-12-15,275000,3,189.59|204.14|272.74
9,서초구,방배동,라파예트,1-43,11650-274,11650,,1,0001,0043,1,2021-05-13,180000,1,244.8
12,서초구,방배동,레베빌,1-40,11650-3306,11650,,1,0001,0040,2,2021-11-01,350000,2,244.41|244.45
19,서초구,방배동,레베빌(798-1),798-1,11650-283,11650,,1,0798,0001,4,2025-02-19,480000,2,244.87|244.92
12,서초구,방배동,레베빌2,804-5,11650-579,11650,,1,0804,0005,4,2024-07-10,310000,1,244.44
18,서초구,방배동,렉스빌,847-25,11650-398,11650,,1,0847,0025,6,2022-04-03,302000,2,243.25|244.68
12,서초구,방배동,롯데빌라트2차,987-3,11650-286,11650,,1,0987,0003,3,2025-11-13,198000,2,163.23|206.55
19,서초구,방배동,롯데캐슬파크(34),888-34,11650-400,11650,,1,0888,0034,2,2020-12-31,193000,1,141.66
19,서초구,방배동,롯데캐슬파크(38),888-38,11650-401,11650,,1,0888,0038,3,2025-11-14,325000,2,244.71|244.91
19,서초구,방배동,롯데캐슬파크(40),888-40,11650-402,11650,,1,0888,0040,2,2020-12-29,239000,1,244.75
60,서초구,방배동,롯데캐슬포레스트,844-27,11650-613,11650,,1,0844,0027,11,2025-08-27,450000,1,239.33
18,서초구,방배동,루이스캐슬,478-8,11650-3332,11650,,1,0478,0008,2,2020-01-24,82000,2,92.55|115.19
6,서초구,방배동,르가든5차,798-11,11650-4075,11650,,1,0798,0011,3,2024-11-05,366000,2,177.93|179.19
6,서초구,방배동,르가든6차,798-10,11650-4143,11650,,1,0798,0010,4,2025-01-24,350000,3,165.84|181.08|182.26
19,서초구,방배동,리베하임,488-2,11650-3628,11650,,1,0488,0002,6,2025-11-25,85000,5,76.41|112.74|114.46|115.36|116.46
10,서초구,방배동,리벨루스(804-1),804-1,11650-577,11650,,1,0804,0001,4,2025-08-01,150000,2,119.11|122.27
6,서초구,방배동,리전트가든,1-45,11650-533,11650,,1,0001,0045,2,2018-10-24,185000,1,231.07
79,서초구,방배동,리첸시아방배,755-14,11650-3569,11650,,1,0755,0014,15,2022-03-10,180000,8,116.86|122.98|134.22|137.33|146.71|149.91|150.03|190.91
10,서초구,방배동,리치팰리스,808-8,11650-3534,11650,,1,0808,0008,3,2024-10-30,171000,2,110.27|135.11
12,서초구,방배동,멤버스빌,918-14,11650-403,11650,,1,0918,0014,3,2022-08-27,110000,2,84.86|84.9
16,서초구,방배동,멤버스카운티601,801-7,11650-835,11650,,1,0801,0007,7,2025-03-21,174500,2,107.62|144.33
17,서초구,방배동,명지해드는터,593-64,11650-639,11650,,1,0593,0064,3,2024-08-30,90000,3,104.16|133.83|146.84
,서초구,방배동,모닝아트빌,976-15,11650-516,11650,,1,0976,0015,2,2023-08-08,167000,2,81.85|84.03
44,서초구,방배동,바흐하우스반포캐슬,756-4,11650-5157,11650,,1,0756,0004,1,2024-12-03,85000,1,61.119
16,서초구,방배동,방배2차상지리츠빌,593-24,11650-392,11650,,1,0593,0024,4,2024-08-30,217000,1,163.48
17,서초구,방배동,방배5차상지리츠빌,797-22,11650-642,11650,,1,0797,0022,10,2025-02-23,199000,6,123.21|133.54|136.06|138.19|140.64|182.56
16,서초구,방배동,방배CJ나인빌1차,889-5,11650-762,11650,,1,0889,0005,6,2026-04-08,185000,3,137.3|145.76|174.05
18,서초구,방배동,방배CJ나인빌2차,889-6,11650-763,11650,,1,0889,0006,1,2025-02-10,164000,1,158.33
8,서초구,방배동,방배갤러리,806-3,11650-760,11650,,1,0806,0003,2,2021-04-27,121000,2,125.36|185.02
11,서초구,방배동,방배노블힐스,593-45,11650-565,11650,,1,0593,0045,3,2025-02-17,110000,2,103.76|121.62
12,서초구,방배동,방배다움샤인힐,806-9,11650-582,11650,,1,0806,0009,3,2021-06-27,228000,3,188|208.85|244.24
41,서초구,방배동,방배대성유니드아파트,957-7,11650-513,11650,,1,0957,0007,7,2025-11-14,199000,1,124.95
95,서초구,방배동,방배대우(562-1),562-1,11650-271,11650,,1,0562,0001,18,2025-11-08,170000,4,84.55|84.67|84.68|84.76
18,서초구,방배동,방배대우멤버스카운티,809-22,11650-506,11650,,1,0809,0022,7,2025-06-20,185000,2,101.59|125.49
18,서초구,방배동,방배대우멤버스카운티(809-17),809-17,11650-505,11650,,1,0809,0017,5,2024-06-16,195000,3,109.73|125.5|125.52
18,서초구,방배동,방배대우멤버스카운티201,809-26,11650-507,11650,,1,0809,0026,3,2025-09-21,186000,2,100.38|112.9
17,서초구,방배동,방배대우멤버스카운티301,841-12,11650-756,11650,,1,0841,0012,5,2025-02-13,176300,1,121.65
18,서초구,방배동,방배대우멤버스카운티501,801-1,11650-749,11650,,1,0801,0001,2,2021-05-26,160000,2,172.28|172.97
18,서초구,방배동,방배대우멤버스카운티502,801-5,11650-750,11650,,1,0801,0005,1,2020-01-28,160000,1,171.4
65,서초구,방배동,방배대우유로카운티,847-34,11650-399,11650,,1,0847,0034,12,2026-01-21,430000,4,202.4|216.15|229.17|234.01
16,서초구,방배동,방배동갤러리하우스3,1-7,11650-618,11650,,1,0001,0007,2,2020-12-14,185000,2,103.65|186.48
31,서초구,방배동,방배동동양파라곤,992-8,11650-654,11650,,1,0992,0008,1,2019-11-18,129000,1,209.33
10,서초구,방배동,방배렉슬,802-10,11650-3552,11650,,1,0802,0010,5,2021-07-15,139000,2,113.36|118.35
9,서초구,방배동,방배롯데캐슬OSCAR,1-21,11650-3355,11650,,1,0001,0021,2,2021-03-17,325000,2,247.32|270.6
19,서초구,방배동,방배리치빌,474-9,11650-391,11650,,1,0474,0009,4,2023-12-27,107500,2,95.79|101.76
118,서초구,방배동,방배마에스트로,866-10,11650-4693,11650,,1,0866,0010,22,2025-10-27,130000,6,25.48|29.28|34.59|35.37|35.53|50.25
57,서초구,방배동,방배블레스밸리,1019-3,11650-585,11650,,1,1019,0003,7,2025-11-12,230000,2,128.4|196.84
14,서초구,방배동,방배비젼21빌라트,849-2,11650-294,11650,,1,0849,0002,4,2025-10-27,205000,2,185.12|187.34
19,서초구,방배동,방배삼성홈타운(101),877-4,11650-737,11650,,1,0877,0004,3,2023-07-10,140000,3,105.83|109.27|129.1
19,서초구,방배동,방배삼성홈타운(102),877-6,11650-740,11650,,1,0877,0006,1,2019-08-30,117000,1,130.9
19,서초구,방배동,방배샤인힐6차,840-1,11650-611,11650,,1,0840,0001,2,2025-10-18,205000,1,163.6
66,서초구,방배동,방배서리풀힐스,915-16,11650-3338,11650,,1,0915,0016,12,2025-06-18,189000,2,84.992|128.11
18,서초구,방배동,방배승원아트빌,970-13,11650-575,11650,,1,0970,0013,2,2021-03-09,135500,1,137.25
19,서초구,방배동,방배신주,449-1,11650-387,11650,,1,0449,0001,1,2021-07-04,140000,1,116.715
91,서초구,방배동,방배씨티(보성),836-1,11650-302,11650,,1,0836,0001,22,2026-04-04,139500,4,36.84|37.8|74.16|77.04
17,서초구,방배동,방배아크빌,848-1,11650-615,11650,,1,0848,0001,3,2025-12-12,270000,2,195.43|197.91
18,서초구,방배동,방배아트e-편한세상102,484-5,11650-3170,11650,,1,0484,0005,5,2025-11-16,180000,3,74.87|99.7|108.98
17,서초구,방배동,방배아트e-편한세상103,484-6,11650-3171,11650,,1,0484,0006,2,2025-06-27,164000,2,74.87|108.98
16,서초구,방배동,방배아트e-편한세상106,486-8,11650-3174,11650,,1,0486,0008,5,2025-10-28,157500,2,74.87|117.26
19,서초구,방배동,방배아트e편한세상101,484-2,11650-3169,11650,,1,0484,0002,7,2025-12-31,164000,2,74.87|108.98
7,서초구,방배동,방배아트e편한세상104,486-1,11650-3172,11650,,1,0486,0001,1,2026-02-02,198500,1,113.183
16,서초구,방배동,방배아트e편한세상105,486-4,11650-3173,11650,,1,0486,0004,10,2024-09-07,162000,2,74.87|117.26
11,서초구,방배동,방배아펠바움,1-15,11650-3244,11650,,1,0001,0015,4,2023-07-09,350000,3,208.29|208.39|233.99
64,서초구,방배동,방배어울림,998,11650-3456,11650,,1,0998,0000,15,2025-02-05,209500,1,122.785
32,서초구,방배동,방배엔스위트,481-11,11650-726,11650,,1,0481,0011,3,2021-02-10,120000,2,84.31|84.71
42,서초구,방배동,방배중앙센트레빌,3282,11650-4909,11650,,1,3282,0000,21,2025-01-21,137600,5,59.777|59.873|59.922|59.933|59.936
19,서초구,방배동,방배타운하우스,790-26,11650-621,11650,,1,0790,0026,7,2025-12-22,120000,4,68.33|75.09|80.64|115.17
12,서초구,방배동,방배팰리스빌라,809-14,11650-364,11650,,1,0809,0014,1,2018-12-15,95000,1,118.09
5,서초구,방배동,방배포레스트,846-4,11650-614,11650,,1,0846,0004,1,2020-06-19,133000,1,139.84
89,서초구,방배동,방배한화,169-24,11650-369,11650,,1,0169,0024,19,2026-03-11,235000,5,84.7|84.74|110.85|112.68|124.39
19,서초구,방배동,방배현대빌라트(999-2),999-2,11650-378,11650,,1,0999,0002,3,2025-05-14,195000,1,254.45
19,서초구,방배동,방배호원,593-32,11650-393,11650,,1,0593,0032,2,2022-05-18,200000,2,175.36|209.31
30,서초구,방배동,방배홈타운(479-11),479-11,11650-637,11650,,1,0479,0011,7,2025-02-08,140000,3,87.51|100.43|113.67
10,서초구,방배동,방배힐1차,806-1,11650-300,11650,,1,0806,0001,2,2022-05-07,239000,2,203.79|228.39
10,서초구,방배동,방배힐2차,808-11,11650-301,11650,,1,0808,0011,1,2020-11-21,205000,1,210.2
6,서초구,방배동,베네쎄레,1-18,11650-3416,11650,,1,0001,0018,1,2025-08-24,300000,1,242.63
17,서초구,방배동,베로니스2차,803-9,11650-752,11650,,1,0803,0009,2,2025-03-20,190000,2,171.37|190.19
12,서초구,방배동,베로니스3차,807-11,11650-3185,11650,,1,0807,0011,2,2020-02-28,200000,1,173.25
9,서초구,방배동,베로니스5차,1-39,11650-3356,11650,,1,0001,0039,3,2025-12-12,260000,1,178.71
10,서초구,방배동,벨루체팰리스,808-10,11650-3414,11650,,1,0808,0010,4,2021-07-24,170000,4,77.74|104.65|118.36|131.65
15,서초구,방배동,보아스방배,831-6,11650-631,11650,,1,0831,0006,1,2025-10-31,100000,1,83.42
6,서초구,방배동,부에나비스타,1-57,11650-727,11650,,1,0001,0057,2,2021-03-24,312500,1,244.89
19,서초구,방배동,비젼21(2차),849-1,11650-303,11650,,1,0849,0001,3,2025-03-06,202000,1,164.41
10,서초구,방배동,빌라도르,840-10,11650-304,11650,,1,0840,0010,5,2024-11-22,130000,4,85.75|102.42|108.84|112.03
5,서초구,방배동,빌라일두오모,800-1,11650-3183,11650,,1,0800,0001,4,2024-05-30,310000,3,193.57|199.83|201.21
408,서초구,방배동,삼익,1018-1,11650-305,11650,,1,1018,0001,31,2023-09-08,282000,5,88.26|89.12|89.62|91.47|151.54
6,서초구,방배동,상록리츠콤(878-16),878-16,11650-617,11650,,1,0878,0016,1,2019-12-29,110500,1,139.57
12,서초구,방배동,상지리츠빌4차(843-11),843-11,11650-645,11650,,1,0843,0011,4,2024-06-02,210000,2,134.17|136.87
12,서초구,방배동,상지리츠빌4차(843-13),843-13,11650-646,11650,,1,0843,0013,3,2025-10-23,209000,1,136.87
10,서초구,방배동,상지리츠빌6차,843-10,11650-733,11650,,1,0843,0010,4,2025-12-12,175000,3,111.02|111.36|129.75
18,서초구,방배동,상지리츠빌7차,840-12,11650-3526,11650,,1,0840,0012,5,2024-04-23,270000,2,173.58|174.37
11,서초구,방배동,상지리츠빌8차,1-35,11650-627,11650,,1,0001,0035,2,2024-12-19,185000,2,125.75|125.84
19,서초구,방배동,서리풀래디앙아파트,805-14,11650-4798,11650,,1,0805,0014,3,2025-07-14,160000,3,73.72|82|82.84
47,서초구,방배동,서리풀프라젠아파트,3281,11650-4807,11650,,1,3281,0000,7,2026-03-13,166400,3,59.97|78.19|78.69
86,서초구,방배동,서초이에스에이3차,1006-1,11650-407,11650,,1,1006,0001,23,2025-10-29,128000,1,59.4
29,서초구,방배동,서초훼미리하우스,917-4,11650-4570,11650,,1,0917,0004,18,2026-03-06,123500,3,56.9|59.49|59.57
19,서초구,방배동,서희융창,483-1,11650-564,11650,,1,0483,0001,11,2023-10-16,197000,4,70.02|84.93|101.83|114.56
9,서초구,방배동,선영베스트,849-24,11650-616,11650,,1,0849,0024,2,2024-08-30,140000,2,92.82|96.66
18,서초구,방배동,설록,815-22,11650-836,11650,,1,0815,0022,1,2020-03-24,106000,1,121.78
18,서초구,방배동,성지라빌레뜨B,845-14,11650-828,11650,,1,0845,0014,3,2020-12-31,270000,3,216.36|242.41|244.72
18,서초구,방배동,세양아르비채101동,421-1,11650-3245,11650,,1,0421,0001,3,2025-10-23,194500,1,166.223
36,서초구,방배동,세양아르비채102동,425-1,11650-3246,11650,,1,0425,0001,4,2025-10-31,165000,3,129.159|130.591|134.159
12,서초구,방배동,스톤힐스,734,11650-4766,11650,,1,0734,0000,2,2024-07-09,630000,2,207.66|224.38
29,서초구,방배동,신구,980-48,11650-319,11650,,1,0980,0048,4,2025-08-09,155000,1,132.19
18,서초구,방배동,신구드림하우스,963-16,11650-320,11650,,1,0963,0016,1,2019-11-21,265000,1,181.39
19,서초구,방배동,신구하이텍빌리지,865-24,11650-321,11650,,1,0865,0024,7,2024-09-24,180500,2,204.69|206.23
19,서초구,방배동,신원아침도시,987-6,11650-653,11650,,1,0987,0006,3,2023-09-23,124500,2,120.215|127.856
19,서초구,방배동,신한엔시모,802-4,11650-3184,11650,,1,0802,0004,6,2023-05-15,290000,3,196.31|244.2|244.57
19,서초구,방배동,신호,537-9,11650-325,11650,,1,0537,0009,8,2023-09-01,179400,1,82.71
18,서초구,방배동,신호그린빌,980-25,11650-3350,11650,,1,0980,0025,5,2023-11-27,112000,3,84.97|84.98|144.01
12,서초구,방배동,신호나이스빌,890-8,11650-567,11650,,1,0890,0008,2,2021-07-05,155000,2,127.8|147.75
6,서초구,방배동,써니힐즈,799-8,11650-3867,11650,,1,0799,0008,6,2025-02-01,211500,4,81.46|109.8|110.15|114.28
16,서초구,방배동,아이리스,1021-9,11650-588,11650,,1,1021,0009,4,2025-05-02,89000,3,42.24|83.11|84.79
,서초구,방배동,양지빌라트,961-3,11650-327,11650,,1,0961,0003,3,2019-06-19,158000,1,84.6
60,서초구,방배동,엘루크방배서리풀,3284,11650-5150,11650,,1,3284,0000,15,2025-08-01,149900,4,32.383|47.99|48.16|48.17
14,서초구,방배동,엘르빌,985-15,11650-583,11650,,1,0985,0015,5,2024-06-03,169000,3,110.26|136.31|141.83
15,서초구,방배동,영지아트빌라,1-106,11650-329,11650,,1,0001,0106,5,2024-06-08,275000,4,100.9|188.44|240.98|243.15
18,서초구,방배동,영진,836-4,11650-330,11650,,1,0836,0004,5,2026-01-16,181000,3,80.81|98.96|104.98
14,서초구,방배동,월드빌라트(798-5),798-5,11650-335,11650,,1,0798,0005,3,2025-02-21,235000,1,201.71
19,서초구,방배동,월드빌라트(999),999,11650-336,11650,,1,0999,0000,7,2025-03-20,180000,1,261.49
36,서초구,방배동,월드빌리지,838-1,11650-337,11650,,1,0838,0001,4,2024-11-25,369000,4,243.46|243.71|243.78|244.03
46,서초구,방배동,이연아마빌레,814-31,11650-827,11650,,1,0814,0031,7,2025-07-06,160000,1,84.286
17,서초구,방배동,정림,434-3,11650-343,11650,,1,0434,0003,5,2025-10-02,260000,5,102.42|104.49|104.82|104.85|107.83
14,서초구,방배동,청광(761-5),761-5,11650-349,11650,,1,0761,0005,1,2021-01-16,158000,1,172.39
29,서초구,방배동,청광아트빌(14차),482-4,11650-350,11650,,1,0482,0004,11,2025-11-12,240000,1,244.84
10,서초구,방배동,청암,980-45,11650-357,11650,,1,0980,0045,2,2026-02-06,167000,1,227.97
10,서초구,방배동,카사벨라(939-9),939-9,11650-3201,11650,,1,0939,0009,1,2020-05-15,80000,1,148.37
6,서초구,방배동,캐슬렉스,799-9,11650-643,11650,,1,0799,0009,1,2022-03-30,199000,1,155.93
6,서초구,방배동,코트빌,804-9,11650-587,11650,,1,0804,0009,2,2019-11-25,84500,1,96.45
16,서초구,방배동,탑빌라트,797-1,11650-359,11650,,1,0797,0001,2,2023-11-24,180000,1,208.53
14,서초구,방배동,태림,912-13,11650-649,11650,,1,0912,0013,4,2026-01-18,132000,1,102.8
10,서초구,방배동,태화빌라(733),733,11650-361,11650,,1,0733,0000,5,2022-05-26,223000,1,255.17
34,서초구,방배동,파라다이스(477-7),477-7,11650-636,11650,,1,0477,0007,6,2025-10-15,117000,5,56.32|81.43|84.08|84.67|84.82
11,서초구,방배동,파인빌리지,843-1,11650-363,11650,,1,0843,0001,5,2021-01-29,249000,2,243.59|244.85
10,서초구,방배동,판테옹빌라,841-2,11650-397,11650,,1,0841,0002,2,2025-10-02,260000,2,161.71|224.5
12,서초구,방배동,팔라티노,810-14,11650-3779,11650,,1,0810,0014,1,2020-05-29,149000,1,139.045
17,서초구,방배동,퍼시픽56차,929-4,11650-651,11650,,1,0929,0004,3,2020-11-23,75000,2,77.3|84.6
7,서초구,방배동,포렛빌,845-5,11650-365,11650,,1,0845,0005,1,2018-11-06,165000,1,242.22
8,서초구,방배동,포렛힐,803-4,11650-644,11650,,1,0803,0004,3,2021-02-03,179000,2,130.59|178.47
12,서초구,방배동,폴라씨엘로,840-4,11650-4194,11650,,1,0840,0004,1,2020-09-03,163000,1,128.41
18,서초구,방배동,푸른마을,763-12,11650-568,11650,,1,0763,0012,5,2025-11-29,93000,5,63.1|84.8|85.8|86.56|108.45
12,서초구,방배동,프라하임1차,978-2,11650-3247,11650,,1,0978,0002,2,2020-10-27,78000,2,71.74|100.65
17,서초구,방배동,프레스턴(1-119),1-119,11650-758,11650,,1,0001,0119,1,2020-10-05,208000,1,216.25
17,서초구,방배동,프레스턴(1-62),1-62,11650-757,11650,,1,0001,0062,4,2021-04-13,223000,3,213.81|216.87|223.35
45,서초구,방배동,프리우스,846-1,11650-761,11650,10100,1,0846,0001,15,2026-03-31,139000,2,73.25|75.32
25,서초구,방배동,필그린빌라,846-5,11650-366,11650,,1,0846,0005,4,2020-08-19,230000,3,230.72|231.13|233.55
6,서초구,방배동,하늘바람,1-56,11650-746,11650,,1,0001,0056,1,2023-07-03,274800,1,243.93
90,서초구,방배동,한신휴플러스,3000-1,11650-3289,11650,,1,3000,0001,24,2026-01-28,178000,4,84.55|84.61|84.68|84.93
12,서초구,방배동,한화엘르빌,878-27,11650-370,11650,,1,0878,0027,1,2021-07-16,200000,1,189.08
18,서초구,방배동,현대맨션,1025-2,11650-372,11650,,1,1025,0002,1,2024-09-03,186000,1,205.35
18,서초구,방배동,현대쉴러하우스,853-19,11650-3437,11650,,1,0853,0019,4,2025-11-29,183000,3,137.27|149.92|157.02
10,서초구,방배동,현대아르빌,459-1,11650-635,11650,,1,0459,0001,2,2025-07-24,260000,1,84.97
14,서초구,방배동,현대오페라하우스,825-12,11650-396,11650,,1,0825,0012,2,2025-08-19,164000,2,93.29|105.74
13,서초구,방배동,현대오페라하우스2차,823-14,11650-610,11650,,1,0823,0014,2,2020-11-28,137000,1,116.48
8,서초구,방배동,효산빌라트,878-26,11650-509,11650,,1,0878,0026,2,2021-06-24,113000,2,83.95|84.77
28,서초구,방배동,훼미리타운,932-34,11650-3820,11650,,1,0932,0034,14,2026-01-17,66000,8,35.34|36.46|39.79|40|40.39|40.98|41.05|47.6
9,서초구,방배동,힐스나인빌리지,799-5,11650-3832,11650,,1,0799,0005,4,2024-07-18,210000,4,152.2|152.54|159.87|163.39
10,서초구,서초동,(1617-21),1617-21,11650-3362,11650,,1,1617,0021,2,2024-01-14,105000,2,82.34|111.16
105,서초구,서초동,DK밸리뷰서초2차,1597-6,11650-4996,11650,,1,1597,0006,2,2025-05-30,56760,2,28.58|28.78
81,서초구,서초동,DK밸리뷰시티,1584-6,11650-4764,11650,,1,1584,0006,7,2025-01-17,47250,6,23.88|25.13|25.57|25.92|26.59|28.14
53,서초구,서초동,LOFT1487,1487-1,11650-4966,11650,,1,1487,0001,23,2022-03-23,43250,3,19.38|19.51|22.89
18,서초구,서초동,N-Suite(1513-2),1513-2,11650-719,11650,,1,1513,0002,5,2024-08-03,148000,2,112.35|114.05
18,서초구,서초동,N-Suite101동(1511-6),1511-6,11650-718,11650,,1,1511,0006,2,2025-08-05,157500,2,120.43|120.56
18,서초구,서초동,N-Suite102동(1511-3),1511-3,11650-717,11650,,1,1511,0003,3,2024-04-12,132000,1,120.43
137,서초구,서초동,urbanplace,1337-3,11650-4072,11650,,1,1337,0003,65,2025-06-05,26850,9,20.334|20.344|20.406|20.998|21.007|21.07|22.032|23.375|23.456
27,서초구,서초동,강남아르젠,1327-23,11650-4087,11650,,1,1327,0023,17,2021-12-20,44500,2,18.53|27.64
15,서초구,서초동,갤러리하우스,1508-39,11650-1,11650,,1,1508,0039,3,2020-10-20,120000,3,121.03|142.93|145.86
15,서초구,서초동,경남아너스빌(1608-8),1608-8,11650-3322,11650,,1,1608,0008,4,2026-02-20,192000,1,84.92
19,서초구,서초동,그린빌라트,1488-5,11650-2,11650,,1,1488,0005,4,2025-06-17,120000,2,106.11|118.09
14,서초구,서초동,그린월드,1508-25,11650-599,11650,,1,1508,0025,1,2018-04-30,63000,1,100.98
60,서초구,서초동,극동스타클래스2,1615-10,11650-3321,11650,,1,1615,0010,17,2025-12-04,165000,5,59.97|72.5|81.065|82.435|84.998
14,서초구,서초동,끄레메빌,1630-4,11650-5,11650,,1,1630,0004,3,2023-04-01,190000,1,244.19
12,서초구,서초동,다솔,1471-3,11650-742,11650,,1,1471,0003,3,2022-10-04,86000,2,62.13|83.4
6,서초구,서초동,다솔멤버스,1507-61,11650-598,11650,,1,1507,0061,1,2026-02-05,197000,1,140.47
17,서초구,서초동,다우월드아파트,1357-44,11650-594,11650,,1,1357,0044,1,2020-01-18,81000,1,98.44
11,서초구,서초동,대경벨로체,1484-7,11650-3361,11650,,1,1484,0007,5,2025-12-09,107000,2,83.113|83.125
12,서초구,서초동,대상파크빌,1484-8,11650-3316,11650,,1,1484,0008,1,2024-10-02,95500,1,64.08
83,서초구,서초동,대성유니드,1641-3,11650-607,11650,,1,1641,0003,19,2026-01-31,225000,3,84.991|95.55|122.111
14,서초구,서초동,대호프레조빌,1604-19,11650-7,11650,,1,1604,0019,1,2020-05-14,135000,1,236.84
95,서초구,서초동,"더샾오데움(101,102동)",1483-18,11650-3227,11650,,1,1483,0018,13,2026-01-17,384000,4,205.195|207.228|232.302|235.579
34,서초구,서초동,더샾오데움(103동),1476-18,11650-3226,11650,,1,1476,0018,5,2024-07-25,247000,1,171.036
10,서초구,서초동,더샾오데움(104동),1472-1,11650-3251,11650,,1,1472,0001,3,2025-06-03,179500,1,110.52
20,서초구,서초동,더클래스,1619-2,11650-4819,11650,,1,1619,0002,2,2021-01-22,53200,2,25.83|28.85
12,서초구,서초동,도무스,1497-12,11650-3406,11650,,1,1497,0012,2,2023-11-14,350000,2,234.13|236.53
19,서초구,서초동,동아빌라트1,1678-1,11650-11,11650,,1,1678,0001,1,2020-08-20,159000,1,216.24
19,서초구,서초동,동아빌라트2,1678-2,11650-12,11650,,1,1678,0002,2,2019-12-13,150000,2,181.32|211.67
8,서초구,서초동,동아빌리지,1523-17,11650-3483,11650,,1,1523,0017,3,2025-11-28,70000,3,59.05|76.01|76.07
54,서초구,서초동,동일하이빌,1542-1,11650-3339,11650,,1,1542,0001,18,2025-11-04,192500,3,84.98|100.39|100.45
78,서초구,서초동,두산위브(1362),1362,11650-3250,11650,,1,1362,0000,18,2026-01-07,140000,5,57.15|73.08|78.63|83.11|84.99
42,서초구,서초동,두진한아름,1609-6,11650-14,11650,,1,1609,0006,15,2026-03-24,160000,4,59.61|59.79|59.97|84.96
90,서초구,서초동,디아레나서초,1588-5,11650-4779,11650,,1,1588,0005,15,2026-02-24,54300,7,17.35|26.94|27.39|27.92|29.08|29.68|29.69
12,서초구,서초동,라파엘로,1492-1,11650-714,11650,,1,1492,0001,1,2022-02-12,162000,1,153.82
57,서초구,서초동,레미안서초6차(1520-9),1520-9,11650-3277,11650,,1,1520,0009,12,2025-10-18,242000,5,113.94|119.97|130.13|138.41|169.41
13,서초구,서초동,로얄파크에이,1527-13,11650-773,11650,,1,1527,0013,4,2022-12-30,160000,3,118.35|134.88|146.56
12,서초구,서초동,로얄하이츠,1471-5,11650-839,11650,,1,1471,0005,3,2021-07-13,106000,2,97.861|140.515
50,서초구,서초동,롯데캐슬메디치,1656-4,11650-3568,11650,,1,1656,0004,25,2026-03-20,185500,5,103.24|107.36|110.62|124.07|124.18
58,서초구,서초동,롯데캐슬스파,1647-1,11650-604,11650,,1,1647,0001,12,2024-06-11,218000,1,194.51
28,서초구,서초동,루컴즈힐서리풀,1496-6,11650-4775,11650,,1,1496,0006,1,2023-03-06,150000,1,78.766
12,서초구,서초동,리안하우스,1491-8,11650-711,11650,,1,1491,0008,3,2024-03-27,165000,2,130.76|153.6
17,서초구,서초동,마샹스,1466-3,11650-556,11650,,1,1466,0003,2,2021-06-14,135500,2,103.22|118.98
12,서초구,서초동,마샹스(2차),1487-144,11650-709,11650,,1,1487,0144,2,2020-02-20,87000,2,79.63|100.71
15,서초구,서초동,베스트빌라,1515-14,11650-22,11650,,1,1515,0014,1,2018-04-19,105000,1,223.98
10,서초구,서초동,보미리즌빌,1527-1,11650-832,11650,,1,1527,0001,2,2021-05-28,90000,1,130.47
17,서초구,서초동,브라운스톤로얄스위트서초,1492-4,11650-841,11650,,1,1492,0004,4,2024-10-22,185000,2,139.54|151.1
42,서초구,서초동,브라운스톤서초(1677-1),1677-1,11650-3278,11650,,1,1677,0001,20,2025-12-19,157000,3,76.51|80.09|84.23
42,서초구,서초동,비버리캐슬,1486-17,11650-4822,11650,,1,1486,0017,4,2026-01-19,118500,2,49.09|59.49
40,서초구,서초동,삼환바우스,1677-11,11650-3331,11650,,1,1677,0011,11,2026-03-20,150000,2,84.74|84.98
19,서초구,서초동,상지리츠빌(1),1490-1,11650-710,11650,,1,1490,0001,4,2025-12-15,224000,4,147.46|164.05|164.52|201.67
19,서초구,서초동,상지리츠빌(10),1517-6,11650-3261,11650,,1,1517,0006,7,2024-07-12,380000,3,175.22|189.53|197.07
18,서초구,서초동,상지리츠빌(1617-13),1617-13,11650-723,11650,,1,1617,0013,6,2026-03-27,195000,3,151.61|163.84|170.8
18,서초구,서초동,상지리츠빌(3),1492-13,11650-715,11650,,1,1492,0013,4,2023-04-15,234500,2,199.34|217.52
17,서초구,서초동,상지리츠빌(4),1490-36,11650-754,11650,,1,1490,0036,4,2025-07-28,249000,2,138.54|150.32
12,서초구,서초동,상지리츠빌(5),1491-14,11650-712,11650,,1,1491,0014,2,2020-08-07,171000,1,179
14,서초구,서초동,상지리츠빌(6),1491-31,11650-713,11650,,1,1491,0031,5,2025-11-04,220000,1,143.78
14,서초구,서초동,상지리츠빌(7),1491-1,11650-3254,11650,,1,1491,0001,4,2023-11-23,260000,2,223.11|223.25
18,서초구,서초동,새티스,1435-2,11650-595,11650,,1,1435,0002,4,2026-01-30,130000,4,80.85|82.27|105.94|114.34
19,서초구,서초동,새티스2,1472-21,11650-707,11650,,1,1472,0021,7,2026-01-06,104000,3,52.59|75.6|84.48
19,서초구,서초동,샹보르,1609-1,11650-623,11650,,1,1609,0001,4,2025-07-13,238000,1,192.57
18,서초구,서초동,서린,1456-1,11650-706,11650,,1,1456,0001,3,2021-10-13,146000,3,82.14|84.84|118.32
18,서초구,서초동,서초8차상지리츠빌,1491-3,11650-3293,11650,,1,1491,0003,7,2026-02-03,220000,3,128.81|141.12|150.72
90,서초구,서초동,서초극동스타클래스,1616-10,11650-602,11650,,1,1616,0010,25,2026-04-04,203000,5,84.3|90.18|109.97|110.72|124.09
24,서초구,서초동,서초나산스위트,1330-16,11650-32,11650,,1,1330,0016,3,2020-10-23,115000,3,118.55|138.99|151.53
12,서초구,서초동,서초네스피아A,1466-2,11650-3222,11650,,1,1466,0002,1,2019-09-10,96000,1,121.25
12,서초구,서초동,서초네스피아B,1466-17,11650-3223,11650,,1,1466,0017,2,2025-11-07,114000,1,100.41
50,서초구,서초동,서초노블레스아파트,1362-10,11650-4745,11650,,1,1362,0010,15,2026-04-23,64000,4,26.74|27.57|28.85|29.47
19,서초구,서초동,서초노빌리에,1566-19,11650-3320,11650,,1,1566,0019,3,2026-03-20,127500,1,81.36
35,서초구,서초동,서초녹원,1666-14,11650-33,11650,,1,1666,0014,4,2024-08-28,115000,3,59.78|84.99|114.99
18,서초구,서초동,서초대림빌라트,1518-6,11650-755,11650,,1,1518,0006,5,2025-03-19,190000,2,168.93|206.27
19,서초구,서초동,서초대성유니드,1487-121,11650-771,11650,,1,1487,0121,1,2020-12-01,149000,1,128.15
19,서초구,서초동,서초동에지앙,1679-6,11650-3286,11650,,1,1679,0006,3,2025-02-27,128000,3,91.84|136.89|148.56
28,서초구,서초동,서초동프레스티지아파트,1344-4,11650-4471,11650,,1,1344,0004,15,2025-07-22,105000,6,49.21|55.1|55.43|71.43|81.24|82.21
47,서초구,서초동,서초두산위브2,1507-38,11650-3228,11650,,1,1507,0038,11,2025-10-22,220000,4,111.07|113.11|116.28|130.05
98,서초구,서초동,서초두산위브트레지움,1310-4,11650-3471,11650,,1,1310,0004,17,2025-10-14,281000,3,84.62|84.96|130.3
10,서초구,서초동,서초드림하이츠,1617-26,11650-603,11650,,1,1617,0026,4,2020-10-30,106000,4,77.25|97.98|111.55|114.82
24,서초구,서초동,서초레몬,1600-11,11650-3230,11650,,1,1600,0011,7,2020-07-22,50000,3,44.95|49.44|54.7
40,서초구,서초동,서초로얄,1627-3,11650-36,11650,,1,1627,0003,6,2025-07-22,133500,4,59.34|59.66|74.63|84.83
14,서초구,서초동,서초로즈힐,1527-10,11650-772,11650,,1,1527,0010,2,2025-03-08,142500,1,116.21
18,서초구,서초동,서초리젠,1444-19,11650-3501,11650,,1,1444,0019,3,2019-07-20,119000,1,154.965
16,서초구,서초동,서초블레스,1532-10,11650-4514,11650,,1,1532,0010,3,2023-10-16,104000,3,48.99|72.29|81.22
23,서초구,서초동,서초블리스아파트,1364-26,11650-4783,11650,,1,1364,0026,8,2021-08-16,89000,6,38.12|43.38|48.6|50.01|52.69|62.59
31,서초구,서초동,서초아크빌,1568-1,11650-95,11650,,1,1568,0001,5,2021-11-12,260000,3,231.33|233.56|234.11
24,서초구,서초동,서초아트래디앙,1582-16,11650-5111,11650,,1,1582,0016,5,2026-02-26,147500,2,48.5|56.92
16,서초구,서초동,서초아트빌,1343-9,11650-553,11650,,1,1343,0009,1,2023-04-28,38500,1,45.06
47,서초구,서초동,서초에스케이뷰,1521-8,11650-3308,11650,,1,1521,0008,8,2026-02-02,196500,4,84.25|84.97|97.21|117.19
19,서초구,서초동,서초예성그린캐슬,1667-2,11650-522,11650,,1,1667,0002,4,2025-12-01,125000,1,105.49
49,서초구,서초동,서초우방유쉘,1560-9,11650-3309,11650,,1,1560,0009,12,2025-02-08,148000,6,67.95|79.3|84.85|84.94|84.95|116.04
29,서초구,서초동,서초자연인아파트(101동),1344-22,11650-3827,11650,,1,1344,0022,12,2024-02-18,44250,7,21.14|24.14|27.38|34.35|35.81|36.04|40.45
29,서초구,서초동,서초자연인아파트(102동),1344-23,11650-3886,11650,10800,1,1344,0023,10,2026-04-06,45500,8,20.38|27.38|27.73|34.26|35.13|35.76|37.45|38.31
91,서초구,서초동,서초중흥S-클래스(도시형생활주택),1451-89,11650-3944,11650,,1,1451,0089,41,2026-02-14,24000,8,18.27|18.59|18.67|19.3|20.55|20.68|22.37|25.82
15,서초구,서초동,서초코아,1465-7,11650-555,11650,,1,1465,0007,5,2026-03-31,88000,3,70.13|94.67|95.53
48,서초구,서초동,서초타운트라팰리스,1327,11650-3341,11650,,1,1327,0000,21,2025-12-29,165000,4,82.9|92.39|103.56|127.3
19,서초구,서초동,서초타워시티빌,1310-9,11650-40,11650,,1,1310,0009,1,2020-06-27,130000,1,150.38
17,서초구,서초동,서초태동스위트,1668-1,11650-41,11650,,1,1668,0001,4,2024-11-29,102000,2,82.94|100.02
14,서초구,서초동,서초트레져,1492-5,11650-3252,11650,,1,1492,0005,7,2025-07-03,225000,2,216.08|224.22
60,서초구,서초동,서초파라곤,1327-29,11650-3235,11650,,1,1327,0029,23,2026-02-13,160000,6,57.44|59.56|84.74|84.98|89.01|109.73
10,서초구,서초동,서초프라임빌(1566-9),1566-9,11650-721,11650,,1,1566,0009,1,2020-08-19,101400,1,128.42
18,서초구,서초동,서초프레스턴,1506-46,11650-3260,11650,,1,1506,0046,6,2025-01-11,292000,1,244.42
37,서초구,서초동,서초화원그랑빌,1510-15,11650-716,11650,,1,1510,0015,16,2025-07-09,135000,11,50.83|68.36|78.94|79.7|81.88|82.18|82.24|82.64|84.59|84.88|100.29
15,서초구,서초동,서초힐하우스,1612-2,11650-96,11650,,1,1612,0002,6,2025-12-27,135000,2,94.15|111.92
12,서초구,서초동,수광빌라트,1640-3,11650-52,11650,,1,1640,0003,3,2022-08-18,165000,1,215.22
17,서초구,서초동,스위트빌,1513-5,11650-558,11650,,1,1513,0005,9,2025-07-18,129000,2,84.47|84.66
10,서초구,서초동,신구블레스벨리,1506-47,11650-92,11650,,1,1506,0047,2,2019-10-10,119500,1,152.48
893,서초구,서초동,신동아아파트(1차),1333,11650-53,11650,,1,1333,0000,166,2024-11-07,309000,15,75.86|76.21|77.2|77.78|86.61|87.39|88.68|89.73|101.6|102.21|102.66|103.55|132.1|157.2|159.1
104,서초구,서초동,신동아아파트(2차),1334-1,11650-484,11650,,1,1334,0001,13,2024-07-20,368000,2,144.41|166.1
40,서초구,서초동,신원아침도시(1434),1434-2,11650-704,11650,,1,1434,0002,8,2026-01-16,146000,4,82.174|83.022|83.102|83.139
16,서초구,서초동,애지앙,1466-4,11650-557,11650,,1,1466,0004,2,2026-02-28,107500,2,66.18|84.8
19,서초구,서초동,연우,1487-115,11650-4139,11650,,1,1487,0115,8,2025-03-12,125000,3,80.5|88.96|89.35
16,서초구,서초동,예림,1531-6,11650-559,11650,,1,1531,0006,4,2025-08-07,107700,3,84.08|84.16|84.99
17,서초구,서초동,예성그린(1667-3),1667-3,11650-560,11650,,1,1667,0003,2,2020-07-30,100000,2,58.42|92.39
18,서초구,서초동,오로라빌,1523-9,11650-720,11650,,1,1523,0009,6,2019-12-03,119800,4,77.2|120.2|154.8|155.23
11,서초구,서초동,옥스포드빌라트,1514-6,11650-600,11650,,1,1514,0006,7,2025-05-09,105000,5,75.01|75.05|75.16|76.41|92.25
77,서초구,서초동,우정에쉐르,1355-24,11650-702,11650,,1,1355,0024,19,2025-10-31,154500,8,26.9|45.04|63.58|69|72.44|77.39|84.76|84.84
19,서초구,서초동,월드메르디앙A,1634-9,11650-90,11650,,1,1634,0009,3,2020-12-11,179000,1,160.76
18,서초구,서초동,월드메르디앙B,1633-1,11650-89,11650,,1,1633,0001,1,2019-10-28,148000,1,131.9
19,서초구,서초동,월드빌라트,1518-2,11650-61,11650,,1,1518,0002,4,2023-11-27,325000,3,244.74|244.76|395.06
18,서초구,서초동,장미아파트,1364-51,11650-63,11650,,1,1364,0051,3,2020-10-30,95000,2,84.96|123.53
18,서초구,서초동,장복엘리트타운,1517-1,11650-64,11650,,1,1517,0001,1,2019-11-25,110000,1,142.51
14,서초구,서초동,제이씨라디앙,1559-1,11650-3241,11650,,1,1559,0001,3,2024-07-19,103500,3,64.38|82.59|84.98
54,서초구,서초동,지에스타워,1675-10,11650-4967,11650,,1,1675,0010,8,2026-03-20,46000,4,24.22|25.91|26.05|26.43
12,서초구,서초동,진성그린,1469-4,11650-91,11650,,1,1469,0004,1,2018-06-30,57000,1,100.86
19,서초구,서초동,트라움하우스2,1495-2,11650-72,11650,,1,1495,0002,7,2025-03-11,360000,2,266.52|267.08
19,서초구,서초동,트라움하우스3,1496-24,11650-73,11650,,1,1496,0024,6,2025-03-14,690000,1,273.86
18,서초구,서초동,티에스프리우스,1625-7,11650-753,11650,,1,1625,0007,9,2024-12-07,140000,2,77.78|108.34
18,서초구,서초동,풍림아이원(101동),1607-6,11650-561,11650,,1,1607,0006,4,2025-03-19,160000,3,115.29|117.13|119.56
18,서초구,서초동,풍림아이원(102동),1607-15,11650-3031,11650,,1,1607,0015,1,2020-08-14,130000,1,117.13
12,서초구,서초동,프레스턴-2(1506-42),1506-42,11650-3280,11650,,1,1506,0042,4,2023-11-06,185000,2,141.37|143.84
149,서초구,서초동,한라비발디스튜디오193,1363-25,11650-3926,11650,,1,1363,0025,71,2026-03-04,39000,6,19.8|19.99|22.72|25.75|32.98|35.91
19,서초구,서초동,한성,1511-9,11650-93,11650,,1,1511,0009,6,2025-03-17,125000,3,94.27|102.1|118.12
18,서초구,서초동,한승미메이드,1427-7,11650-703,11650,,1,1427,0007,1,2021-08-23,132500,1,107.53
19,서초구,서초동,햄프턴코트,1428-1,11650-734,11650,,1,1428,0001,7,2025-11-22,187000,3,149.1|149.11|149.14
12,서초구,양재동,(66-3),66-3,11650-3279,11650,,1,0066,0003,3,2021-11-26,195000,2,199.86|203.83
29,서초구,양재동,강남월드메르디앙프레스티지,11-11,11650-5023,11650,,1,0011,0011,3,2026-03-20,74000,2,36.109|37.424
10,서초구,양재동,경희궁,317-4,11650-671,11650,,1,0317,0004,3,2022-01-24,105000,2,81.75|83.01
11,서초구,양재동,광정,7-17,11650-664,11650,,1,0007,0017,2,2020-06-14,67500,1,75.8
11,서초구,양재동,그린씨티아파트1,376-4,11650-468,11650,10200,1,0376,0004,1,2026-04-01,128000,1,84.25
19,서초구,양재동,금강,352-13,11650-609,11650,,1,0352,0013,5,2025-06-07,105000,2,80.43|82.52
10,서초구,양재동,금일,6-11,11650-474,11650,,1,0006,0011,2,2019-11-30,77000,2,96.51|106.31
19,서초구,양재동,길명오퍼스,9-38,11650-765,11650,,1,0009,0038,3,2024-04-19,93000,3,92.36|96.54|108.2
19,서초구,양재동,남성1차현대타운,16-19,11650-3268,11650,,1,0016,0019,1,2018-09-03,76000,1,127.78
15,서초구,양재동,노블하우스,325-1,11650-413,11650,,1,0325,0001,7,2022-03-23,80000,4,66.32|68.2|71.12|71.13
10,서초구,양재동,누리빌,385-11,11650-470,11650,,1,0385,0011,3,2021-06-17,65000,1,71.48
14,서초구,양재동,뉴현대,292,11650-414,11650,,1,0292,0000,4,2026-03-23,148000,1,132.2
16,서초구,양재동,대흥,7-45,11650-476,11650,,1,0007,0045,6,2025-12-24,59000,2,45.6|56.65
19,서초구,양재동,더-클라스,402-6,11650-597,11650,,1,0402,0006,8,2023-08-27,95000,7,83.93|84.15|84.72|104.78|121.66|125.15|127.65
11,서초구,양재동,더-클라스(402-8),402-8,11650-678,11650,,1,0402,0008,8,2025-09-03,105000,3,83.71|83.72|84.78
11,서초구,양재동,동원,352-11,11650-673,11650,,1,0352,0011,2,2025-05-26,116000,1,87.98
11,서초구,양재동,동원그린,362-6,11650-467,11650,,1,0362,0006,6,2022-01-16,83000,4,77.28|78.34|78.35|81.99
11,서초구,양재동,드림팰리스103동,6-19,11650-663,11650,,1,0006,0019,1,2020-07-21,85000,1,108.34
27,서초구,양재동,리시본하우스,15-11,11650-4810,11650,,1,0015,0011,9,2026-03-17,110000,6,46.31|54.385|58.583|58.715|59.455|59.769
10,서초구,양재동,리젠시,401,11650-677,11650,,1,0401,0000,1,2018-04-09,47650,1,71.93
19,서초구,양재동,리치스,391-12,11650-676,11650,,1,0391,0012,4,2024-03-30,108000,2,84.68|84.74
19,서초구,양재동,리치타운,203-2,11650-460,11650,,1,0203,0002,2,2020-04-10,68000,2,84.92|131.73
11,서초구,양재동,마로니에,352-7,11650-466,11650,,1,0352,0007,1,2020-10-10,54000,1,84.48
16,서초구,양재동,메르디안하우스,122-2,11650-667,11650,,1,0122,0002,3,2025-12-31,170000,1,206.12
11,서초구,양재동,메이저,3-12,11650-473,11650,,1,0003,0012,1,2018-05-16,69100,1,105.48
15,서초구,양재동,미라보,10-13,11650-418,11650,,1,0010,0013,2,2024-07-27,202000,2,158.36|164.97
15,서초구,양재동,미영(101),6-29,11650-525,11650,,1,0006,0029,2,2024-11-04,85000,2,83.19|107.22
17,서초구,양재동,미영(102),6-31,11650-526,11650,,1,0006,0031,5,2020-07-24,97500,3,26.18|61.4|120.54
20,서초구,양재동,베누시아,17-33,11650-730,11650,,1,0017,0033,3,2024-07-13,100000,2,90.192|90.403
16,서초구,양재동,블루하이츠,379-3,11650-420,11650,,1,0379,0003,6,2024-03-29,97000,2,84.28|84.86
18,서초구,양재동,비젼(102),16-22,11650-586,11650,,1,0016,0022,4,2026-03-12,109000,3,76.33|84.46|84.98
19,서초구,양재동,비젼(103),16-21,11650-581,11650,,1,0016,0021,5,2026-02-21,128000,4,82.66|94.13|98.99|102.24
19,서초구,양재동,비젼아파트101동,17-35,11650-591,11650,,1,0017,0035,5,2025-12-05,125000,1,102.46
18,서초구,양재동,삼익양재빌라,91,11650-423,11650,,1,0091,0000,2,2022-04-29,137000,1,163.61
19,서초구,양재동,새티스,359,11650-424,11650,,1,0359,0000,7,2026-02-27,158000,1,116.79
16,서초구,양재동,새티스(402-10),402-10,11650-679,11650,,1,0402,0010,9,2025-12-24,65700,3,50.83|53.44|56.34
10,서초구,양재동,서초,322,11650-672,11650,,1,0322,0000,4,2022-01-07,92000,3,59.63|81.82|83.52
10,서초구,양재동,서초파크빌,312-3,11650-669,11650,,1,0312,0003,5,2020-11-24,68900,2,81.58|84.94
10,서초구,양재동,선경에버빌,382,11650-469,11650,,1,0382,0000,5,2022-03-04,57000,5,49.21|58.28|70.02|71.9|81.97
14,서초구,양재동,성영,206-7,11650-731,11650,,1,0206,0007,4,2024-04-09,84000,4,48.66|55.8|83.12|83.26
16,서초구,양재동,시그마,302,11650-668,11650,,1,0302,0000,2,2020-12-21,74500,2,83.52|83.77
14,서초구,양재동,아원데코빌,206-8,11650-430,11650,,1,0206,0008,3,2020-12-12,87000,1,135.1
14,서초구,양재동,양재동현대,306-11,11650-462,11650,,1,0306,0011,1,2025-06-02,100000,1,113.25
19,서초구,양재동,양재테크노2차,6-13,11650-661,11650,,1,0006,0013,7,2026-04-04,89000,5,80.9|84.47|89.47|114.38|129.23
19,서초구,양재동,양재테크노3,6-36,11650-475,11650,,1,0006,0036,4,2020-12-28,77000,4,44.35|69.05|84.82|84.92
18,서초구,양재동,양재테크노5,7-39,11650-573,11650,,1,0007,0039,5,2021-11-10,93000,4,40.26|61.82|80.86|106.67
19,서초구,양재동,양재테크노빌,286-6,11650-435,11650,,1,0286,0006,5,2025-08-26,105000,5,78.31|83.34|83.42|84.5|84.9
7,서초구,양재동,양재파크뷰,8-37,11650-478,11650,,1,0008,0037,2,2025-11-22,107000,1,84.99
46,서초구,양재동,양재한신휴플러스,12-10,11650-3205,11650,,1,0012,0010,9,2025-05-10,154000,2,84.89|84.92
10,서초구,양재동,우면파크아파트,385-9,11650-593,11650,,1,0385,0009,3,2025-07-20,83000,3,60.3|68.12|75.33
15,서초구,양재동,월드빌,20-18,11650-471,11650,,1,0020,0018,1,2019-11-04,60000,1,74.16
13,서초구,양재동,위너스,15-9,11650-576,11650,,1,0015,0009,4,2025-09-09,68500,3,54.5|78.65|84.05
12,서초구,양재동,인랜드,363-3,11650-674,11650,,1,0363,0003,5,2026-02-07,129700,1,73.28
12,서초구,양재동,초원탑스빌,203-11,11650-524,11650,,1,0203,0011,1,2020-02-15,54000,1,57.89
11,서초구,양재동,태양파크빌,8-36,11650-477,11650,,1,0008,0036,1,2021-07-17,62500,1,78.68
15,서초구,양재동,파크뷰,389-2,11650-675,11650,,1,0389,0002,6,2021-12-23,84000,2,43.47|78.84
14,서초구,양재동,파크사이드,333-9,11650-464,11650,,1,0333,0009,4,2023-09-13,88500,2,65.33|66.24
19,서초구,양재동,포레스빌,119-3,11650-459,11650,,1,0119,0003,6,2021-02-20,104000,2,84.38|84.92
10,서초구,양재동,프라임,402-13,11650-472,11650,,1,0402,0013,4,2026-02-10,97400,1,78.87
68,서초구,양재동,한솔로이젠트,11-17,11650-3347,11650,,1,0011,0017,14,2024-07-18,141000,2,84.65|84.97
19,서초구,양재동,한아름,3-1,11650-562,11650,,1,0003,0001,5,2026-03-14,99000,2,83.83|84.54
16,서초구,양재동,해청,19,11650-592,11650,,1,0019,0000,3,2020-06-18,104000,3,115.06|136.87|153.7
19,서초구,양재동,해청3차,15-12,11650-729,11650,,1,0015,0012,6,2025-10-22,115000,4,75.46|95.61|104.35|115.24
15,서초구,양재동,해청파인빌,19-1,11650-666,11650,,1,0019,0001,3,2021-03-03,130000,2,110.24|129.4
19,서초구,양재동,현대,370,11650-451,11650,,1,0370,0000,2,2019-05-03,100000,2,146.56|148.84
15,서초구,양재동,현대타운,16-28,11650-3269,11650,,1,0016,0028,3,2026-02-13,120000,2,81.1|84.11
14,서초구,양재동,현대테라하임101동,11-120,11650-3305,11650,,1,0011,0120,2,2022-04-04,200000,2,176.77|189.04
14,서초구,양재동,현대테라하임102동,11-74,11650-3304,11650,,1,0011,0074,4,2020-07-07,154000,3,168.15|174.76|187.35
16,서초구,양재동,휴먼씨티,402-15,11650-680,11650,,1,0402,0015,7,2025-09-22,84000,2,59.75|79.54
16,서초구,양재동,힐하우스,378-1,11650-458,11650,,1,0378,0001,2,2021-02-20,118000,1,163.98
19,서초구,잠원동,노블레스,59-12,11650-98,11650,,1,0059,0012,6,2025-02-20,230000,3,135.27|152.01|152.78
22,서초구,잠원동,데뜨아르,67-1,11650-3450,11650,,1,0067,0001,18,2025-02-25,206000,2,84.94|84.99
49,서초구,잠원동,두산위브,76-2,11650-531,11650,10600,1,0076,0002,20,2026-03-18,165000,3,46.95|54.74|69.95
15,서초구,잠원동,띠에라하우스,49-37,11650-527,11650,,1,0049,0037,1,2021-01-23,258000,1,244.91
41,서초구,잠원동,보미리아파트,32-22,11650-105,11650,,1,0032,0022,5,2025-11-20,209000,2,84.94|115.24
83,서초구,잠원동,브라운스톤잠원,67-2,11650-530,11650,,1,0067,0002,28,2026-03-09,330000,1,84.94
15,서초구,잠원동,빌폴라리스,49-5,11650-528,11650,,1,0049,0005,5,2024-05-28,620000,1,244.76
20,서초구,잠원동,새서울맨션,19-4,11650-107,11650,,1,0019,0004,1,2025-10-25,201000,1,148.3
19,서초구,잠원동,성진준빌라트,48-5,11650-612,11650,,1,0048,0005,2,2025-01-07,58000,1,56.72
876,서초구,잠원동,신반포10,58-16,11650-108,11650,,1,0058,0016,65,2021-09-29,253000,7,53.88|54.03|54.11|54.43|54.69|76.32|77.1
398,서초구,잠원동,신반포11,58-24,11650-109,11650,,1,0058,0024,36,2021-10-14,325000,5,76.4|77.11|110.42|111.58|141.53
216,서초구,잠원동,신반포17,58-22,11650-114,11650,,1,0058,0022,24,2021-10-28,460000,4,80.4|108.09|110.91|143.77
108,서초구,잠원동,신반포21,59-10,11650-119,11650,,1,0059,0010,6,2021-02-19,240000,2,117.07|129.47
132,서초구,잠원동,신반포22,65-33,11650-120,11650,,1,0065,0033,5,2021-08-16,288000,2,104.02|117.15
169,서초구,잠원동,신반포25,61-1,11650-122,11650,,1,0061,0001,16,2026-01-20,440000,2,84.49|117.06
66,서초구,잠원동,신반포26,62-4,11650-123,11650,,1,0062,0004,4,2021-07-16,274000,1,115.83
286,서초구,잠원동,신반포9,60-6,11650-130,11650,,1,0060,0006,7,2021-01-06,256500,2,75.95|76.93
29,서초구,잠원동,신반포중앙하이츠,71-9,11650-4896,11650,,1,0071,0009,10,2026-03-04,240000,5,53.31|54.13|73.28|74.96|84.66
58,서초구,잠원동,신사레전드,8-27,11650-3843,11650,,1,0008,0027,1,2024-09-03,23000,1,18.2
14,서초구,잠원동,잠원동상지리츠빌카일룸,49-7,11650-3525,11650,,1,0049,0007,2,2026-02-09,467000,1,169.73
19,서초구,잠원동,잠원동트루빌,33-7,11650-728,11650,,1,0033,0007,7,2025-07-22,110000,4,84.7|84.94|84.96|84.99
29,서초구,잠원동,잠원시티아파트,71-8,11650-4533,11650,,1,0071,0008,10,2025-12-05,55000,3,20.12|21.17|22.77
31,서초구,잠원동,잠원아이비,34-1,11650-632,11650,,1,0034,0001,11,2026-02-14,147000,5,77.11|84.969|84.998|95.589|115.88
19,서초구,잠원동,청구빌라트,55-7,11650-136,11650,,1,0055,0007,5,2023-02-22,420000,1,242.16
19,성동구,금호동1가,푸른마을(8차),128-4,11200-33,11200,,1,0128,0004,4,2025-05-16,69000,3,76.14|78.69|89.8
32,성동구,금호동2가,상기,500-7,11200-151,11200,,1,0500,0007,13,2025-04-07,87000,2,46.25|46.28
14,성동구,금호동4가,리버마이다스빌,97-1,11200-78,11200,,1,0097,0001,1,2020-12-09,76674,1,123.32
75,성동구,금호동4가,삼산금호,180,11200-36,11200,,1,0180,0000,11,2025-08-20,68000,2,49.45|49.49
19,성동구,마장동,마장동해맑은아파트,797-3,11200-89,11200,,1,0797,0003,4,2024-03-09,65000,2,84.5|84.64
123,성동구,마장동,삼성홈타운,834,11200-3052,11200,,1,0834,0000,23,2026-03-09,25500,8,14.11|14.27|14.45|15.77|16.84|18.06|18.25|23.64
19,성동구,마장동,삼웅아파트1동,778-1,11200-11,11200,,1,0778,0001,1,2020-04-24,72000,1,135.03
18,성동구,마장동,삼웅아파트2동,778-2,11200-12,11200,,1,0778,0002,2,2025-03-15,77000,1,101.04
52,성동구,마장동,신명스카이뷰,830,11200-2703,11200,,1,0830,0000,17,2025-11-22,110000,1,84.038
19,성동구,마장동,아트리움,768-1,11200-156,11200,,1,0768,0001,3,2025-01-14,61000,3,82.2|92.57|93.05
60,성동구,마장동,우성에비뉴,835,11200-3155,11200,,1,0835,0000,17,2026-03-26,81000,4,60.4|62.13|70.88|77.11
38,성동구,마장동,장원,767-1,11200-15,11200,,1,0767,0001,12,2025-03-03,70300,2,77.6|84.8
28,성동구,마장동,태성,829,11200-93,11200,,1,0829,0000,3,2025-09-30,80000,2,69.54|81.05
18,성동구,마장동,한건토파즈빌,512-2,11200-2827,11200,,1,0512,0002,6,2021-07-05,45000,1,84.96
,성동구,마장동,한영스테이,783-5,11200-4186,11200,,1,0783,0005,12,2025-06-27,45000,6,18.3|18.38|18.56|18.76|22.07|45.62
19,성동구,마장동,행복드림,768-17,11200-2704,11200,,1,0768,0017,2,2022-03-22,77400,1,84.56
20,성동구,사근동,드림시드,198-1,11200-94,11200,,1,0198,0001,3,2022-05-12,43000,2,84.97|126.71
107,성동구,사근동,한양마이라움,315,11200-3162,11200,,1,0315,0000,19,2026-01-13,19600,2,17.99|18.36
75,성동구,상왕십리동,센트럴큐브,12-47,11200-3189,11200,,1,0012,0047,19,2025-11-02,31000,3,19.42|23.95|24.76
99,성동구,성수동1가,뚝섬현대,13-157,11200-54,11200,,1,0013,0157,29,2026-02-09,154000,1,84.22
49,성동구,성수동1가,서울숲해오름(717-0),717,11200-152,11200,,1,0717,0000,7,2026-03-27,114500,5,71.09|72.83|78.35|78.64|81.35
18,성동구,성수동1가,성수파크빌,685-191,11200-63,11200,,1,0685,0191,4,2020-03-29,122000,2,121.12|121.95
173,성동구,성수동1가,신장미,656-421,11200-58,11200,,1,0656,0421,19,2024-02-21,227000,3,49.23|53.87|68.66
92,성동구,성수동1가,우방,705,11200-57,11200,,1,0705,0000,30,2025-11-25,130000,2,60|84.96
55,성동구,성수동1가,우성,716,11200-102,11200,,1,0716,0000,11,2026-02-23,155000,2,84.66|84.67
52,성동구,성수동2가,E-아름다운세상,846,11200-3027,11200,,1,0846,0000,12,2026-03-26,121500,2,70.71|83.35
47,성동구,성수동2가,강변청구3,745,11200-66,11200,,1,0745,0000,8,2026-02-12,330000,2,59.94|84.6
30,성동구,성수동2가,삼익,223-6,11200-97,11200,,1,0223,0006,6,2025-04-30,200000,2,61.19|61.36
78,성동구,성수동2가,성동상가,336-2,11200-2562,11200,,1,0336,0002,9,2026-03-06,250000,7,53.05|59.21|62.05|62.08|62.28|62.45|62.91
52,성동구,성수동2가,우성2차,837,11200-2728,11200,,1,0837,0000,10,2026-02-12,135000,5,70.17|84.24|84.35|84.39|84.69
12,성동구,성수동2가,이화101동,320-2,11200-153,11200,,1,0320,0002,4,2026-03-30,124000,2,87.02|89.81
12,성동구,성수동2가,이화102동,320-6,11200-154,11200,,1,0320,0006,2,2026-04-07,126500,2,87.02|89.81
60,성동구,송정동,금호베스트빌,103,11200-75,11200,,1,0103,0000,14,2026-01-10,121500,2,84.971|118.266
17,성동구,송정동,성동리버뷰,72-25,11200-155,11200,,1,0072,0025,8,2024-12-16,47950,3,41.25|56.7|58.32
28,성동구,송정동,양지쉐르빌아파트,97,11200-3092,11200,,1,0097,0000,16,2026-01-31,65200,1,59.02
29,성동구,송정동,히페리온리버팰리스,67-5,11200-3237,11200,,1,0067,0005,14,2025-12-29,101500,3,83.453|83.4672|84.4845
254,성동구,신당동,한진해모로,845,11140-1012,11200,,1,0845,0000,3,2025-09-27,107500,2,59.76|84.96
68,성동구,옥수동,동인샤인빌,12,11200-1831,11200,,1,0012,0000,27,2026-03-15,126000,2,57.16|82.9
18,성동구,옥수동,레미테지,220-2,11200-99,11200,,1,0220,0002,9,2026-01-14,325000,3,198.93|224.09|227.67
17,성동구,옥수동,모닝빌아파트,478-1,11200-100,11200,,1,0478,0001,3,2022-06-30,250000,2,208.14|209.14
11,성동구,옥수동,벽산빌라트,191-3,11200-41,11200,,1,0191,0003,5,2025-06-12,165000,2,148.17|159.63
15,성동구,옥수동,예건네스빌,365-11,11200-2729,11200,,1,0365,0011,3,2025-11-12,84000,2,70.57|71.37
28,성동구,옥수동,옥수이테크빌,558,11200-48,11200,,1,0558,0000,9,2025-08-31,119000,1,84.37
27,성동구,옥수동,옥수힐,559,11200-96,11200,,1,0559,0000,5,2026-03-21,118000,3,63.13|84.87|95.54
12,성동구,옥수동,화이트캐슬,436-6,11200-134,11200,,1,0436,0006,4,2025-02-14,200000,3,76.5|128.55|138.93
83,성동구,용답동,YM프라젠,226-4,11200-2829,11200,,1,0226,0004,20,2026-02-06,84500,2,59.94|84.95
66,성동구,용답동,덕현해밀,252,11200-3018,11200,,1,0252,0000,22,2026-04-14,114700,4,51.04|72.5|81.55|84.99
19,성동구,하왕십리동,뉴타운,887-2,11200-88,11200,,1,0887,0002,3,2024-07-20,67000,3,79.62|84.27|84.93
17,성동구,하왕십리동,드림,890-115,11200-2777,11200,,1,0890,0115,2,2024-04-16,57800,2,70.12|72.9
25,성동구,하왕십리동,블루빌,890-446,11200-3038,11200,,1,0890,0446,9,2023-10-24,43000,7,36.85|37.53|37.61|38.08|39.85|41.33|41.42
70,성동구,하왕십리동,상리제나우스,966-18,11200-2991,11200,,1,0966,0018,51,2025-09-16,14200,1,12.84
19,성동구,하왕십리동,상왕아파트,890-103,11200-7,11200,,1,0890,0103,3,2025-03-04,51500,2,54|65.28
82,성동구,하왕십리동,왕십리지웰,1064,11200-2895,11200,,1,1064,0000,19,2026-01-21,132000,3,84.957|84.981|133.536
63,성동구,하왕십리동,왕십리지음재,966-19,11200-3210,11200,,1,0966,0019,15,2026-02-09,25200,2,13.72|16.76
,성동구,행당동,(1-10),1-10,11200-2675,11200,,1,0001,0010,1,2025-07-20,46000,1,75.7
19,성동구,행당동,다울아크로빌,347-4,11200-25,11200,,1,0347,0004,2,2022-10-02,103000,2,115.32|137.86
19,성동구,행당동,우성포커스,1-4,11200-23,11200,,1,0001,0004,2,2018-09-03,50000,1,76.45
18,성동구,홍익동,주암해븐,366,11200-2828,11200,,1,0366,0000,4,2024-06-29,66400,2,80.3|84.58
95,성동구,홍익동,홍익한신,119-1,11200-8,11200,,1,0119,0001,24,2025-12-01,69000,11,68.03|69.26|69.88|71.21|72.99|73.82|74.48|75.24|76|76.1|78.74
,성북구,길음동,두이노블레스(2),973-2,11290-118,11290,,1,0973,0002,1,2018-06-26,47040,1,61.46
10,성북구,길음동,신아,1076,11290-209,11290,,1,1076,0000,4,2020-04-10,52000,2,78.51|81.22
34,성북구,돈암동,고명,42-32,11290-13,11290,,1,0042,0032,4,2025-09-10,39200,3,43.97|52.43|54.78
12,성북구,돈암동,서라벌,7-15,11290-127,11290,,1,0007,0015,8,2025-07-18,43000,3,35.17|71.49|73.94
79,성북구,돈암동,성일우리미,637,11290-104,11290,,1,0637,0000,26,2026-03-11,72000,1,84.95
56,성북구,동선동1가,코아루센타시아,121-6,11290-3809,11290,,1,0121,0006,26,2026-02-09,88500,5,84.15|84.46|113.02|113.05|113.66
19,성북구,동선동3가,태극에버빌,257,11290-93,11290,,1,0257,0000,4,2023-10-28,63000,3,107.51|110.38|112.64
33,성북구,동선동4가,한양수자인,295-1,11290-3718,11290,,1,0295,0001,17,2024-11-27,60500,2,68.03|68.81
12,성북구,동선동5가,트라움하임,69-1,11290-206,11290,,1,0069,0001,3,2024-10-30,39000,2,60.78|106.21
19,성북구,동소문동4가,삼보힐하우스,103-20,11290-3608,11290,,1,0103,0020,6,2021-08-23,73000,3,84.45|84.59|84.93
15,성북구,동소문동4가,양지,241,11290-214,11290,,1,0241,0000,2,2020-09-15,35000,2,54.48|65.37
98,성북구,동소문동5가,성신여대역솔하임,15,11290-4663,11290,,1,0015,0000,29,2025-11-01,25000,4,14.022|14.093|15.424|15.942
117,성북구,동소문동6가,시티플레이스,3-1,11290-4199,11290,,1,0003,0001,16,2025-02-14,21800,2,14.01|14.02
12,성북구,동소문동6가,청기와,24,11290-26,11290,,1,0024,0000,5,2025-05-09,49000,4,69.3|69.84|71.61|72.57
9,성북구,동소문동6가,한신플러스B,261,11290-27,11290,,1,0261,0000,2,2020-01-21,73000,1,106.27
12,성북구,동소문동7가,샤인힐,75-10,11290-105,11290,,1,0075,0010,6,2024-08-09,49000,3,72.66|83.21|83.73
18,성북구,보문동2가,광남캐스빌,6-5,11290-216,11290,,1,0006,0005,4,2025-05-21,50000,3,52.42|81.24|81.63
6,성북구,보문동3가,코지아뜨리에,214,11290-109,11290,,1,0214,0000,1,2021-11-13,58500,1,74.16
18,성북구,보문동6가,동문골드빌A동,433,11290-36,11290,,1,0433,0000,1,2021-04-10,53000,1,83.52
29,성북구,보문동7가,DH팰리스타워,139-1,11290-5001,11290,,1,0139,0001,1,2024-09-10,66000,1,59.98
10,성북구,삼선동3가,동림푸른,26,11290-107,11290,,1,0026,0000,2,2020-10-14,47000,1,84.95
18,성북구,삼선동3가,성종그린,18-2,11290-29,11290,,1,0018,0002,8,2024-05-03,61000,3,84.91|84.97|84.99
9,성북구,삼선동3가,유니아테라스,21-4,11290-91,11290,,1,0021,0004,2,2020-11-15,55000,2,91.7|100
10,성북구,삼선동3가,제일,23,11290-106,11290,,1,0023,0000,4,2026-03-28,61000,2,84.9|84.94
10,성북구,삼선동3가,주승보타운,6-4,11290-90,11290,,1,0006,0004,3,2022-04-16,53000,2,78.07|84.96
10,성북구,삼선동3가,진성,3-1,11290-87,11290,,1,0003,0001,3,2018-08-16,40000,2,76.05|84.72
19,성북구,삼선동4가,공신,44,11290-30,11290,11400,1,0044,0000,3,2026-04-20,90000,3,112.59|149.34|151.5
17,성북구,삼선동5가,청기와,63-3,11290-92,11290,,1,0063,0003,7,2025-04-20,50000,5,34.84|73.08|75|77.34|89.34
13,성북구,상월곡동,한솔,24-51,11290-213,11290,,1,0024,0051,4,2025-08-23,49800,3,56.15|81.17|126.82
114,성북구,석관동,삼성,404,11290-75,11290,,1,0404,0000,30,2026-02-11,59800,3,59.82|80.91|84.72
48,성북구,성북동,성북,348-3,11290-4,11290,,1,0348,0003,24,2025-07-01,25000,2,37.36|44.79
19,성북구,성북동,성북좋은,179-96,11290-11,11290,,1,0179,0096,5,2020-06-15,80000,3,73.56|92.57|113.54
22,성북구,성북동,주암,286,11290-8,11290,,1,0286,0000,4,2022-04-14,27000,1,48.73
18,성북구,성북동1가,스타팰리스,115-5,11290-3494,11290,,1,0115,0005,6,2025-07-29,190000,3,151.18|178.85|184.15
42,성북구,성북동1가,휴아름스튜디오,35-22,11290-4233,11290,,1,0035,0022,19,2025-12-08,22500,4,13.28|13.57|16.27|16.53
9,성북구,안암동3가,동관아트빌,42-1,11290-94,11290,,1,0042,0001,4,2025-11-08,61000,3,69.07|89.56|105.24
18,성북구,안암동3가,동아쉐르빌,79-4,11290-3356,11290,,1,0079,0004,2,2026-03-20,42000,2,75.85|83.94
71,성북구,안암동4가,안암,23-3,11290-34,11290,,1,0023,0003,25,2025-11-29,30000,9,50.68|52.03|52.1|61.02|61.29|62.51|63.87|64.26|64.63
29,성북구,안암동5가,(160-16),160-16,11290-4605,11290,,1,0160,0016,6,2023-05-22,11300,1,22.72
22,성북구,장위동,경헌그린아파트,315,11290-115,11290,,1,0315,0000,6,2025-06-10,68000,1,124.816
31,성북구,장위동,그린빌아파트,314,11290-3400,11290,,1,0314,0000,24,2026-02-28,56000,1,84.69
20,성북구,장위동,라인캐슬,65-239,11290-5142,11290,,1,0065,0239,20,2023-01-13,63350,6,40.99|42.76|47.92|49.63|54.83|55.15
68,성북구,장위동,삼익아파트,60-1,11290-3508,11290,,1,0060,0001,9,2021-07-24,70500,5,65.7|69.95|79.91|80.32|80.36
18,성북구,장위동,세영아파트,233-608,11290-98,11290,,1,0233,0608,14,2025-10-15,83000,6,50.95|52.56|59.34|66.52|68.25|80.2
19,성북구,장위동,신장위아파트,230-214,11290-73,11290,,1,0230,0214,9,2025-10-01,57000,4,80.39|80.55|84.81|86.87
55,성북구,장위동,장위동동원베네스트,50-50,11290-3381,11290,,1,0050,0050,8,2021-08-25,65000,3,82.32|84.69|84.95
18,성북구,장위동,코코아파트,68-1014,11290-114,11290,,1,0068,1014,3,2020-07-16,78666,3,78.25|84.95|101.8
72,성북구,정릉동,갤럭시더정릉,150-27,11290-5117,11290,,1,0150,0027,60,2025-06-27,25100,6,11.79|12|12.32|12.33|12.85|14.91
74,성북구,정릉동,대동아파트,1022,11290-83,11290,,1,1022,0000,32,2026-04-13,65000,3,62.56|81.09|114.89
19,성북구,정릉동,대원아파트,822-1,11290-3478,11290,,1,0822,0001,7,2024-11-09,38000,3,79.05|81.17|82.73
15,성북구,정릉동,대창쉐르빌,266-32,11290-39,11290,,1,0266,0032,5,2024-10-07,35500,5,59.31|61.79|61.94|68.66|72.99
32,성북구,정릉동,동우,727-7,11290-40,11290,13300,1,0727,0007,10,2026-04-08,20500,3,44.45|49.62|49.65
18,성북구,정릉동,동일스카이,800-95,11290-3831,11290,,1,0800,0095,11,2026-02-23,35000,1,82.69
12,성북구,정릉동,미양산타빌,365-4,11290-3460,11290,,1,0365,0004,1,2020-06-16,31300,1,79.45
,성북구,정릉동,이니지오2,1057,11290-5991,11290,,1,1057,0000,45,2025-08-01,34889,17,29.057|29.073|29.226|29.24|29.25|29.251|29.268|29.27|29.429|29.816|29.862|36.877|37.005|37.006|39.864|40.148|47.988
14,성북구,정릉동,장원,508-201,11290-49,11290,,1,0508,0201,3,2022-05-13,55000,2,111.51|113
90,성북구,정릉동,정릉한일유앤아이,1029,11290-3509,11290,,1,1029,0000,17,2026-03-06,70000,4,59.98|82.37|84.99|117.37
52,성북구,정릉동,청구,1013,11290-51,11290,,1,1013,0000,17,2025-10-02,58000,5,59.04|59.76|68.54|83.25|84.84
14,성북구,정릉동,청옥,716-117,11290-52,11290,,1,0716,0117,2,2021-05-10,34500,1,83.67
19,성북구,정릉동,풍산쉐르빌(815-1),815-1,11290-3630,11290,,1,0815,0001,2,2026-04-16,55000,2,78.22|83.13
141,성북구,종암동,고려,125-1,11290-61,11290,,1,0125,0001,51,2026-04-03,44700,9,52.56|53.57|62.55|63.56|65.46|66.44|66.49|86.46|87.75
19,성북구,종암동,동진,10-178,11290-63,11290,,1,0010,0178,6,2021-08-11,76500,3,100.36|104.86|121.67
19,성북구,종암동,센트럴힐,46-43,11290-97,11290,,1,0046,0043,6,2024-12-04,45000,6,64.2|65.03|66.84|72.92|77.44|77.63
10,성북구,종암동,중앙드림빌,33-45,11290-178,11290,,1,0033,0045,4,2026-02-19,41500,2,69.88|76.73
18,성북구,종암동,해가온팰리스아파트,3-301,11290-4424,11290,,1,0003,0301,3,2023-05-31,50000,2,57|59.88
13,성북구,종암동,황지클래스,48-9,11290-3487,11290,,1,0048,0009,3,2018-09-19,29900,2,63.65|64.45
55,성북구,청량리동,샹그레빌아파트,949,11230-2029,11290,,1,0949,0000,9,2023-04-03,72000,2,79.984|80.16
38,성북구,하월곡동,광남캐스빌,90-723,11290-3678,11290,,1,0090,0723,11,2021-05-03,70000,1,84.78
90,성북구,하월곡동,동신주택,70-4,11290-66,11290,,1,0070,0004,24,2025-07-04,64800,5,56.42|56.44|70.04|72.43|78.11
91,성북구,하월곡동,베로니스,90-700,11290-4953,11290,,1,0090,0700,65,2026-04-17,62600,7,51.74|52.58|52.61|52.9|54.14|54.79|56.97
56,성북구,하월곡동,수산동양빌,223,11290-69,11290,,1,0223,0000,10,2025-07-02,63500,2,63.88|83.32
18,성북구,하월곡동,창방트윈(A동),90-1213,11290-85,11290,,1,0090,1213,3,2021-05-21,54500,3,80.97|83.07|84.06
18,성북구,하월곡동,창방트윈(B동),90-2066,11290-86,11290,,1,0090,2066,5,2025-06-25,59000,2,83.07|84.06
19,송파구,가락동,e지브로,16-21,11710-227,11710,,1,0016,0021,4,2025-07-11,85000,2,84.78|142.5
94,송파구,가락동,sk파크타워,166-2,11710-179,11710,,1,0166,0002,34,2026-03-31,126000,4,84.35|84.85|84.88|108.82
99,송파구,가락동,"가락3차쌍용스윗닷홈101동,102동",53,11710-298,11710,,1,0053,0000,29,2026-01-28,174500,3,59.94|84.82|84.99
12,송파구,가락동,가락그랑밸리,141-7,11710-427,11710,,1,0141,0007,4,2023-07-26,71700,3,63.1|81.93|101.85
72,송파구,가락동,가락스타클래스,8,11710-6088,11710,,1,0008,0000,27,2026-02-25,140000,7,84.8|84.93|84.97|84.98|115.94|119.26|119.27
14,송파구,가락동,가락한일유앤아이,142-1,11710-203,11710,,1,0142,0001,5,2023-04-27,80000,1,100.95
19,송파구,가락동,가락현대투웰브(101동),198-9,11710-272,11710,,1,0198,0009,9,2026-02-05,120000,2,84.79|105.02
19,송파구,가락동,가락현대투웰브(102동),198-13,11710-276,11710,,1,0198,0013,8,2025-10-14,110000,2,84.58|124.78
25,송파구,가락동,강남팰리스,123-12,11710-9400,11710,,1,0123,0012,25,2026-04-06,80000,5,38.56|51.51|55.2|56.29|57.63
19,송파구,가락동,골드팰리스아파트,164-1,11710-6174,11710,,1,0164,0001,9,2025-04-17,84000,7,60.16|69.08|74.16|80.37|81.12|83.7|84.6
18,송파구,가락동,그랜드,93-4,11710-75,11710,,1,0093,0004,5,2023-07-06,69000,2,70.68|84.81
18,송파구,가락동,그린아파트,1-7,11710-46,11710,,1,0001,0007,8,2026-04-20,81500,2,55.62|84.99
6,송파구,가락동,금홍해오름,173-4,11710-430,11710,,1,0173,0004,4,2024-07-24,60000,1,65.62
13,송파구,가락동,대련,166-15,11710-428,11710,,1,0166,0015,8,2026-01-20,39000,2,40.97|83.68
19,송파구,가락동,동구햇살,183,11710-432,11710,,1,0183,0000,4,2026-04-16,65000,2,69.4|71.45
48,송파구,가락동,동궁리치웰(101동),196-1,11710-76,11710,,1,0196,0001,15,2025-11-07,137000,1,136.16
32,송파구,가락동,동궁리치웰(102동),196,11710-5655,11710,,1,0196,0000,17,2026-04-09,122500,2,83.66|83.9
12,송파구,가락동,동궁리치웰1,173-6,11710-252,11710,,1,0173,0006,2,2025-08-14,79500,1,84.83
26,송파구,가락동,동부썬빌,99-6,11710-52,11710,,1,0099,0006,3,2023-08-15,105000,2,142.388|167.262
19,송파구,가락동,동성아파트(101동),15,11710-5797,11710,,1,0015,0000,2,2025-04-18,84500,1,94.53
6,송파구,가락동,동성아파트(102동),15-4,11710-5798,11710,,1,0015,0004,1,2022-09-24,55000,1,54.25
16,송파구,가락동,동성아파트(103동),15-11,11710-5799,11710,,1,0015,0011,4,2024-07-02,67000,4,64.46|72.32|81.36|81.86
18,송파구,가락동,동일씨티빌,16-12,11710-249,11710,,1,0016,0012,7,2026-02-27,82000,3,84.45|84.84|84.9
18,송파구,가락동,로즈힐파크(A동),111-13,11710-6427,11710,,1,0111,0013,10,2025-01-15,92000,4,73.29|100.85|105.77|106.29
11,송파구,가락동,로즈힐파크(B동),111-12,11710-6426,11710,,1,0111,0012,2,2020-05-22,58000,2,102.6|110.19
12,송파구,가락동,성해,101-5,11710-202,11710,,1,0101,0005,3,2021-02-10,84700,1,75.76
31,송파구,가락동,송파Nsuite,77-7,11710-5652,11710,,1,0077,0007,4,2025-09-26,102500,3,115.54|122.99|128.05
12,송파구,가락동,시안헤븐스테이,177-10,11710-5985,11710,,1,0177,0010,6,2021-02-06,50000,1,55.6
19,송파구,가락동,신한빌라트-신한미지엔,130-14,11710-58,11710,,1,0130,0014,4,2025-11-17,127500,1,145.74
24,송파구,가락동,신한에스빌-미지엔,130-3,11710-77,11710,10700,1,0130,0003,12,2026-04-23,117500,1,84.99
18,송파구,가락동,쌍용노블래스,29-16,11710-181,11710,,1,0029,0016,9,2025-12-27,71900,3,67.74|72.27|73.17
52,송파구,가락동,쌍용스윗닷홈(105동),51-1,11710-234,11710,,1,0051,0001,18,2026-03-21,165000,1,122.43
12,송파구,가락동,씨티빌,11-3,11710-178,11710,,1,0011,0003,3,2026-02-28,117000,1,139.57
12,송파구,가락동,아키죤II,101-4,11710-201,11710,,1,0101,0004,5,2021-04-16,84500,1,75.29
12,송파구,가락동,아키죤아파트1동,101-3,11710-425,11710,,1,0101,0003,3,2025-12-23,84500,1,75.29
18,송파구,가락동,에스디펠리체,198-7,11710-6102,11710,,1,0198,0007,3,2025-11-06,71000,1,76.77
18,송파구,가락동,예일,92-3,11710-60,11710,,1,0092,0003,4,2026-02-13,163000,1,253.59
12,송파구,가락동,우민-늘푸른아파트,177-8,11710-431,11710,,1,0177,0008,7,2025-11-27,59500,1,74.28
18,송파구,가락동,우정에쉐르,8-1,11710-248,11710,,1,0008,0001,8,2025-11-03,87000,3,84.91|84.95|84.98
18,송파구,가락동,이연파레스,97-8,11710-62,11710,,1,0097,0008,4,2025-12-26,120000,3,89.9|96|96.88
11,송파구,가락동,정산파크뷰,6-8,11710-296,11710,,1,0006,0008,3,2024-08-24,68000,2,87.92|90.07
12,송파구,가락동,주성드림아파트,177-7,11710-180,11710,,1,0177,0007,1,2020-03-11,47000,1,82.46
18,송파구,가락동,주성드림펠리스,160-1,11710-251,11710,,1,0160,0001,2,2021-09-01,119000,1,109.45
15,송파구,가락동,주성파크빌,169-13,11710-429,11710,,1,0169,0013,8,2026-02-06,86000,4,65.99|67.03|75.66|84.9
49,송파구,가락동,진넥스베르디엠,166-10,11710-8428,11710,,1,0166,0010,21,2026-01-20,87000,2,59.9788|59.9918
9,송파구,가락동,청공빌딩주상복합-현대빌리지,137-3,11710-64,11710,,1,0137,0003,4,2024-07-13,94500,2,138.18|157.06
11,송파구,가락동,청솔,149-5,11710-302,11710,,1,0149,0005,2,2025-07-23,95500,1,82.77
10,송파구,가락동,카나피아,46-3,11710-422,11710,,1,0046,0003,3,2025-11-21,85000,1,97.28
14,송파구,가락동,카나피아Ⅱ,34-1,11710-182,11710,,1,0034,0001,2,2022-05-26,74000,1,84.69
64,송파구,가락동,테라펠리체송파,166-6,11710-9304,11710,10700,1,0166,0006,35,2026-04-06,87300,5,29.1078|29.4206|33.1045|33.9472|44.0351
19,송파구,가락동,프라임,126-2,11710-426,11710,,1,0126,0002,2,2024-08-26,80000,2,84.28|84.4
19,송파구,가락동,프라임레지던스,196-3,11710-66,11710,,1,0196,0003,8,2025-12-19,130000,2,164.98|183
90,송파구,가락동,현대(60동),161-1,11710-70,11710,,1,0161,0001,20,2026-03-10,144000,3,82.16|84.31|84.46
72,송파구,가락동,현대7,171-5,11710-73,11710,,1,0171,0005,18,2025-06-25,124500,2,84.64|84.65
19,송파구,가락동,현대빌라트1,1-10,11710-74,11710,,1,0001,0010,3,2020-12-28,119000,3,156.47|158.24|214.13
18,송파구,가락동,현대파크빌,147-2,11710-43,11710,,1,0147,0002,3,2025-11-29,169000,1,218.49
15,송파구,가락동,현진타워,171,11710-7775,11710,,1,0171,0000,9,2023-01-31,30000,4,29.78|29.82|31.02|31.68
14,송파구,거여동,대영무지개1,9-6,11710-268,11710,,1,0009,0006,3,2025-07-18,41000,3,55.6|57.84|59.73
19,송파구,거여동,로얄,551-11,11710-448,11710,,1,0551,0011,2,2019-11-19,61000,1,84.33
48,송파구,거여동,보화2차,258-7,11710-139,11710,,1,0258,0007,16,2026-02-27,108000,2,40.38|40.77
27,송파구,거여동,블레스,45-1,11710-238,11710,,1,0045,0001,10,2025-08-23,75000,5,39.08|65.85|70.39|76.47|84.91
42,송파구,거여동,성동레인보우,129,11710-141,11710,,1,0129,0000,7,2022-10-26,62200,2,59.99|81.59
70,송파구,거여동,쌍용스윗닷홈2차,27-5,11710-5926,11710,,1,0027,0005,21,2026-04-20,129500,3,104.04|104.14|105.24
12,송파구,거여동,청솔,33-2,11710-438,11710,,1,0033,0002,1,2020-11-19,80000,1,69.34
19,송파구,거여동,팰리스힐,127-1,11710-6465,11710,,1,0127,0001,4,2019-10-09,42000,3,83.62|84|84.46
19,송파구,마천동,기영,191-17,11710-273,11710,,1,0191,0017,11,2024-03-29,114000,6,59.47|71.19|78.88|79.95|81.94|84.33
8,송파구,마천동,뉴타운,197-9,11710-204,11710,,1,0197,0009,4,2021-06-19,90800,2,57.57|63.72
19,송파구,마천동,다우림,30-2,11710-269,11710,,1,0030,0002,6,2021-09-07,80000,1,84.38
24,송파구,마천동,대성골드클래스,50,11710-8557,11710,,1,0050,0000,3,2025-10-31,55300,3,28.96|41.13|44.19
21,송파구,마천동,대성스카이뷰아파트,5,11710-9079,11710,,1,0005,0000,20,2021-04-20,53200,3,42.52|43.45|44.71
16,송파구,마천동,동구햇살,188-2,11710-274,11710,,1,0188,0002,4,2025-08-02,85000,4,67|70.54|72.9|79.38
71,송파구,마천동,마천대성,574,11710-147,11710,,1,0574,0000,10,2026-03-28,109000,4,58.67|59.31|59.38|59.62
6,송파구,마천동,보보스빌,200-75,11710-271,11710,,1,0200,0075,2,2020-08-15,89900,2,54.69|59.76
19,송파구,마천동,산성,271-17,11710-205,11710,,1,0271,0017,7,2026-02-19,139000,6,82.51|83.97|84.56|84.87|84.92|84.96
36,송파구,마천동,성영,22,11710-150,11710,,1,0022,0000,8,2026-03-14,72000,1,80.13
19,송파구,마천동,솔렌시아,31-2,11710-187,11710,,1,0031,0002,7,2025-03-21,63000,2,84.06|84.97
19,송파구,마천동,송파자연채,32-1,11710-6291,11710,,1,0032,0001,6,2022-03-14,68000,3,65.56|66.87|99.19
22,송파구,마천동,씨티,31-1,11710-152,11710,,1,0031,0001,5,2025-10-29,75000,1,84.98
17,송파구,마천동,천마그랑밸리,68-5,11710-270,11710,,1,0068,0005,12,2025-12-05,99000,4,74.54|84.8|84.95|117.36
84,송파구,마천동,한보1,175,11710-154,11710,,1,0175,0000,24,2025-11-01,130000,5,34.06|39.1|49.54|59.26|95.14
19,송파구,마천동,한주리버뷰,22-1,11710-7815,11710,,1,0022,0001,8,2024-06-20,59500,3,57.61|63.24|64.32
70,송파구,마천동,현대그린빌,181,11710-155,11710,,1,0181,0000,20,2025-06-30,60000,4,46.05|46.8|59.67|69.51
,송파구,문정동,광남캐스빌(C동),140,11710-254,11710,,1,0140,0000,3,2020-02-01,114000,2,84.89|119.37
18,송파구,문정동,그랜빌캐슬,70-16,11710-190,11710,,1,0070,0016,6,2025-06-26,93000,2,87.67|100.57
18,송파구,문정동,뉴파크팰리스,128-10,11710-188,11710,,1,0128,0010,7,2020-09-02,78000,4,57.88|66.79|67.03|83.22
10,송파구,문정동,대림미소나눔,94-9,11710-434,11710,,1,0094,0009,6,2026-03-12,71000,1,79.76
12,송파구,문정동,동궁리치웰(69-3),69-3,11710-277,11710,,1,0069,0003,6,2025-04-17,77250,1,72.78
18,송파구,문정동,동궁리치웰문정(101),55-3,11710-283,11710,,1,0055,0003,1,2020-10-06,74000,1,80.13
18,송파구,문정동,동궁리치웰문정(102),55-14,11710-253,11710,,1,0055,0014,3,2025-12-05,93500,1,80.13
24,송파구,문정동,동부브리앙뜨1,74,11710-91,11710,,1,0074,0000,9,2020-02-07,77500,2,80.15|83.07
16,송파구,문정동,동부화이트빌,58-17,11710-79,11710,,1,0058,0017,5,2024-06-15,43500,4,52.58|67.1|76.63|82.12
16,송파구,문정동,동부화이트빌(2동),67-14,11710-295,11710,,1,0067,0014,9,2025-04-23,55000,7,28.97|60.25|60.4|68.64|68.79|74.27|76.97
14,송파구,문정동,메트로IV,89-6,11710-206,11710,,1,0089,0006,8,2022-04-23,65000,3,49.54|68.94|83.96
12,송파구,문정동,문정그린,113-3,11710-363,11710,,1,0113,0003,5,2026-03-28,67000,2,71.93|75.08
78,송파구,문정동,문정동아,15,11710-82,11710,,1,0015,0000,23,2025-11-27,81500,4,54.1|57.72|84.7|84.87
16,송파구,문정동,미소로,88-11,11710-207,11710,,1,0088,0011,10,2024-07-29,66900,5,59.71|59.9|80.67|82.25|104.13
12,송파구,문정동,보라뷰,91-19,11710-433,11710,,1,0091,0019,1,2026-03-28,81300,1,84.88
12,송파구,문정동,보라뷰2,89-15,11710-443,11710,,1,0089,0015,3,2023-04-08,73000,1,72.95
14,송파구,문정동,브리앙뜨,63-8,11710-210,11710,,1,0063,0008,2,2023-04-26,55000,2,66.28|84.72
12,송파구,문정동,삼형아파트,96-12,11710-358,11710,,1,0096,0012,5,2025-07-14,77500,3,97.49|98.34|99.63
12,송파구,문정동,선경쉐르빌(106-15),106-15,11710-359,11710,,1,0106,0015,3,2025-02-26,66500,1,84.84
9,송파구,문정동,선경쉐르빌(106-23),106-23,11710-360,11710,,1,0106,0023,3,2026-02-07,73000,2,74.83|76.47
19,송파구,문정동,성해,4-2,11710-189,11710,,1,0004,0002,10,2026-01-14,100500,2,75.83|108.57
19,송파구,문정동,아름빌,81-1,11710-236,11710,,1,0081,0001,6,2024-02-21,63800,3,83.54|84.23|125.65
12,송파구,문정동,예그리나(1동),68-15,11710-5660,11710,,1,0068,0015,4,2023-11-20,73700,3,48.88|74.26|82.72
19,송파구,문정동,우민늘푸른,68-17,11710-6040,11710,,1,0068,0017,5,2020-06-17,82500,2,94.49|120.21
48,송파구,문정동,인택,114,11710-90,11710,,1,0114,0000,10,2021-09-08,101500,2,59.94|84.99
19,송파구,문정동,자이파인빌(101동),68-1,11710-5958,11710,,1,0068,0001,4,2025-06-23,69500,2,69.44|83.04
19,송파구,문정동,자이파인빌(102동),68-5,11710-6006,11710,,1,0068,0005,9,2026-03-28,73200,1,69.44
12,송파구,문정동,주성아트빌,61-11,11710-275,11710,,1,0061,0011,4,2026-03-27,84500,2,77.6|84.95
19,송파구,문정동,주성파크뷰,56-6,11710-209,11710,,1,0056,0006,7,2026-04-03,86500,2,84.26|84.57
19,송파구,문정동,트윈팰리스(101동),112,11710-5955,11710,,1,0112,0000,5,2021-10-01,93500,1,84.78
18,송파구,문정동,트윈팰리스(102동),112-19,11710-5956,11710,,1,0112,0019,3,2019-09-02,61000,1,84.78
12,송파구,문정동,프라임,4-1,11710-208,11710,,1,0004,0001,5,2024-03-30,76500,2,68.94|84.79
18,송파구,방이동,(185-5),185-5,11710-262,11710,,1,0185,0005,5,2022-04-15,148000,1,133.78
10,송파구,방이동,AQUADCASAS,223-13,11710-287,11710,,1,0223,0013,3,2025-05-30,64000,1,59.3
19,송파구,방이동,광남,154-1,11710-213,11710,,1,0154,0001,8,2025-08-11,92500,3,84.09|100.63|114.13
12,송파구,방이동,광명아파트,120-2,11710-5998,11710,,1,0120,0002,2,2026-04-08,80000,1,70.55
19,송파구,방이동,그린파크빌아파트,98-9,11710-256,11710,,1,0098,0009,5,2024-04-02,61000,2,73.32|84.56
19,송파구,방이동,뉴파크플러스,107-18,11710-5731,11710,,1,0107,0018,6,2024-09-26,73500,2,71.51|73.13
19,송파구,방이동,대양코리아나타워,182-2,11710-95,11710,,1,0182,0002,3,2024-08-17,138000,2,145.17|151.92
28,송파구,방이동,더원센트럴,48-3,11710-9055,11710,,1,0048,0003,11,2024-05-01,37500,3,17.58|28.41|29.09
13,송파구,방이동,도무스빌,177,11710-285,11710,,1,0177,0000,4,2025-06-03,191500,1,136.71
40,송파구,방이동,동광팰리스,50-10,11710-8754,11710,,1,0050,0010,28,2026-02-28,40000,5,22.57|23.02|23.88|24.03|25.27
11,송파구,방이동,드림팰리스,154-10,11710-191,11710,,1,0154,0010,2,2021-05-04,71000,2,94.95|114.98
24,송파구,방이동,디벨라지오,211-7,11710-9597,11710,,1,0211,0007,4,2024-09-11,155000,1,84.864
19,송파구,방이동,리치빌(177-2),177-2,11710-261,11710,,1,0177,0002,5,2022-01-03,192000,3,175.58|176.37|250.75
15,송파구,방이동,몽촌(아),103-24,11710-5995,11710,,1,0103,0024,5,2024-12-07,42500,3,51.68|52.54|56.64
13,송파구,방이동,방이동그린파크,177-6,11710-96,11710,,1,0177,0006,2,2019-06-24,96000,1,156.37
19,송파구,방이동,보미리즌빌(101동),134,11710-233,11710,,1,0134,0000,1,2020-09-10,80000,1,83.77
19,송파구,방이동,보미리즌빌(102동),134-17,11710-5670,11710,,1,0134,0017,3,2025-11-15,90000,3,80.97|83.77|84.94
19,송파구,방이동,부광,107-2,11710-257,11710,,1,0107,0002,3,2019-07-12,54000,2,81.92|84.62
19,송파구,방이동,서경아파트,124-18,11710-211,11710,,1,0124,0018,7,2024-01-10,54500,6,39.81|51.11|52.29|64.61|69.91|83.39
14,송파구,방이동,서림올림피아드,126-12,11710-258,11710,,1,0126,0012,2,2026-02-12,60700,2,33.84|69.38
15,송파구,방이동,서울탑빌라트,126-5,11710-444,11710,,1,0126,0005,5,2023-05-04,59500,2,41.4|84.6
12,송파구,방이동,세원아파트,169-2,11710-212,11710,,1,0169,0002,6,2026-03-28,59000,6,57.56|65.95|67.59|69.54|70.14|70.8
96,송파구,방이동,신동아타워,39-2,11710-97,11710,,1,0039,0002,33,2026-04-21,82000,3,50.4|58.38|80.13
19,송파구,방이동,신암밀리안아파트,169-1,11710-5804,11710,,1,0169,0001,3,2022-07-14,70000,2,82.47|99.15
19,송파구,방이동,아크로빌,104-4,11710-99,11710,,1,0104,0004,1,2023-09-09,151000,1,190.14
28,송파구,방이동,에비뉴잠실,47-2,11710-9044,11710,,1,0047,0002,8,2024-10-26,44900,2,26.54|29.51
77,송파구,방이동,옥산크리스탈,193-37,11710-100,11710,,1,0193,0037,21,2026-03-28,95750,2,62.5|74.53
12,송파구,방이동,올림픽타워1,182,11710-103,11710,,1,0182,0000,3,2023-05-02,215000,2,187.38|203.63
66,송파구,방이동,올림픽포레다움아파트,455,11710-9480,11710,,1,0455,0000,4,2026-03-16,66800,2,29.36|31.93
22,송파구,방이동,올림픽하이빌,205-6,11710-104,11710,,1,0205,0006,6,2020-06-01,99000,1,149.95
15,송파구,방이동,우광아파트,179-1,11710-105,11710,,1,0179,0001,3,2025-07-30,65000,3,60.78|64.37|71.95
19,송파구,방이동,원진아뜨리에,173-1,11710-284,11710,,1,0173,0001,4,2025-11-14,135000,2,118.6|125.75
18,송파구,방이동,윈저하우스,211-1,11710-435,11710,,1,0211,0001,7,2025-11-12,85000,3,49.23|71.88|78.39
19,송파구,방이동,은성아파트,148-7,11710-106,11710,,1,0148,0007,5,2025-03-15,72000,2,80.09|82.82
28,송파구,방이동,이스턴잠실,46-1,11710-9084,11710,,1,0046,0001,9,2026-01-31,40000,2,23.93|29.57
18,송파구,방이동,인택스빌,222,11710-107,11710,,1,0222,0000,7,2025-12-04,89900,3,61.2|72.48|76.56
12,송파구,방이동,인택스빌3차,186-12,11710-108,11710,,1,0186,0012,1,2024-04-29,63000,1,83.85
38,송파구,방이동,인택파크랜드,185,11710-286,11710,,1,0185,0000,15,2026-02-26,160000,3,98.05|126.69|126.79
14,송파구,방이동,인텍스빌,130-19,11710-109,11710,,1,0130,0019,2,2025-12-29,105000,2,108.98|117.61
13,송파구,방이동,정우아트빌A,134-1,11710-237,11710,,1,0134,0001,1,2019-10-09,28000,1,44.49
13,송파구,방이동,정우아트빌B,134-8,11710-5790,11710,,1,0134,0008,2,2025-11-08,61800,1,63.56
18,송파구,방이동,주함위너스Ⅰ,154-21,11710-260,11710,,1,0154,0021,7,2026-02-26,86000,2,84.68|94.62
18,송파구,방이동,주함위너스Ⅱ,154-3,11710-259,11710,,1,0154,0003,7,2025-08-07,85000,3,82.37|83.76|84.55
19,송파구,방이동,태평양파크1,181,11710-111,11710,,1,0181,0000,3,2024-12-25,132000,2,147.41|147.69
42,송파구,방이동,트리니엘,454,11710-9292,11710,,1,0454,0000,6,2025-10-30,65000,3,26.4474|33.3799|40.986
48,송파구,방이동,파라다이스빌(40-0),40,11710-5750,11710,,1,0040,0000,18,2025-11-13,125000,2,84.66|84.95
12,송파구,방이동,한성나이스빌,212-3,11710-445,11710,,1,0212,0003,7,2026-01-10,64500,1,74.83
19,송파구,방이동,한승,168,11710-5877,11710,,1,0168,0000,6,2025-01-08,320000,3,190.52|190.97|243.35
15,송파구,방이동,해동아파트A동(134-5),134-5,11710-6000,11710,,1,0134,0005,2,2020-11-27,55000,2,63.12|64.55
10,송파구,방이동,해동아파트B동(134-22),134-22,11710-6001,11710,,1,0134,0022,2,2025-02-15,59500,2,57.24|57.64
19,송파구,방이동,해태그린피아빌라트,180-8,11710-114,11710,,1,0180,0008,4,2025-10-31,255000,1,230.36
19,송파구,방이동,현대빌라(208-19),208-19,11710-117,11710,,1,0208,0019,1,2024-11-16,133000,1,173.55
19,송파구,방이동,현대월드빌리지,191,11710-118,11710,,1,0191,0000,3,2024-04-26,183000,1,215.13
86,송파구,방이동,현대주상복합,48-5,11710-119,11710,,1,0048,0005,35,2026-02-21,37300,10,23.43|23.99|25.96|27.23|28.64|30.8|32.07|33.69|35.32|38.56
17,송파구,방이동,현대홈타운스위트101,197-4,11710-288,11710,,1,0197,0004,5,2021-08-26,170000,4,137.09|144.91|148.68|159.41
11,송파구,방이동,현대홈타운스위트102,198,11710-291,11710,,1,0198,0000,4,2026-02-20,162000,4,124.42|125.25|136.19|143.69
12,송파구,방이동,현대홈타운스위트103,198-3,11710-290,11710,,1,0198,0003,8,2025-10-31,178000,4,146.25|147.67|147.69|148.68
19,송파구,방이동,현대홈타운스위트104,198-9,11710-292,11710,,1,0198,0009,11,2024-06-22,160000,4,103|142.07|148.5|148.68
18,송파구,방이동,현대홈타운스위트105,198-10,11710-289,11710,,1,0198,0010,7,2025-10-15,175000,3,144.7|148.68|149.32
19,송파구,삼전동,경덕,72-9,11710-194,11710,,1,0072,0009,4,2023-01-31,69000,3,48.42|78.71|79.07
17,송파구,삼전동,동승,164-5,11710-442,11710,,1,0164,0005,4,2025-12-12,54500,3,53.04|58.5|94.75
19,송파구,삼전동,동신,166-10,11710-193,11710,,1,0166,0010,5,2026-01-17,75000,3,61.04|64.79|79.98
14,송파구,삼전동,동원아이파크,38-26,11710-297,11710,,1,0038,0026,4,2024-04-06,71000,3,27.52|74.49|75.42
90,송파구,삼전동,레이크시티,8,11710-7249,11710,,1,0008,0000,3,2023-10-13,23000,3,18.87|18.89|19.34
24,송파구,삼전동,에이메스더리버송파,38-11,11710-8684,11710,,1,0038,0011,9,2026-03-12,140000,5,46|47.77|48.34|62.86|84.38
48,송파구,삼전동,엘에스타워,7-16,11710-8203,11710,,1,0007,0016,4,2020-12-09,20500,2,15.54|15.64
19,송파구,삼전동,하늘공원(69-5),69-5,11710-5935,11710,,1,0069,0005,10,2025-06-15,72000,4,62.39|62.99|66|83.52
28,송파구,삼전동,하이파크아파트,38-12,11710-8217,11710,,1,0038,0012,14,2026-03-09,85500,1,51.2
14,송파구,삼전동,한양,38-19,11710-420,11710,,1,0038,0019,5,2025-11-06,85000,3,77.01|79.05|84.52
10,송파구,석촌동,K.L.C,251-16,11710-419,11710,,1,0251,0016,1,2019-05-13,42200,1,64.3
15,송파구,석촌동,나래파크빌,280-4,11710-8299,11710,,1,0280,0004,2,2018-10-24,29600,2,18.11|29.96
19,송파구,석촌동,다성리치빌,77-7,11710-38,11710,,1,0077,0007,4,2020-09-22,67400,3,73.75|84.94|121.41
62,송파구,석촌동,로쟌뷰,1-1,11710-5607,11710,,1,0001,0001,17,2026-04-08,184000,4,110.45|123.45|129.32|134.43
25,송파구,석촌동,루컴스힐더테라스,173-1,11710-9645,11710,,1,0173,0001,2,2025-11-18,109500,2,43.328|49.4599
73,송파구,석촌동,미켈란호수가,158-5,11710-5968,11710,,1,0158,0005,20,2026-03-27,215000,4,129.45|134.86|136.8|148.02
13,송파구,석촌동,밀란체1,227-12,11710-5969,11710,,1,0227,0012,3,2026-03-10,76000,1,68.36
18,송파구,석촌동,배명씨앤디,222-7,11710-229,11710,,1,0222,0007,3,2026-03-20,78500,1,75.69
10,송파구,석촌동,베스트휴,227-10,11710-5904,11710,,1,0227,0010,2,2023-08-11,51300,2,58.98|75.51
12,송파구,석촌동,서원파인뷰(101동),224-2,11710-214,11710,,1,0224,0002,1,2020-03-12,56400,1,84.96
12,송파구,석촌동,서원파인뷰(102동),224-3,11710-215,11710,,1,0224,0003,4,2025-02-22,81000,1,84.96
18,송파구,석촌동,석촌동효신아파트,54-31,11710-6011,11710,,1,0054,0031,5,2021-07-03,52000,4,55.11|60.96|66.59|73.98
19,송파구,석촌동,신부파스카빌,60-2,11710-217,11710,,1,0060,0002,7,2024-01-08,56000,4,44.66|65.02|65.17|69.94
32,송파구,석촌동,예명,253-2,11710-39,11710,,1,0253,0002,11,2026-01-27,106000,3,53.06|68.93|84.27
10,송파구,석촌동,원남,282-12,11710-216,11710,,1,0282,0012,1,2020-07-01,64500,1,80.6
17,송파구,석촌동,월드,297-28,11710-293,11710,,1,0297,0028,3,2021-05-26,66000,1,69.3
11,송파구,석촌동,은성,227-11,11710-247,11710,,1,0227,0011,2,2019-12-30,37700,2,51.36|64.88
18,송파구,석촌동,현대(201),226-2,11710-246,11710,,1,0226,0002,12,2026-03-09,56800,3,48|64.35|68.1
12,송파구,송파동,각산,173-1,11710-21,11710,,1,0173,0001,3,2024-08-01,84000,1,84.76
9,송파구,송파동,갑오빌라트,14,11710-219,11710,,1,0014,0000,2,2020-10-25,50000,2,63.76|76.68
36,송파구,송파동,경남레이크파크,32-1,11710-22,11710,10400,1,0032,0001,10,2026-04-07,217000,1,149.89
16,송파구,송파동,경일,139-4,11710-244,11710,,1,0139,0004,5,2026-03-07,84000,2,61.67|106.52
19,송파구,송파동,노보빌아파트,180-7,11710-23,11710,,1,0180,0007,5,2021-09-27,160000,2,198.26|203.63
69,송파구,송파동,대우레이크월드,58-1,11710-228,11710,,1,0058,0001,31,2026-02-21,190000,5,139.64|162.67|163.44|164.05|164.74
75,송파구,송파동,레이크해모로,58-4,11710-5598,11710,,1,0058,0004,27,2025-12-12,150000,7,68.52|83.57|84.51|84.73|84.75|84.91|120.57
17,송파구,송파동,송정,187-5,11710-245,11710,,1,0187,0005,2,2020-08-10,59000,2,61.95|77.4
70,송파구,송파동,송파센텀레이크,246,11710-9620,11710,,1,0246,0000,5,2026-02-23,140000,2,68.6612|71.2734
24,송파구,송파동,송파포트힐한샘인사이드,244,11710-9577,11710,,1,0244,0000,1,2025-06-24,84000,1,56.1899
18,송파구,송파동,에스-탑,118-2,11710-243,11710,,1,0118,0002,4,2020-08-07,77500,2,106.02|116.55
22,송파구,송파동,엘에이치송파도시형생활주택,12-2,11710-7361,11710,,1,0012,0002,7,2021-10-12,17700,4,17.59|18.4|18.97|22.87
50,송파구,송파동,여흥레이크빌,31,11710-220,11710,,1,0031,0000,16,2025-12-04,215000,1,167.73
17,송파구,송파동,온누리,132-4,11710-278,11710,,1,0132,0004,3,2025-02-04,60000,3,56.59|58.1|84.95
12,송파구,송파동,위례캐스빌,104-1,11710-221,11710,,1,0104,0001,6,2024-03-27,76500,2,82.01|83.9
29,송파구,송파동,트윈레이크팰리스빌,58-15,11710-8667,11710,,1,0058,0015,11,2026-02-07,37800,5,28.11|29.22|29.23|29.25|29.38
27,송파구,송파동,한영해시안아파트,167-1,11710-8841,11710,,1,0167,0001,9,2026-02-20,104000,3,58.83|62.63|63.81
44,송파구,송파동,현대레이크빌1,31-2,11710-33,11710,,1,0031,0002,13,2025-08-18,210000,7,26.34|27.09|39.38|40.45|168.74|199.22|199.23
43,송파구,송파동,홍익봄마을,173-12,11710-279,11710,,1,0173,0012,6,2022-11-21,90000,1,82.7
19,송파구,송파동,힐스빌,104,11710-36,11710,,1,0104,0000,11,2025-08-08,75500,6,45.82|52.62|70.55|72.88|83.04|122.5
84,송파구,신천동,잠실시그마타워,7-19,11710-168,11710,,1,0007,0019,20,2025-11-28,270000,6,155.48|182.11|201.86|207.25|208.56|208.72
84,송파구,신천동,잠실아이스페이스,11-10,11710-169,11710,,1,0011,0010,32,2026-04-04,137500,12,58.23|67.11|67.28|71.15|71.42|74.2|76.55|76.88|83.11|84.11|84.56|84.69
60,송파구,신천동,한빛웰리스,7-17,11710-174,11710,,1,0007,0017,11,2026-01-05,185000,4,146.74|148.6|154.57|203.13
18,송파구,오금동,광남캐스빌,113-2,11710-6423,11710,,1,0113,0002,8,2026-02-21,76000,3,83.77|84.44|84.58
18,송파구,오금동,그랑밸리(119-27),119-27,11710-7019,11710,,1,0119,0027,5,2026-03-08,63000,2,52.09|54.02
10,송파구,오금동,그랑밸리(64),64,11710-6002,11710,,1,0064,0000,4,2025-11-13,70000,2,54.42|76.43
12,송파구,오금동,금성리치몬드,85-4,11710-225,11710,,1,0085,0004,1,2020-05-25,30000,1,83.74
17,송파구,오금동,노블레스카운티,4-7,11710-240,11710,,1,0004,0007,4,2025-01-11,95000,1,93.9
10,송파구,오금동,노블하우스1,9-7,11710-264,11710,,1,0009,0007,2,2025-10-27,87500,2,116.61|117.73
19,송파구,오금동,다성이즈빌클래식,75,11710-198,11710,,1,0075,0000,6,2026-03-22,104000,2,167.4|170.61
32,송파구,오금동,다성파크뷰,26-3,11710-121,11710,,1,0026,0003,9,2026-01-13,92000,4,64.96|67.55|71.63|73.4
18,송파구,오금동,대영공원(102동),54-4,11710-437,11710,,1,0054,0004,3,2019-11-18,55000,2,84.87|84.99
21,송파구,오금동,더뷰21,130-3,11710-9257,11710,,1,0130,0003,7,2025-02-11,89500,2,54.943|59.955
54,송파구,오금동,르네상스빌,45,11710-265,11710,,1,0045,0000,9,2026-02-07,260000,4,170.37|179.66|204.11|258.28
12,송파구,오금동,리오파크빌,49-3,11710-222,11710,,1,0049,0003,1,2019-11-25,41000,1,76.54
19,송파구,오금동,매그놀리아(1차),81-2,11710-199,11710,,1,0081,0002,9,2024-09-04,79000,1,80.09
12,송파구,오금동,매그놀리아(2차),81-1,11710-266,11710,,1,0081,0001,4,2022-02-21,55000,2,74.94|75.28
19,송파구,오금동,명성화인캐슬,118-23,11710-226,11710,,1,0118,0023,9,2026-03-03,67000,3,72.38|84.89|84.97
12,송파구,오금동,미소,134-29,11710-197,11710,,1,0134,0029,1,2020-04-06,47000,1,83.78
87,송파구,오금동,반석블레스빌,55-8,11710-132,11710,,1,0055,0008,18,2025-06-08,95000,2,83.15|84.15
27,송파구,오금동,슈프림하우스,80-15,11710-9355,11710,,1,0080,0015,27,2022-03-24,49050,15,20.23|20.27|20.29|20.99|21.2|21.39|28.92|29.01|29.19|29.92|29.96|35.33|36.77|37.72|42.73
15,송파구,오금동,쌍용스윗닷홈(301동),31,11710-5678,11710,,1,0031,0000,3,2020-11-30,147000,1,156.81
15,송파구,오금동,쌍용스윗닷홈(401동),31-2,11710-5679,11710,,1,0031,0002,4,2024-05-20,150000,1,156.81
12,송파구,오금동,아키스,80-14,11710-224,11710,,1,0080,0014,3,2024-01-27,56800,2,61.82|67.04
60,송파구,오금동,에스아이팰리스송파올림픽공원,1-6,11710-9308,11710,,1,0001,0006,13,2025-11-12,59000,4,16.6|24.26|27.55|31.6
29,송파구,오금동,엘리시움아파트,26-2,11710-8474,11710,,1,0026,0002,11,2026-04-04,84000,4,60.22|62.98|64.7|66.19
44,송파구,오금동,영풍,133-16,11710-126,11710,,1,0133,0016,12,2024-04-30,79500,3,59.76|68.06|100.76
12,송파구,오금동,오금그랑밸리,71-8,11710-447,11710,,1,0071,0008,2,2023-02-21,40000,2,36.48|80.27
19,송파구,오금동,오금아르미안,69-9,11710-223,11710,,1,0069,0009,5,2020-06-12,41800,2,62.22|82.88
17,송파구,오금동,오륜파크빌,29-5,11710-235,11710,,1,0029,0005,8,2026-02-27,58400,3,47.83|70.46|81.57
121,송파구,오금동,올림픽파크센트레빌,615,11710-6424,11710,,1,0615,0000,39,2026-02-24,171000,6,84.1625|84.3755|84.5875|84.6819|84.7766|84.9071
18,송파구,오금동,우송그린,76,11710-128,11710,,1,0076,0000,7,2026-03-23,71000,2,84.69|84.96
20,송파구,오금동,진성,55-3,11710-446,11710,,1,0055,0003,7,2020-03-28,36000,1,64.32
19,송파구,오금동,한두리,114-29,11710-267,11710,,1,0114,0029,13,2026-02-14,66000,5,51.22|61.78|68.7|83.13|97.43
19,송파구,오금동,혜성공원(101동),54-1,11710-436,11710,,1,0054,0001,3,2026-03-14,78000,3,80.72|84.68|84.8
48,송파구,잠실동,NS파인트리,183-12,11710-9227,11710,,1,0183,0012,8,2025-08-12,31500,1,19.7
19,송파구,잠실동,신동아예지움,307-2,11710-157,11710,,1,0307,0002,6,2024-11-13,130000,2,132|132.12
56,송파구,잠실동,앙시레이크타워,305,11710-9188,11710,,1,0305,0000,8,2025-12-06,53800,3,18.5251|18.6538|32.7381
86,송파구,잠실동,잠실포스코더샵,336-5,11710-280,11710,,1,0336,0005,21,2026-03-07,150000,4,84.26|84.38|84.92|84.95
24,송파구,잠실동,파크인-수,250-5,11710-6509,11710,,1,0250,0005,9,2026-04-03,170000,1,143.798
29,송파구,잠실동,한영해시안아파트,239-6,11710-8320,11710,,1,0239,0006,12,2025-08-27,102500,3,43.38|54.14|63.65
43,송파구,풍납동,금강캐스빌,513,11710-6627,11710,,1,0513,0000,14,2026-04-13,82000,6,82.1|84.06|84.07|84.09|84.1|114.62
40,송파구,풍납동,미랜드퀸,254,11710-6200,11710,,1,0254,0000,8,2026-01-03,85000,3,84.33|84.44|84.89
22,송파구,풍납동,송파N-suite,254-2,11710-6099,11710,,1,0254,0002,3,2025-09-26,59850,3,67.84|75.41|75.89
135,송파구,풍납동,신동아파밀리에,220-2,11710-9,11710,,1,0220,0002,47,2026-02-28,105000,2,59.36|84.63
19,송파구,풍납동,신아,271-3,11710-11,11710,,1,0271,0003,2,2026-01-23,85500,1,130.05
49,송파구,풍납동,연지토성,400-5,11710-14,11710,,1,0400,0005,15,2025-05-21,83000,9,57.38|57.88|60.09|63.79|70.77|84.85|84.96|84.99|101.24
49,송파구,풍납동,올림픽레아아파트,515,11710-9656,11710,,1,0515,0000,5,2026-01-26,87700,3,29.2699|40.283|52.3564
20,송파구,풍납동,칼라,398-16,11710-418,11710,,1,0398,0016,5,2025-06-25,63000,4,66.24|89.6|91.57|92.46
49,송파구,풍납동,케이앤피상상,224-1,11710-6285,11710,,1,0224,0001,13,2024-03-15,91000,3,84.95|90.05|110.48
36,양천구,목동,CG아름채목동아파트,555-4,11470-5215,11470,,1,0555,0004,14,2025-09-25,58000,9,39.201|46.797|47.664|49.589|69.809|69.853|71.506|73.126|74.398
19,양천구,목동,ParkPalaceII,558-7,11470-4303,11470,,1,0558,0007,6,2023-12-07,54000,2,71.75|74.56
19,양천구,목동,강산빌라트,758-1,11470-1,11470,,1,0758,0001,5,2024-04-03,86000,3,121.27|131.66|131.88
18,양천구,목동,건진,761-13,11470-3,11470,,1,0761,0013,7,2026-04-08,96500,5,58.9|62.85|74.47|75.88|98.58
48,양천구,목동,근상프리즘,955,11470-272,11470,,1,0955,0000,15,2025-09-15,67500,3,65.4|92.34|93.21
16,양천구,목동,다온숲,777-20,11470-5353,11470,,1,0777,0020,1,2018-11-01,27100,1,32.82
16,양천구,목동,동도(729-5),729-5,11470-11,11470,,1,0729,0005,6,2024-02-20,44500,1,64.02
19,양천구,목동,동도빌라트,806-25,11470-12,11470,,1,0806,0025,4,2025-10-17,124000,2,131.52|143.52
12,양천구,목동,동원,643-7,11470-4052,11470,,1,0643,0007,5,2024-11-23,44500,2,62.61|64.53
16,양천구,목동,동해아파트,405-293,11470-52,11470,,1,0405,0293,5,2020-04-25,64500,1,83.58
19,양천구,목동,두란,714-1,11470-262,11470,10200,1,0714,0001,9,2026-04-14,53600,3,68.86|78.75|82.58
12,양천구,목동,두레,521-2,11470-54,11470,,1,0521,0002,4,2025-04-08,49000,3,58.12|65.87|76.58
31,양천구,목동,래디앙아파트,408-219,11470-254,11470,,1,0408,0219,5,2025-06-14,132000,3,84.09|84.17|139.4
17,양천구,목동,리버하이츠,131-45,11470-249,11470,,1,0131,0045,6,2021-11-04,70000,3,82.38|82.6|83.6
70,양천구,목동,명지해드는터,957,11470-3937,11470,,1,0957,0000,11,2026-04-16,98000,2,76.79|84.82
85,양천구,목동,목4현대,755-1,11470-13,11470,,1,0755,0001,24,2025-09-26,95500,2,59.91|84.99
16,양천구,목동,목동글로리파크,773-3,11470-267,11470,,1,0773,0003,2,2024-09-11,70000,1,84.95
91,양천구,목동,목동노블레스,945,11470-4164,11470,,1,0945,0000,21,2026-02-21,110000,4,64.4|65.86|69.02|81.26
12,양천구,목동,목동다솔,713-29,11470-261,11470,,1,0713,0029,3,2025-09-23,60000,2,84.6|92.52
34,양천구,목동,목동동화옥시죤-7,747-12,11470-339,11470,,1,0747,0012,5,2026-01-30,79500,2,76.38|84.82
54,양천구,목동,목동두산위브,953,11470-3936,11470,,1,0953,0000,24,2026-01-05,115000,1,112.209
14,양천구,목동,목동리버힐,520-11,11470-360,11470,,1,0520,0011,3,2020-11-16,59000,1,96.02
44,양천구,목동,목동미소래,958,11470-3954,11470,,1,0958,0000,11,2024-06-10,84000,2,77.24|84.95
18,양천구,목동,목동벨로스주상복합,614-8,11470-5551,11470,,1,0614,0008,12,2026-04-13,56000,2,66.88|71.47
48,양천구,목동,목동보미리즌빌,739-1,11470-4046,11470,,1,0739,0001,19,2026-02-21,76800,3,83.09|84.54|84.65
19,양천구,목동,목동성삼하이츠,406-38,11470-252,11470,,1,0406,0038,2,2024-06-07,160000,1,158.03
117,양천구,목동,목동에버하임,966,11470-5595,11470,,1,0966,0000,134,2026-03-26,46500,4,24.91|37.62|39.82|41.06
19,양천구,목동,목동진흥,539-6,11470-257,11470,,1,0539,0006,5,2026-02-13,59300,3,84.66|132.3|166.44
25,양천구,목동,목동태진드림피아,755-2,11470-343,11470,,1,0755,0002,6,2025-11-27,95000,3,83.38|84.39|84.57
13,양천구,목동,목동훼미리,315-4,11470-50,11470,,1,0315,0004,2,2021-04-19,39500,2,80.55|83.25
12,양천구,목동,목동휘버스I,729-12,11470-177,11470,,1,0729,0012,3,2024-07-15,70000,1,84.79
12,양천구,목동,목동휘버스II,729-18,11470-179,11470,,1,0729,0018,3,2022-01-03,71000,1,84.79
36,양천구,목동,목화,736-4,11470-25,11470,,1,0736,0004,10,2025-05-22,57000,3,59.27|59.83|83.83
12,양천구,목동,미래드림캐슬,713-30,11470-3935,11470,,1,0713,0030,3,2025-10-04,74800,1,108
19,양천구,목동,미성,745-12,11470-26,11470,,1,0745,0012,3,2025-09-27,55000,2,72.48|122.3
13,양천구,목동,보경,729-4,11470-263,11470,,1,0729,0004,1,2018-07-11,33400,1,82.4
14,양천구,목동,삼도,315-3,11470-49,11470,,1,0315,0003,5,2024-03-06,59500,2,60.63|79.71
15,양천구,목동,삼성(528-7),528-7,11470-55,11470,,1,0528,0007,7,2026-03-11,54000,6,50.5|57.34|65.87|69.53|71.8|76
19,양천구,목동,삼성(766-1),766-1,11470-32,11470,,1,0766,0001,3,2021-09-03,51200,2,75.34|76.29
16,양천구,목동,상록,806-18,11470-269,11470,,1,0806,0018,1,2024-07-22,69000,1,83.75
15,양천구,목동,상부파크팰리스,558-6,11470-4056,11470,,1,0558,0006,3,2020-06-27,48500,2,64.71|78.56
19,양천구,목동,상진지오밸리가동,743-19,11470-4003,11470,,1,0743,0019,7,2026-02-11,90000,2,84.78|105.73
14,양천구,목동,상진지오밸리나동,743-20,11470-4006,11470,,1,0743,0020,6,2023-03-30,55300,3,47.88|75.49|84.78
19,양천구,목동,상진지오벨리,713-5,11470-174,11470,,1,0713,0005,5,2024-10-25,61500,3,66.88|84.8|138.49
19,양천구,목동,상진지오벨리(548),548,11470-258,11470,,1,0548,0000,3,2023-11-10,55000,2,82.41|131.14
18,양천구,목동,성보,773-5,11470-4532,11470,,1,0773,0005,7,2026-04-07,82000,1,84.16
58,양천구,목동,수산팰리스,541,11470-342,11470,,1,0541,0000,8,2026-02-19,78000,4,71.63|79.79|84.81|84.98
69,양천구,목동,스카이빌아파트,772-11,11470-36,11470,,1,0772,0011,23,2026-02-10,110000,2,84.51|84.59
59,양천구,목동,신동아파밀리에,772-7,11470-60,11470,,1,0772,0007,18,2025-10-14,147000,2,84.9861|118.515
40,양천구,목동,신목,764-4,11470-37,11470,,1,0764,0004,11,2021-12-30,64500,1,74.64
19,양천구,목동,신화타워,502-1,11470-255,11470,,1,0502,0001,8,2023-08-01,68000,2,124.2|126.21
19,양천구,목동,애드웰(534),534,11470-256,11470,,1,0534,0000,6,2025-02-06,71000,3,84.55|84.97|145.6
26,양천구,목동,애드웰(774-10),774-10,11470-268,11470,,1,0774,0010,9,2025-10-10,76000,2,73.25|73.41
49,양천구,목동,에이스,769-19,11470-39,11470,,1,0769,0019,14,2025-08-16,60000,3,58.07|59.49|83.09
17,양천구,목동,엘리시아,524,11470-4405,11470,,1,0524,0000,15,2025-12-30,67000,5,61.54|62.14|65.28|65.36|66.67
24,양천구,목동,엘리온,803-2,11470-4611,11470,,1,0803,0002,9,2026-02-26,74900,4,62.9829|72.4629|72.6027|72.7736
19,양천구,목동,연지프로빌,405-300,11470-53,11470,,1,0405,0300,1,2025-09-06,93000,1,78.58
19,양천구,목동,왕자상가아파트,736-3,11470-264,11470,,1,0736,0003,3,2024-08-04,44000,3,78.26|88.42|90.72
19,양천구,목동,우당,808-9,11470-40,11470,,1,0808,0009,4,2026-02-06,149000,2,131.76|131.8
75,양천구,목동,웨스트빌,949,11470-270,11470,,1,0949,0000,26,2026-03-09,86000,6,59.268|68.647|72.123|78.146|80.214|81.785
48,양천구,목동,웨스트빌(102동),954,11470-207,11470,,1,0954,0000,10,2026-03-12,88500,3,77.349|81.216|81.262
38,양천구,목동,인우,771-31,11470-59,11470,,1,0771,0031,15,2026-04-21,71000,8,55.931|74.983|79.218|82.557|91.004|92.984|96.095|125.477
40,양천구,목동,일신파스텔,721-2,11470-43,11470,,1,0721,0002,8,2025-11-24,60500,2,59.28|84.24
41,양천구,목동,정은스카이빌(959),959,11470-3997,11470,,1,0959,0000,14,2026-01-07,74000,2,68.18|84.2
13,양천구,목동,지오트레벨,729-2,11470-178,11470,,1,0729,0002,4,2025-05-07,59800,2,65.99|84.59
19,양천구,목동,청포도아파트,745-1,11470-348,11470,,1,0745,0001,1,2020-09-30,37500,1,84.87
34,양천구,목동,청학,938,11470-62,11470,,1,0938,0000,18,2025-08-30,86000,9,22.2|22.84|31.93|34.15|35.55|40.71|42.5|45.67|57.18
8,양천구,목동,태청,624-5,11470-259,11470,,1,0624,0005,1,2025-12-28,44000,1,84.78
19,양천구,목동,한신빌라트1,900-17,11470-47,11470,,1,0900,0017,4,2024-12-20,158000,2,119.1|119.16
14,양천구,목동,한일,743-21,11470-265,11470,,1,0743,0021,5,2023-07-21,45000,1,73.05
19,양천구,목동,행복자,627-2,11470-260,11470,,1,0627,0002,8,2025-07-01,60000,7,63.37|64.57|69.11|71.23|72.4|79.07|83.97
19,양천구,목동,효원빌라트,135-6,11470-250,11470,,1,0135,0006,3,2025-09-24,142000,2,158.04|160.36
26,양천구,목동,힐타운,315-6,11470-251,11470,,1,0315,0006,10,2025-08-06,47500,2,65.41|74.05
24,양천구,신월동,NEWSK아파트,45-1,11470-276,11470,,1,0045,0001,8,2025-12-13,35800,4,34.72|62.76|64.86|70.14
19,양천구,신월동,강국,24-5,11470-3968,11470,,1,0024,0005,11,2025-07-03,51000,3,60.175|60.35|82.17
19,양천구,신월동,거산,21-4,11470-338,11470,,1,0021,0004,7,2023-11-23,44000,4,53.07|84.15|84.39|84.63
19,양천구,신월동,경희,446-5,11470-355,11470,,1,0446,0005,2,2022-05-19,27500,2,57.15|58.74
91,양천구,신월동,궁전,127-1,11470-63,11470,,1,0127,0001,20,2026-02-21,48000,3,59.76|76.35|84.72
30,양천구,신월동,그린아파트빌,438-4,11470-4010,11470,,1,0438,0004,11,2025-03-30,57000,2,79.46|110.73
32,양천구,신월동,근상아트프리즘,45-2,11470-103,11470,,1,0045,0002,11,2024-10-15,29000,4,69.78|71.07|71.18|71.49
39,양천구,신월동,길성,538-6,11470-66,11470,,1,0538,0006,10,2025-12-02,40500,5,53.86|59.12|62.37|69.21|78.86
18,양천구,신월동,남영시티빌,488-3,11470-296,11470,,1,0488,0003,5,2021-04-08,46300,1,103.96
18,양천구,신월동,누리애,410-10,11470-4437,11470,,1,0410,0010,11,2025-03-06,35000,1,57.72
52,양천구,신월동,당곡,547-9,11470-315,11470,,1,0547,0009,15,2025-08-30,46500,1,84.96
19,양천구,신월동,대신,481-9,11470-108,11470,,1,0481,0009,4,2026-01-19,43500,4,71.28|83.16|84.44|84.78
10,양천구,신월동,대영월드(B동),59-9,11470-188,11470,,1,0059,0009,2,2024-08-24,40000,2,68.33|84.52
18,양천구,신월동,대외,470-1,11470-292,11470,,1,0470,0001,3,2019-05-30,32500,2,88.74|93.22
18,양천구,신월동,대운,109-2,11470-282,11470,,1,0109,0002,4,2023-02-11,33000,3,48.31|66.51|76.95
17,양천구,신월동,대운2차,57-5,11470-279,11470,,1,0057,0005,1,2022-02-18,20000,1,53.2
10,양천구,신월동,대진아파트,411-3,11470-353,11470,,1,0411,0003,4,2023-02-01,34000,1,84.88
18,양천구,신월동,덕수펠리체(45),45-3,11470-4472,11470,,1,0045,0003,5,2025-02-07,38000,2,59.52|59.88
32,양천구,신월동,덕현해밀(101동),81-5,11470-4926,11470,10300,1,0081,0005,7,2026-04-10,56250,2,83.52|84.98
24,양천구,신월동,덕현해밀(102동),81-7,11470-4925,11470,,1,0081,0007,8,2021-03-08,49600,3,58.14|69.93|84.99
99,양천구,신월동,동도센트리움,1052,11470-4125,11470,,1,1052,0000,22,2026-02-26,70000,5,69.17|84.54|84.73|84.92|115.56
18,양천구,신월동,동도하이츠,218-12,11470-284,11470,,1,0218,0012,9,2025-05-07,41800,5,77.11|81.85|82.87|83.04|84.96
28,양천구,신월동,동서,1069,11470-4958,11470,,1,1069,0000,6,2026-03-28,42900,2,39.99|76.82
13,양천구,신월동,동양브로미(101동)A,492-1,11470-297,11470,,1,0492,0001,2,2025-01-13,41000,2,72.34|83.94
14,양천구,신월동,동양브로미(101동)B,492-25,11470-300,11470,,1,0492,0025,1,2018-12-20,23000,1,83.52
14,양천구,신월동,동양브로미(102동)A,492-24,11470-299,11470,,1,0492,0024,1,2026-01-21,49000,1,83.52
13,양천구,신월동,동양브로미(102동)B,492-23,11470-298,11470,,1,0492,0023,3,2024-07-22,46000,1,83.94
19,양천구,신월동,두원A동,485-2,11470-293,11470,,1,0485,0002,5,2022-04-23,48000,1,84.99
19,양천구,신월동,두원B동,485-3,11470-294,11470,,1,0485,0003,5,2026-03-25,40000,2,84.54|84.99
19,양천구,신월동,두원빌드피아(444-7),444-7,11470-291,11470,,1,0444,0007,4,2025-10-15,40000,3,76.2|84.6|84.69
19,양천구,신월동,두원빌드피아(510-3),510-3,11470-4042,11470,,1,0510,0003,4,2021-06-17,45000,1,84.74
10,양천구,신월동,디아이빌(331-107),331-107,11470-4066,11470,,1,0331,0107,3,2021-01-12,33800,1,75.99
19,양천구,신월동,디아이빌101동(331-101),331-101,11470-4064,11470,,1,0331,0101,4,2020-08-06,28000,1,75.99
40,양천구,신월동,디아이빌102동,1050,11470-4065,11470,,1,1050,0000,19,2024-08-20,45000,3,66.68|83.79|84.93
21,양천구,신월동,라온미브아파트,138-2,11470-5416,11470,,1,0138,0002,5,2025-12-02,25500,4,42.56|42.86|43.7|45.54
28,양천구,신월동,레미앙,1002-1,11470-327,11470,,1,1002,0001,4,2023-02-08,39900,1,84.9
19,양천구,신월동,로즈그린타운,535-7,11470-310,11470,,1,0535,0007,3,2021-10-08,46500,1,95.96
27,양천구,신월동,리슈리안,500-21,11470-5160,11470,,1,0500,0021,12,2026-02-11,51500,3,50.3|51.65|52.74
36,양천구,신월동,명산그린빌,547-1,11470-109,11470,,1,0547,0001,8,2021-09-18,52000,2,78.45|81.51
31,양천구,신월동,미리내아파트,54-10,11470-277,11470,,1,0054,0010,8,2023-11-27,31250,5,44.43|48.6|55.16|59.9|68.37
19,양천구,신월동,미진,510-7,11470-3967,11470,,1,0510,0007,4,2021-11-23,50300,2,83.61|84.3
74,양천구,신월동,방주아크빌,426-3,11470-114,11470,,1,0426,0003,30,2026-04-01,48000,4,54.262|64.363|71.95|76.57
24,양천구,신월동,보금자리,1001-5,11470-325,11470,,1,1001,0005,17,2025-04-16,49000,3,70.13|71.63|71.88
110,양천구,신월동,보람쉬움1,416-1,11470-194,11470,,1,0416,0001,43,2026-04-16,64300,3,58.15|69.91|83.37
18,양천구,신월동,보아스청와,422-7,11470-287,11470,,1,0422,0007,3,2024-10-28,39500,2,59.08|70.82
27,양천구,신월동,빛여울,151-6,11470-3940,11470,,1,0151,0006,12,2025-06-14,40000,3,74.79|74.81|74.86
19,양천구,신월동,삼구,604-4,11470-356,11470,,1,0604,0004,6,2023-03-16,49500,2,83.85|107.64
18,양천구,신월동,삼도(101),558-3,11470-318,11470,,1,0558,0003,4,2024-04-09,46800,2,78.98|82.88
18,양천구,신월동,삼도(102),558-4,11470-319,11470,,1,0558,0004,4,2023-07-01,49000,2,67.95|72.01
18,양천구,신월동,삼동,109-1,11470-281,11470,,1,0109,0001,5,2026-03-24,45000,2,84.15|84.95
19,양천구,신월동,삼동5,559-5,11470-77,11470,,1,0559,0005,6,2020-07-01,37000,1,76.11
19,양천구,신월동,삼백,440-10,11470-290,11470,,1,0440,0010,11,2026-03-25,36500,3,49.88|66.53|73.65
19,양천구,신월동,삼성,558-7,11470-110,11470,,1,0558,0007,2,2023-04-10,58000,1,84.78
62,양천구,신월동,삼익2차플라주,1046,11470-4028,11470,,1,1046,0000,4,2021-08-20,65500,2,79.02|82.79
48,양천구,신월동,삼익4차플라주,1056,11470-4234,11470,,1,1056,0000,15,2026-01-05,63500,1,83.935
22,양천구,신월동,삼익플라주(81-10),81-10,11470-3999,11470,,1,0081,0010,3,2025-10-14,34000,1,83.95
42,양천구,신월동,삼익플라주행복한마을,1068,11470-4948,11470,,1,1068,0000,15,2025-09-26,59500,5,59.74|59.91|71.2|84.45|84.97
12,양천구,신월동,삼종레이빌101동,519-12,11470-307,11470,,1,0519,0012,5,2026-02-25,45000,2,73.83|77.25
18,양천구,신월동,삼종레이빌102동,519-25,11470-308,11470,,1,0519,0025,7,2025-04-23,43000,4,57.83|74.07|78.31|80.06
27,양천구,신월동,삼혜아트빌,1007-4,11470-328,11470,,1,1007,0004,8,2021-08-23,45700,2,84.42|84.87
13,양천구,신월동,상신,439-25,11470-289,11470,,1,0439,0025,5,2026-01-24,35000,3,56.62|62.66|74.1
49,양천구,신월동,상아아름,447-3,11470-3941,11470,,1,0447,0003,9,2026-03-10,53500,4,67.74|84.35|84.9|98.31
48,양천구,신월동,상진지오벨리,1059,11470-4388,11470,,1,1059,0000,17,2026-01-21,65000,2,84.98|105.43
39,양천구,신월동,새롬,458-1,11470-78,11470,,1,0458,0001,11,2025-05-05,42000,5,49.25|55.12|56.54|70|84.83
19,양천구,신월동,샤인팰리스,13-3,11470-274,11470,,1,0013,0003,7,2025-12-01,52700,3,84.55|84.68|84.93
12,양천구,신월동,성림,487-1,11470-295,11470,,1,0487,0001,3,2024-04-03,39000,2,82.98|84.87
12,양천구,신월동,성호그린,241-9,11470-352,11470,,1,0241,0009,3,2020-11-08,26800,1,81.41
130,양천구,신월동,세아쎄닛빌,547-5,11470-313,11470,,1,0547,0005,34,2025-09-30,56900,3,66.9|84.29|84.74
45,양천구,신월동,세제뉴타운,529-2,11470-81,11470,,1,0529,0002,11,2024-12-14,56000,3,57.32|74.86|106.37
18,양천구,신월동,세진,20-28,11470-4210,11470,,1,0020,0028,4,2025-11-18,59700,1,84.54
19,양천구,신월동,세진아파트,518-2,11470-306,11470,,1,0518,0002,2,2021-01-08,40000,1,89.35
48,양천구,신월동,수명산그린시아,1070,11470-5010,11470,,1,1070,0000,24,2026-04-08,74200,3,83.25|83.43|83.75
27,양천구,신월동,수명산타워빌,8-2,11470-273,11470,,1,0008,0002,8,2026-01-20,52500,6,42|62.28|64.17|75.05|78.18|79.81
49,양천구,신월동,수명산태승훼미리,18-17,11470-112,11470,,1,0018,0017,15,2024-09-05,63000,4,69.56|84.33|84.4|149.79
48,양천구,신월동,스위트드림아파트,1074,11470-5614,11470,,1,1074,0000,26,2026-03-16,43000,3,48.31|52.16|53.79
24,양천구,신월동,스카이캐슬아파트(512-8),512-8,11470-5618,11470,,1,0512,0008,17,2026-03-28,52500,1,52.82
19,양천구,신월동,신라이프,48-13,11470-350,11470,,1,0048,0013,5,2021-08-18,28500,1,58.32
29,양천구,신월동,신목동비바힐스,981-2,11470-5860,11470,,1,0981,0002,5,2025-07-30,49710,2,58.9|64.64
82,양천구,신월동,신성미소지움,1020,11470-202,11470,10300,1,1020,0000,26,2026-04-24,75000,2,59.74|84.57
75,양천구,신월동,신성미소지움3차아파트,1045,11470-4151,11470,,1,1045,0000,29,2026-03-25,64500,2,66.14|84.8
19,양천구,신월동,신월동로마파빌리온,538-1,11470-358,11470,,1,0538,0001,2,2021-09-14,48500,1,84.94
39,양천구,신월동,신월보성,465-5,11470-88,11470,,1,0465,0005,3,2023-04-06,39000,2,59.99|84.1
48,양천구,신월동,신월휘버스,1024,11470-329,11470,,1,1024,0000,5,2023-07-15,48700,4,68.83|72.09|81.48|83.88
38,양천구,신월동,아름다운세상,1038,11470-4043,11470,,1,1038,0000,13,2025-06-24,53000,2,55.05|74.73
21,양천구,신월동,양천홈타운1차,456-1,11470-5584,11470,,1,0456,0001,5,2025-12-24,35000,4,33.59|36.4|40.1|45.31
18,양천구,신월동,양천홈타운2차아파트,461-5,11470-5604,11470,,1,0461,0005,11,2026-03-25,43100,8,29.65|33.95|38.48|39.46|40.32|42.78|43.48|45.66
29,양천구,신월동,양천홈타운3차,470-26,11470-5654,11470,,1,0470,0026,4,2024-09-30,44900,4,41.22|44.92|46.73|46.96
18,양천구,신월동,에이원,413-3,11470-354,11470,,1,0413,0003,5,2026-01-29,26800,4,51.15|62.19|69.68|70.26
18,양천구,신월동,엘림,485-11,11470-4136,11470,,1,0485,0011,2,2022-02-05,13800,2,43.75|52.59
18,양천구,신월동,엘림(986-13),986-13,11470-4145,11470,,1,0986,0013,3,2024-07-15,39000,2,71.55|84.15
19,양천구,신월동,연흥,538-4,11470-311,11470,,1,0538,0004,9,2025-10-14,46000,7,36.54|55.32|55.92|62.8|68.92|69.6|76.84
11,양천구,신월동,영남타운,547-7,11470-314,11470,,1,0547,0007,6,2026-04-13,20500,2,42.39|49.95
12,양천구,신월동,예건미예뜰1동,494-4,11470-302,11470,,1,0494,0004,4,2026-04-13,45000,2,70.84|71.72
6,양천구,신월동,예지보금자리,1001-6,11470-326,11470,,1,1001,0006,4,2021-12-11,42000,2,71.87|72.69
17,양천구,신월동,예지보금자리74차,480-4,11470-4981,11470,,1,0480,0004,10,2026-01-06,31100,4,44.8|55.14|55.69|58.9
19,양천구,신월동,오진참사랑,506-3,11470-191,11470,,1,0506,0003,6,2023-10-31,53500,3,84.15|84.94|92.72
17,양천구,신월동,오투힐,541-1,11470-312,11470,,1,0541,0001,14,2026-03-30,42000,4,56.71|61.02|63.6|64.02
19,양천구,신월동,온누리,29-2,11470-4004,11470,,1,0029,0002,5,2025-06-12,48000,1,79.68
24,양천구,신월동,온누리베일리,207-43,11470-5354,11470,,1,0207,0043,7,2025-09-07,45000,4,53.74|56.04|68.72|72.52
19,양천구,신월동,올림푸스(150-1),150-1,11470-4009,11470,,1,0150,0001,6,2026-04-11,45000,2,68.19|84.32
19,양천구,신월동,용민홈타워빌,986-8,11470-324,11470,,1,0986,0008,5,2021-09-25,44700,4,81.92|83.96|84.64|84.88
19,양천구,신월동,우영아파트,136-8,11470-4299,11470,,1,0136,0008,7,2025-09-11,45000,4,83.8|84.06|84.93|100.26
110,양천구,신월동,우정,350-3,11470-92,11470,,1,0350,0003,22,2025-05-06,40000,3,57.11|62.24|74.57
18,양천구,신월동,우진,91-10,11470-280,11470,,1,0091,0010,4,2025-06-28,29800,3,55.41|58.56|59.97
12,양천구,신월동,우진(72-5),72-5,11470-344,11470,,1,0072,0005,1,2021-09-06,11900,1,41.37
19,양천구,신월동,우창,530-7,11470-309,11470,,1,0530,0007,6,2023-06-16,41800,2,82.61|84.68
64,양천구,신월동,원능한빛,1016,11470-199,11470,,1,1016,0000,8,2024-09-12,54000,3,78.09|83.99|84.1
19,양천구,신월동,유림,604-6,11470-357,11470,,1,0604,0006,2,2020-11-26,33400,1,79.08
36,양천구,신월동,유림웰스빌,548-1,11470-316,11470,,1,0548,0001,11,2021-10-03,51750,2,75.82|80.02
43,양천구,신월동,은성,110-1,11470-105,11470,,1,0110,0001,9,2024-10-31,42000,2,75.49|84.81
53,양천구,신월동,은성마을승윤노블리안,1065,11470-4936,11470,,1,1065,0000,10,2026-02-14,66500,2,80.0664|84.5714
45,양천구,신월동,은일로즈힐,1003-4,11470-198,11470,,1,1003,0004,10,2025-11-26,55000,5,71.368|76.059|84.658|84.8|84.892
20,양천구,신월동,은하아파트,140-23,11470-283,11470,,1,0140,0023,9,2025-03-20,36000,5,72.47|74.86|76.33|79.79|81.22
19,양천구,신월동,이형원앙,516-7,11470-305,11470,,1,0516,0007,6,2026-02-27,43900,2,80.55|84.45
15,양천구,신월동,정원,113-14,11470-351,11470,,1,0113,0014,9,2023-06-19,36000,1,72.36
61,양천구,신월동,정은스카이빌(1044),1044,11470-4002,11470,,1,1044,0000,27,2025-07-30,63500,5,51.67|67.42|70.23|79.96|84.84
60,양천구,신월동,정은스카이빌2차,1051,11470-4071,11470,,1,1051,0000,11,2025-11-07,61000,3,80.618|84.805|84.979
73,양천구,신월동,제일캐슬,494-8,11470-113,11470,,1,0494,0008,18,2025-07-16,59900,2,59.99|71.91
19,양천구,신월동,조광,558-1,11470-317,11470,,1,0558,0001,2,2026-04-08,58300,2,104.1|121.75
12,양천구,신월동,주남헤븐107동,203-20,11470-4124,11470,,1,0203,0020,1,2025-03-01,32200,1,62.48
12,양천구,신월동,주함헤븐101동,203-17,11470-4023,11470,,1,0203,0017,3,2025-06-23,40700,1,73.84
12,양천구,신월동,주함헤븐102동,203-16,11470-4022,11470,,1,0203,0016,1,2020-05-29,28200,1,74.55
12,양천구,신월동,주함헤븐103동,203-14,11470-4021,11470,,1,0203,0014,5,2026-01-12,41500,1,73.88
12,양천구,신월동,주함헤븐105동,203-18,11470-4123,11470,,1,0203,0018,3,2024-08-22,35000,1,62.48
12,양천구,신월동,주함헤븐106동,203-19,11470-4115,11470,,1,0203,0019,4,2024-10-23,35000,1,62.48
18,양천구,신월동,중흥,452-14,11470-94,11470,,1,0452,0014,6,2024-03-29,34000,5,54.72|60.84|80.24|84.66|92.46
18,양천구,신월동,청남,56-6,11470-278,11470,,1,0056,0006,7,2025-12-18,50000,5,50.54|54.47|59.19|76.03|76.52
49,양천구,신월동,청성넥스빌,1035,11470-337,11470,,1,1035,0000,8,2024-07-12,59500,3,78.01|84.26|84.28
43,양천구,신월동,청솔,446-2,11470-95,11470,,1,0446,0002,11,2024-05-15,48500,3,59.31|78.63|83.37
11,양천구,신월동,청송,1007-11,11470-111,11470,,1,1007,0011,2,2018-11-05,22700,2,63.02|69.96
44,양천구,신월동,청송그린힐,981-4,11470-323,11470,,1,0981,0004,15,2026-04-03,43200,1,69.26
19,양천구,신월동,청정,602-3,11470-322,11470,,1,0602,0003,5,2025-10-01,60000,2,73.94|131.67
92,양천구,신월동,코아루2단지,1058,11470-4414,11470,,1,1058,0000,30,2026-02-28,70000,3,62.39|71.86|84.95
16,양천구,신월동,타워빌,433-1,11470-288,11470,,1,0433,0001,7,2025-09-05,42800,2,69.16|84.7
45,양천구,신월동,탑건위너빌,418-4,11470-286,11470,,1,0418,0004,10,2025-05-01,41000,2,74.75|77.45
36,양천구,신월동,탑건위너스빌,145-9,11470-106,11470,,1,0145,0009,7,2025-03-17,47000,1,84.98
78,양천구,신월동,탑건진선미,1025,11470-330,11470,,1,1025,0000,12,2026-03-09,54000,4,81.75|83.15|83.41|83.94
18,양천구,신월동,태산,520-8,11470-5095,11470,,1,0520,0008,3,2024-09-05,37000,2,51.64|57.2
97,양천구,신월동,태진,467-3,11470-97,11470,,1,0467,0003,26,2026-01-22,64000,7,56.29|59.79|59.95|72.42|84.87|98.42|114.87
69,양천구,신월동,태헌(신월프라자),128,11470-98,11470,10300,1,0128,0000,39,2026-04-24,31300,1,56.97
12,양천구,신월동,한우리(101동),467-12,11470-3943,11470,,1,0467,0012,4,2024-02-21,45000,1,84.39
12,양천구,신월동,한우리아파트,467-2,11470-3942,11470,,1,0467,0002,7,2026-02-07,42000,2,53.91|84.39
76,양천구,신월동,해주,217-8,11470-100,11470,,1,0217,0008,20,2026-02-10,48000,3,59.59|79.3|79.86
18,양천구,신월동,행복한세상,29-7,11470-275,11470,,1,0029,0007,5,2025-01-24,47500,2,83.42|83.57
10,양천구,신월동,호성파크1,9-33,11470-102,11470,,1,0009,0033,4,2023-10-04,18000,3,33.21|41.79|50.37
12,양천구,신월동,홍익아파트,494-1,11470-301,11470,,1,0494,0001,2,2025-09-18,58500,1,91.22
12,양천구,신월동,홍익아파트,494-6,11470-303,11470,,1,0494,0006,3,2021-06-09,54600,2,86.49|90.81
19,양천구,신월동,환희,123-5,11470-197,11470,,1,0123,0005,2,2018-11-06,16500,1,55.72
14,양천구,신월동,훼미리,440-9,11470-107,11470,,1,0440,0009,1,2020-05-18,29300,1,71.04
12,양천구,신월동,훼미리주상복합,166-27,11470-196,11470,,1,0166,0027,6,2024-05-17,46500,1,100.3
17,양천구,신월동,흥양훼미리,87-21,11470-104,11470,,1,0087,0021,9,2025-09-17,47500,4,64.2|64.8|69.86|83.97
16,양천구,신월동,흥인아이젠,545-2,11470-4614,11470,,1,0545,0002,5,2025-10-15,50500,2,79.34|79.6
41,양천구,신정동,SM엘루이아파트,1014-5,11470-4256,11470,,1,1014,0005,13,2024-06-10,100000,4,59.75|84.96|84.97|84.98
35,양천구,신정동,건영,890-13,11470-115,11470,,1,0890,0013,9,2025-09-26,61000,2,59.65|59.67
49,양천구,신정동,길훈로즈빌,1297,11470-156,11470,,1,1297,0000,17,2025-11-28,142000,1,84.95
16,양천구,신정동,까치마을,739-17,11470-211,11470,,1,0739,0017,2,2022-06-09,40000,1,84.84
12,양천구,신정동,남광,919-1,11470-4187,11470,,1,0919,0001,4,2020-06-20,33000,1,65.34
19,양천구,신정동,뉴목동,1052-29,11470-236,11470,,1,1052,0029,7,2025-06-22,73000,2,84.31|142.16
18,양천구,신정동,뉴타운,952-1,11470-116,11470,,1,0952,0001,3,2025-10-16,48500,2,62.73|81.12
12,양천구,신정동,동국화이트빌A동,879-18,11470-347,11470,,1,0879,0018,5,2025-06-10,58000,1,84.65
12,양천구,신정동,동국화이트빌B동,879-5,11470-346,11470,,1,0879,0005,2,2024-03-05,56000,1,84.65
35,양천구,신정동,동림,1019-4,11470-234,11470,,1,1019,0004,6,2025-06-09,76000,2,74.01|74.3
91,양천구,신정동,동문굿모닝탑,324-10,11470-183,11470,,1,0324,0010,22,2026-01-06,174000,4,146.12|153.39|154.46|183.13
18,양천구,신정동,동양부로미(926-4),926-4,11470-4342,11470,,1,0926,0004,4,2024-04-16,42800,2,66.75|67.22
84,양천구,신정동,동원데쟈뷰,938-7,11470-169,11470,,1,0938,0007,19,2026-03-21,68000,6,58.89|84.43|87.56|92.85|100.83|102.39
74,양천구,신정동,동원로데오,1308,11470-3993,11470,,1,1308,0000,21,2026-04-15,95000,5,64.66|69.78|81.02|82.8|84.2
19,양천구,신정동,럭키,958-10,11470-4194,11470,,1,0958,0010,1,2019-10-26,46000,1,84.98
35,양천구,신정동,로데오휘버스빌,893-9,11470-180,11470,,1,0893,0009,13,2026-04-08,79000,1,84.99
43,양천구,신정동,로마아트빌,1148-7,11470-186,11470,,1,1148,0007,11,2026-03-23,70000,5,61.808|63.223|79.098|83.601|84.959
19,양천구,신정동,리치펠리스,881-14,11470-213,11470,,1,0881,0014,4,2021-06-28,57500,3,70.85|94.86|101.32
63,양천구,신정동,마이홈,1194-5,11470-118,11470,,1,1194,0005,12,2025-09-17,78800,3,58.92|84.87|114.99
104,양천구,신정동,목동경동미르웰,972-2,11470-5380,11470,,1,0972,0002,37,2026-03-27,16500,1,14.02
12,양천구,신정동,목동그린빌라트,118-19,11470-208,11470,,1,0118,0019,5,2022-11-15,88000,1,119.92
41,양천구,신정동,목동동보,993-1,11470-232,11470,,1,0993,0001,3,2026-01-26,134500,3,97.08|99.54|110.14
19,양천구,신정동,목동무지개,881-8,11470-158,11470,,1,0881,0008,5,2022-03-16,50000,2,59.24|80.13
18,양천구,신정동,목동신세계아파트,119-175,11470-5311,11470,,1,0119,0175,3,2025-10-16,90000,2,67.2|70.2
19,양천구,신정동,목동캐슬아파트,296-28,11470-134,11470,,1,0296,0028,9,2025-12-12,85000,6,79.56|85.32|91.08|102.6|110.52|145.89
12,양천구,신정동,목동해오름101동,1013-15,11470-3926,11470,,1,1013,0015,2,2022-07-07,64600,1,84.63
12,양천구,신정동,목동해오름102동,1013-14,11470-3956,11470,,1,1013,0014,3,2020-05-26,49000,1,84.63
12,양천구,신정동,목동해오름103동,1013-1,11470-3949,11470,,1,1013,0001,4,2021-06-28,61000,1,84.63
38,양천구,신정동,목동휘버스,995-3,11470-3957,11470,,1,0995,0003,10,2024-10-07,77000,3,75.9|83.25|83.63
19,양천구,신정동,미광,881-16,11470-129,11470,,1,0881,0016,4,2020-09-29,52000,2,75.6|107.2
47,양천구,신정동,밀레스트,891-1,11470-159,11470,,1,0891,0001,7,2023-06-28,66000,3,65.3882|70.711|75.5647
18,양천구,신정동,보성제이드,906-4,11470-219,11470,,1,0906,0004,4,2024-08-23,54500,3,31.21|73.38|75
48,양천구,신정동,보성주상복합,992-1,11470-130,11470,,1,0992,0001,10,2024-08-15,84000,2,59.73|84.93
68,양천구,신정동,블레스빌,340,11470-131,11470,,1,0340,0000,13,2026-01-08,133000,5,68.51|77.65|79.43|83.08|84.8
15,양천구,신정동,삼백훼미리,918-1,11470-161,11470,,1,0918,0001,6,2026-01-10,47700,3,61.89|66.51|78.84
47,양천구,신정동,삼천리,997-6,11470-133,11470,,1,0997,0006,4,2025-11-19,70500,2,59.03|84.75
19,양천구,신정동,상진,879-6,11470-212,11470,,1,0879,0006,3,2024-11-18,64000,3,95.38|99|165.24
21,양천구,신정동,성재세인트,976-3,11470-4889,11470,,1,0976,0003,6,2023-05-12,40900,3,30.47|30.8|32.63
220,양천구,신정동,수정,733-31,11470-135,11470,,1,0733,0031,63,2026-03-06,68200,4,47.16|48.6|48.87|51.3
17,양천구,신정동,신세계하이츠,979-34,11470-205,11470,,1,0979,0034,5,2023-07-14,63000,3,69.79|75.53|78.33
16,양천구,신정동,신이모닝빌,982-1,11470-229,11470,,1,0982,0001,3,2025-12-29,56000,2,69.87|79.98
74,양천구,신정동,신일해피트리,1219-1,11470-185,11470,,1,1219,0001,14,2026-04-10,75000,3,69.66|84.98|127.51
19,양천구,신정동,신정그랑프리,1147-5,11470-237,11470,,1,1147,0005,2,2020-09-27,37000,2,73.35|84.9
47,양천구,신정동,신정동로마,962-18,11470-340,11470,,1,0962,0018,8,2026-04-17,78500,5,57.48|59.96|84.49|84.58|84.98
55,양천구,신정동,신호,948-24,11470-141,11470,,1,0948,0024,19,2025-09-20,83500,3,50.94|59.94|84.9
32,양천구,신정동,심미,916-15,11470-165,11470,,1,0916,0015,5,2025-10-13,57700,2,66.82|81.88
46,양천구,신정동,심미에셈빌,883,11470-143,11470,,1,0883,0000,8,2024-12-02,55000,7,37.9|61.35|82.33|84.34|87.01|94.03|115.87
18,양천구,신정동,영림,929-26,11470-226,11470,,1,0929,0026,5,2022-05-14,59700,4,65.27|78.49|91.54|95.59
19,양천구,신정동,예지보금자리(101동),927-9,11470-224,11470,,1,0927,0009,2,2019-12-07,37000,2,84.53|89
14,양천구,신정동,예지보금자리(102동),927-4,11470-223,11470,,1,0927,0004,5,2025-12-21,69000,3,83.61|84.93|84.94
12,양천구,신정동,예지아파트,911-11,11470-221,11470,,1,0911,0011,2,2019-11-22,38500,1,90.78
14,양천구,신정동,예지팰리스50차,895-3,11470-4324,11470,,1,0895,0003,9,2026-02-21,75300,2,81.05|81.88
39,양천구,신정동,은행,980-5,11470-145,11470,,1,0980,0005,9,2025-02-20,50000,3,57.45|59.57|73.07
36,양천구,신정동,이스타팰리스,1007-11,11470-233,11470,,1,1007,0011,10,2025-12-10,127500,2,114.41|114.42
42,양천구,신정동,이연에버리치,888-8,11470-4063,11470,,1,0888,0008,9,2025-09-19,94000,5,51.57|66.46|82.23|84.79|84.93
14,양천구,신정동,이지라이프,929-25,11470-225,11470,,1,0929,0025,3,2025-07-31,56800,2,84.68|84.97
49,양천구,신정동,일진아이윌,1218-1,11470-243,11470,,1,1218,0001,7,2021-12-18,65000,2,69.657|84.982
18,양천구,신정동,자성,1210-1,11470-242,11470,,1,1210,0001,11,2025-10-15,110000,7,37.48|50.64|55.16|56.1|76.48|81.24|83.86
19,양천구,신정동,장미,917-10,11470-341,11470,,1,0917,0010,9,2026-03-28,43650,2,70.91|74.03
12,양천구,신정동,재훈,884-6,11470-214,11470,,1,0884,0006,1,2018-12-26,34000,1,81.1
72,양천구,신정동,정은SKY빌,1194-3,11470-167,11470,,1,1194,0003,9,2025-08-11,65000,2,68.098|84.972
80,양천구,신정동,정은스카이빌2차,1304,11470-245,11470,,1,1304,0000,16,2026-03-03,75000,2,59.98|84.98
56,양천구,신정동,정은스카이빌3차,1192-1,11470-238,11470,10100,1,1192,0001,8,2026-04-22,83000,1,84.88
28,양천구,신정동,제이월드,1020-3,11470-146,11470,,1,1020,0003,4,2020-11-13,50000,3,48.9912|66.3706|75.0676
29,양천구,신정동,제이클래스목동주상복합,922-1,11470-5808,11470,,1,0922,0001,22,2023-04-21,48800,4,37.22|47.12|47.13|49.86
18,양천구,신정동,제일에비앙101동,990-16,11470-231,11470,,1,0990,0016,7,2026-02-10,84500,2,82.32|82.64
18,양천구,신정동,제일에비앙102동,990-15,11470-230,11470,,1,0990,0015,3,2022-04-13,77500,2,96.21|98.24
25,양천구,신정동,주건드림빌,1302,11470-244,11470,,1,1302,0000,10,2026-02-23,74000,1,79.19
14,양천구,신정동,주안펌니스아파트,952-3,11470-227,11470,,1,0952,0003,2,2024-11-11,60500,1,89.44
15,양천구,신정동,지오프레저101동,958-16,11470-4129,11470,,1,0958,0016,1,2024-07-03,68000,1,95.41
14,양천구,신정동,지오프레저102동,958-12,11470-4180,11470,,1,0958,0012,2,2020-03-12,40500,1,74.34
18,양천구,신정동,진명,282-16,11470-209,11470,,1,0282,0016,4,2022-06-17,66850,3,44.16|52.32|72.92
18,양천구,신정동,청우,881-6,11470-4409,11470,,1,0881,0006,8,2026-04-22,57500,2,69.66|73.63
17,양천구,신정동,청원,911-8,11470-164,11470,,1,0911,0008,3,2024-05-23,45000,2,66.24|73.44
14,양천구,신정동,청자,915-12,11470-222,11470,,1,0915,0012,1,2022-04-02,62000,1,84.98
19,양천구,신정동,춘당아네시스,889-15,11470-215,11470,,1,0889,0015,5,2025-05-28,74800,4,99.81|101.34|101.37|102.51
12,양천구,신정동,태경아파트,955-13,11470-163,11470,,1,0955,0013,3,2023-11-18,48500,2,48.69|82.74
18,양천구,신정동,태화상가빌라트,1021-7,11470-235,11470,,1,1021,0007,3,2025-06-24,80000,2,95.22|129.6
89,양천구,신정동,파인빌,339,11470-149,11470,10100,1,0339,0000,23,2026-04-15,93000,6,51.9202|59.6405|59.728|59.8301|63.4288|73.138
89,양천구,신정동,팰리스필,872-6,11470-168,11470,,1,0872,0006,18,2025-07-02,67900,1,80.11
14,양천구,신정동,푸른힐,949-1,11470-152,11470,,1,0949,0001,4,2025-10-13,55000,2,61.64|75.2
18,양천구,신정동,프리우스,86-6,11470-4027,11470,,1,0086,0006,5,2021-03-13,86500,2,77.84|78.08
19,양천구,신정동,해풍,905-2,11470-218,11470,,1,0905,0002,2,2019-03-07,48000,1,136.43
11,양천구,신정동,헤브론,893-6,11470-216,11470,,1,0893,0006,1,2020-10-04,28000,1,79.49
18,양천구,신정동,흥영,911-4,11470-155,11470,,1,0911,0004,5,2026-04-18,58000,3,73.11|82.53|84.33
84,양천구,신정동,힐탑이루미,1305,11470-246,11470,,1,1305,0000,12,2025-10-15,64300,3,80.64|81.08|84.83
55,영등포구,당산동,THESILK,121-132,11560-1582,11560,,1,0121,0132,13,2025-07-15,19000,3,20.51|22.52|27.36
19,영등포구,당산동,강변한솔그라치아,121-41,11560-140,11560,11700,1,0121,0041,10,2026-04-03,93000,5,79.57|94.26|94.48|94.66|94.69
17,영등포구,당산동,계명,121-19,11560-154,11560,,1,0121,0019,2,2020-12-05,50000,1,58.34
18,영등포구,당산동,대우,121-215,11560-144,11560,,1,0121,0215,5,2025-03-17,55000,4,49.01|65.63|81.58|82.13
69,영등포구,당산동,드림리버빌,378,11560-51,11560,,1,0378,0000,18,2026-03-28,119500,3,74.14|84.77|117.41
64,영등포구,당산동,드림시드,171-19,11560-1246,11560,,1,0171,0019,29,2024-12-11,73800,10,51.32|62.62|64.02|66.73|69.79|70.55|82.17|84.22|84.26|84.89
149,영등포구,당산동,리버뷰,121-130,11560-1732,11560,,1,0121,0130,46,2026-02-09,18000,7,15.05|15.54|18.32|18.36|18.78|18.92|19.42
22,영등포구,당산동,성재I캐슬2차,121-134,11560-1337,11560,,1,0121,0134,6,2025-10-15,70000,1,80.43
22,영등포구,당산동,성재아이캐슬,121-136,11560-1214,11560,,1,0121,0136,6,2026-03-09,67500,1,84.26
19,영등포구,당산동,칸리버팰리스,121-140,11560-141,11560,,1,0121,0140,3,2023-10-23,55000,3,84.39|84.78|84.99
138,영등포구,당산동,훼미리하우스138,121-108,11560-1580,11560,,1,0121,0108,75,2026-04-21,16000,3,13.34|13.64|14.28
72,영등포구,당산동,휴브리지빌딩,121-200,11560-1564,11560,,1,0121,0200,20,2025-12-20,16100,4,14.09|17.11|17.97|18.37
54,영등포구,당산동4가,삼익플라주,97,11560-1608,11560,,1,0097,0000,17,2026-04-08,120100,3,71.14|84.16|84.48
360,영등포구,당산동4가,유원제일,91,11560-36,11560,,1,0091,0000,33,2024-08-10,129000,4,51.48|64.08|73.98|84.78
116,영등포구,당산동4가,현대2,92,11560-39,11560,,1,0092,0000,43,2026-04-15,134500,8,59|62.6|80.07|81.2|82.16|84.26|84.88|84.94
67,영등포구,당산동5가,반도유보라,41,11560-48,11560,,1,0041,0000,14,2026-03-24,105000,3,74.76|78.84|84.58
103,영등포구,당산동6가,유탑유블레스,336-4,11560-1573,11560,,1,0336,0004,35,2026-04-14,17900,2,13.3867|13.7067
148,영등포구,대림동,(1101-1),1101-1,11560-1546,11560,,1,1101,0001,82,2026-03-25,15000,4,13.64|13.9|14.46|14.81
19,영등포구,대림동,늘푸른,974-1,11560-1385,11560,,1,0974,0001,4,2024-09-07,56000,2,78.58|79.75
18,영등포구,대림동,다청림1동,687-3,11560-1365,11560,,1,0687,0003,3,2025-06-04,55000,2,83.66|83.77
18,영등포구,대림동,다청림2동,687,11560-1364,11560,,1,0687,0000,2,2023-04-24,54500,1,78.15
110,영등포구,대림동,무림,993-8,11560-121,11560,,1,0993,0008,20,2026-02-04,78500,4,56.2|56.23|69.95|69.98
29,영등포구,대림동,삼화에코빌1차,739-4,11560-2266,11560,,1,0739,0004,29,2022-12-05,65750,9,49.74|51.77|52.27|52.7|53.47|53.72|54.26|54.29|55.64
80,영등포구,대림동,성락,687-1,11560-123,11560,,1,0687,0001,25,2025-08-30,49500,8,31.87|38.24|53.87|58.15|69.46|70.38|72.32|73.63
37,영등포구,대림동,온누리,1120,11560-1336,11560,,1,1120,0000,11,2024-07-09,63500,5,81.91|83.16|84.37|84.65|84.94
18,영등포구,대림동,종인아네스트,778-43,11560-1483,11560,,1,0778,0043,11,2023-05-30,53000,2,72.54|75.8
29,영등포구,도림동,그린나래,251-2,11560-2203,11560,,1,0251,0002,29,2021-09-07,43650,7,36.11|39.95|41.83|42.82|45.3|46|47.85
13,영등포구,도림동,정호샤인빌,231-8,11560-155,11560,,1,0231,0008,1,2025-01-04,87500,1,83.96
54,영등포구,문래동3가,문래동원데자뷰,95,11560-156,11560,,1,0095,0000,14,2026-01-07,115000,3,84.84|84.96|84.97
49,영등포구,문래동3가,예지팰리스77차,99,11560-1762,11560,,1,0099,0000,31,2026-01-24,78000,6,52.96|55.8|57.38|62.65|73.61|77.76
68,영등포구,문래동3가,태영데시앙,96,11560-1215,11560,,1,0096,0000,11,2026-02-03,123000,1,84.93
160,영등포구,문래동5가,진주맨션,22,11560-66,11560,,1,0022,0000,11,2022-05-28,106000,2,83.72|117.54
48,영등포구,문래동6가,미주프라자,56-1,11560-71,11560,,1,0056,0001,17,2026-01-13,58500,1,59.94
16,영등포구,신길동,EL샤틀레,480,11560-149,11560,,1,0480,0000,1,2025-05-10,75000,1,84.94
518,영등포구,신길동,남서울,3002,11560-103,11560,,1,3002,0000,92,2025-07-12,107000,10,41.62|41.69|42.97|42.98|43.01|48.26|48.3|49.59|58.58|66.12
18,영등포구,신길동,다울101동,456-19,11560-1278,11560,,1,0456,0019,1,2025-02-01,82500,1,84.94
15,영등포구,신길동,다울103동,456-14,11560-1277,11560,,1,0456,0014,1,2025-03-22,79000,1,81.87
18,영등포구,신길동,다울아파트102동,456-93,11560-1256,11560,,1,0456,0093,7,2025-03-15,83000,5,78.33|82.28|83.4|96.34|101.92
30,영등포구,신길동,대방,4312,11560-163,11560,,1,4312,0000,15,2025-10-18,24700,2,37.96|37.97
164,영등포구,신길동,대방전철,1343,11560-117,11560,,1,1343,0000,33,2026-03-26,125000,6,44.35|46.12|71.73|75.88|75.9|75.91
42,영등포구,신길동,동훈노보빌,499,11560-1340,11560,,1,0499,0000,10,2026-03-05,90000,5,54.18|72.36|84.81|84.82|105.54
77,영등포구,신길동,루나플라체,69-20,11560-2082,11560,,1,0069,0020,67,2026-01-09,16000,7,10.78|13.24|13.42|13.8|14.54|15.03|15.93
55,영등포구,신길동,메트하임,2363,11560-1968,11560,,1,2363,0000,12,2026-03-28,78800,3,49.026|53.591|61.471
37,영등포구,신길동,보라매길성그랑프리텔,496,11560-1230,11560,,1,0496,0000,6,2026-04-10,87600,2,75.4|84.99
42,영등포구,신길동,보라매정은벚꽃마을,4944,11560-1696,11560,,1,4944,0000,15,2026-02-20,82000,6,63.4|63.64|74.53|75.25|75.29|82.79
78,영등포구,신길동,선원가와인,4943,11560-1626,11560,,1,4943,0000,24,2026-03-07,80000,3,80.376|80.434|84.782
19,영등포구,신길동,슈와이,401,11560-161,11560,,1,0401,0000,1,2019-02-24,35000,1,82.39
18,영등포구,신길동,시원트레벨,507,11560-162,11560,,1,0507,0000,3,2024-07-23,67000,1,84.94
43,영등포구,신길동,신풍두산위브,425-8,11560-1228,11560,,1,0425,0008,11,2025-08-21,87500,2,68|84.7
17,영등포구,신길동,여의,1-8,11560-159,11560,,1,0001,0008,8,2025-10-12,79500,5,51|61.2|66.03|67.2|68.78
125,영등포구,신길동,여의도리버뷰,4942,11560-1574,11560,,1,4942,0000,68,2025-09-25,16600,2,12.96|13.06
20,영등포구,신길동,제일골드타워,1515-2,11560-150,11560,,1,1515,0002,1,2020-05-07,55000,1,76.59
88,영등포구,신길동,프리가,65-21,11560-1639,11560,,1,0065,0021,54,2026-03-09,16500,4,13.6|13.66|16.09|18.52
16,영등포구,신길동,하늘애,1119,11560-1286,11560,,1,1119,0000,3,2026-02-11,65000,2,43.26|72.89
14,영등포구,신길동,한양,454-4,11560-147,11560,,1,0454,0004,4,2025-03-06,31000,3,22.86|49.98|60.48
95,영등포구,양평동1가,삼환,245,11560-78,11560,,1,0245,0000,20,2026-01-05,80000,2,59.76|84.66
15,영등포구,양평동1가,어반힐,147,11560-2073,11560,,1,0147,0000,6,2024-10-26,32300,4,25.42|25.58|26.25|27.24
308,영등포구,양평동1가,영등포중흥에스클래스,271,11560-2186,11560,,1,0271,0000,64,2026-03-18,150000,7,24.85|28.97|59.91|59.96|59.97|84.85|84.95
51,영등포구,양평동1가,이너스삼성,269,11560-1216,11560,,1,0269,0000,7,2025-09-22,72000,1,71.2
49,영등포구,양평동1가,창건애드웰,270,11560-1321,11560,,1,0270,0000,8,2026-01-23,85000,2,51.95|84.69
70,영등포구,양평동3가,삼익플라주101동,104,11560-1418,11560,,1,0104,0000,19,2026-04-03,93000,5,57.7|59.68|59.92|84.25|84.85
38,영등포구,양평동3가,삼익플라주201동,105,11560-1527,11560,,1,0105,0000,11,2026-01-21,90000,2,84.52|84.55
64,영등포구,양평동3가,태승훼밀리,103,11560-1381,11560,,1,0103,0000,12,2026-02-07,105000,5,84.12|84.4|84.6|84.89|116.78
10,영등포구,양평동4가,계명,261,11560-146,11560,,1,0261,0000,4,2025-03-24,69000,4,75.29|75.73|77.24|77.68
19,영등포구,양평동4가,수성예술,196,11560-158,11560,,1,0196,0000,3,2025-09-07,49000,3,58.62|75.36|82.5
91,영등포구,양평동4가,약산,160-2,11560-96,11560,,1,0160,0002,18,2024-11-20,27900,7,33.92|34.58|35.25|36.55|37.24|39.99|58.43
34,영등포구,양평동4가,에이스리버티움,324,11560-1254,11560,,1,0324,0000,7,2026-03-12,95000,3,59.6718|83.2534|83.6179
19,영등포구,양평동6가,리츠뷰,95-4,11560-1656,11560,,1,0095,0004,11,2025-05-31,71600,3,57.01|58.08|60.97
36,영등포구,양평동6가,선유도삼성홈타운,101,11560-1711,11560,,1,0101,0000,15,2026-01-10,72500,3,42.98|69.41|73.15
98,영등포구,여의도동,리버타워,61-5,11560-11,11560,,1,0061,0005,25,2025-10-10,259000,2,233.56|234.02
18,영등포구,영등포동,동도하이츠,585-25,11560-166,11560,,1,0585,0025,4,2025-09-11,70000,3,84.9|84.97|91.46
145,영등포구,영등포동,라르파크,651,11560-2213,11560,,1,0651,0000,35,2026-03-28,59800,6,30.1355|30.2372|30.3116|30.7084|31.9172|32.3884
90,영등포구,영등포동,영일,618-83,11560-1,11560,,1,0618,0083,27,2026-01-19,66500,2,38.02|41.32
149,영등포구,영등포동1가,내이처해밀,145,11560-1549,11560,,1,0145,0000,105,2025-07-10,16000,3,14.24|14.89|15.076
63,영등포구,영등포동1가,스테이72여의도,75-4,11560-1607,11560,,1,0075,0004,54,2025-12-30,18000,5,12.05|12.06|12.21|12.4|12.97
88,영등포구,영등포동1가,여의도씨티아이,113-1,11560-1637,11560,,1,0113,0001,49,2026-03-30,14000,3,12.59|12.89|13.87
70,영등포구,영등포동1가,여의도의아침,29,11560-1558,11560,,1,0029,0000,23,2026-03-06,15000,5,12.03|12.04|12.09|12.32|12.38
216,영등포구,영등포동1가,여의도이튼브라운,92-3,11560-2281,11560,,1,0092,0003,42,2026-04-04,63700,5,18.89|28.86|29.87|31.19|43.37
88,영등포구,영등포동1가,지엘리베라움,28,11560-1643,11560,,1,0028,0000,32,2023-06-15,17651,1,12.62
60,영등포구,영등포동1가,창방누리애,40-1,11560-1297,11560,,1,0040,0001,14,2026-01-31,83000,4,80.78|84.37|84.5|84.94
147,영등포구,영등포동1가,헤렌어반,144,11560-1518,11560,,1,0144,0000,90,2024-09-23,17000,15,12.712|12.988|13.063|13.195|13.216|13.331|13.486|13.488|14.512|15.621|16.505|18.169|18.516|18.931|21.396
77,영등포구,영등포동2가,경동미르웰여의도,94-129,11560-1957,11560,,1,0094,0129,14,2026-01-10,20000,1,14.03
132,영등포구,영등포동2가,여의도리미티오148,139,11560-2270,11560,,1,0139,0000,26,2025-10-18,66364,3,23.8902|24.3859|38.441
82,영등포구,영등포동2가,이지리움S,28-117,11560-1581,11560,,1,0028,0117,30,2024-03-21,16000,5,12.12|12.23|12.4|13.35|13.37
29,영등포구,영등포동2가,현대팰리스,28-138,11560-1868,11560,,1,0028,0138,7,2021-03-06,40000,3,29.67|39.53|61.5
154,영등포구,영등포동3가,포레스트힐시티,19-2,11560-1680,11560,,1,0019,0002,43,2025-12-08,13500,1,13.53
147,영등포구,영등포동4가,영등포그랑그루,103,11560-1562,11560,,1,0103,0000,57,2026-04-01,16500,1,12.1
60,영등포구,영등포동5가,동남,24,11560-4,11560,,1,0024,0000,9,2026-01-03,85000,7,66.55|77.82|82.65|83.07|83.5|83.64|84.1
19,영등포구,영등포동7가,근상프리즘,29-130,11560-1449,11560,,1,0029,0130,14,2024-12-18,69000,1,82.79
19,영등포구,영등포동7가,리치,94-83,11560-134,11560,,1,0094,0083,1,2019-11-28,36500,1,67.99
19,영등포구,영등포동7가,삼성,94-41,11560-143,11560,,1,0094,0041,5,2025-09-18,54000,4,69.12|70.01|82.83|84.87
53,영등포구,영등포동7가,여의휴젠느,94-99,11560-2052,11560,,1,0094,0099,22,2026-01-31,53500,4,22.62|29.95|35.42|36.85
117,영등포구,영등포동7가,훼미리하우스117,94-51,11560-1530,11560,,1,0094,0051,64,2026-03-31,15500,2,16.9|16.98
29,영등포구,영등포동8가,리안펠리체,45-8,11560-1658,11560,,1,0045,0008,1,2019-09-09,12600,1,15.69
80,영등포구,영등포동8가,영등포메이준2011,51-1,11560-1577,11560,,1,0051,0001,46,2025-08-06,15000,2,12.11|12.23
14,용산구,갈월동,두리파크빌,6-48,11170-277,11170,,1,0006,0048,6,2024-05-18,109000,4,69.26|83.92|84.09|108.55
16,용산구,공덕동,효창그린아파트,11-168,11440-962,11170,,1,0011,0168,1,2020-02-17,88000,1,163
34,용산구,도원동,제일1,3-4,11170-28,11170,,1,0003,0004,26,2023-11-23,35000,3,45.26|45.29|45.45
10,용산구,동빙고동,SOD빌,1-3,11170-163,11170,,1,0001,0003,2,2020-11-28,242000,1,164.9
16,용산구,동빙고동,노블캐슬,310-10,11170-2686,11170,,1,0310,0010,4,2020-06-26,140000,2,132.42|133.18
13,용산구,동빙고동,라이온즈,310-17,11170-292,11170,,1,0310,0017,1,2025-10-17,175000,1,121.9
10,용산구,동빙고동,리버힐에이동,42-17,11170-291,11170,,1,0042,0017,1,2023-09-26,345000,1,136.9
17,용산구,동빙고동,아울스타운,1-44,11170-129,11170,,1,0001,0044,2,2020-05-29,145000,2,146.98|226.7
9,용산구,동빙고동,파인힐빌,1-72,11170-290,11170,,1,0001,0072,2,2021-01-07,191000,1,174.51
14,용산구,동빙고동,현대플라티앙2,1-14,11170-206,11170,,1,0001,0014,3,2023-12-05,200000,2,124.1|144.46
12,용산구,동빙고동,현대플래티앙Ⅰ,1-67,11170-207,11170,,1,0001,0067,3,2026-01-22,297000,2,130.3|212.12
10,용산구,동빙고동,힐하우스,1-30,11170-128,11170,,1,0001,0030,1,2023-11-01,235000,1,218.48
50,용산구,동자동,동자,19-8,11170-8,11170,,1,0019,0008,17,2024-12-31,66000,6,10.02|13.22|27.34|44|44.5|60.6
48,용산구,문배동,G&P용산파크,11-34,11170-3183,11170,,1,0011,0034,21,2025-08-27,52200,7,27.04|28.28|28.61|28.92|29.32|29.57|29.99
108,용산구,문배동,리첸시아용산B,40-31,11170-2810,11170,,1,0040,0031,42,2025-11-21,360000,6,84.83|84.98|141.78|145.75|145.78|152.5
95,용산구,문배동,삼라마이다스빌2,40-19,11170-203,11170,,1,0040,0019,26,2026-03-27,120000,8,65.66|66.72|72.48|76.45|81.91|83.75|84.84|84.98
99,용산구,문배동,용산큐브,24-4,11170-2913,11170,,1,0024,0004,57,2026-03-07,21000,1,13.01
98,용산구,문배동,이안용산1차(101동),11-14,11170-2305,11170,,1,0011,0014,28,2026-01-02,136000,4,84.56|84.95|84.99|107.53
70,용산구,문배동,이안용산1차(102동),7-6,11170-2304,11170,,1,0007,0006,18,2025-11-06,157000,7,79.63|84.22|84.59|84.72|84.98|105.05|132.34
98,용산구,문배동,이안용산1차(103동),11-29,11170-2306,11170,,1,0011,0029,25,2026-01-08,137000,5,56.83|68.5|84.67|84.9|84.96
47,용산구,문배동,이안용산3차,40-39,11170-2338,11170,,1,0040,0039,17,2026-02-14,145000,10,63.65|63.89|84.71|84.77|84.8|84.83|84.92|96.41|107.78|111.91
83,용산구,문배동,프라임펠리스,24-8,11170-2906,11170,,1,0024,0008,52,2025-06-05,26000,4,13.51|13.69|21.39|21.45
54,용산구,보광동,주미,260-6,11170-135,11170,,1,0260,0006,9,2023-02-11,193000,6,69.39|69.45|77.59|79.21|97.82|97.88
17,용산구,보광동,카사빌라,35-5,11170-136,11170,,1,0035,0005,6,2021-11-29,275000,5,125.72|143.08|143.88|151.85|168.81
11,용산구,보광동,한강빌라,208-1,11170-137,11170,,1,0208,0001,2,2025-10-30,347500,1,78
26,용산구,서빙고동,아페르한강,4-18,11170-3533,11170,,1,0004,0018,1,2024-09-13,850000,1,241.329
16,용산구,서빙고동,한강르네상스,241-47,11170-2822,11170,,1,0241,0047,5,2023-06-16,145000,1,60.42
14,용산구,신창동,대성,77-27,11170-168,11170,,1,0077,0027,1,2018-08-09,48000,1,84.95
12,용산구,용문동,대성2차,38-235,11170-172,11170,,1,0038,0235,2,2025-07-15,82700,1,84.5
11,용산구,용문동,대호드림빌(38-213),38-213,11170-171,11170,,1,0038,0213,2,2025-01-18,88300,1,83.65
19,용산구,용문동,삼성하이츠,38-76,11170-170,11170,,1,0038,0076,8,2025-10-02,123000,4,63.99|73.52|84.39|124.32
47,용산구,용산동2가,용암한신,47-5,11170-6,11170,,1,0047,0005,17,2025-01-06,79000,2,67.93|72.66
95,용산구,용산동2가,한신,47-17,11170-7,11170,,1,0047,0017,12,2026-02-27,125000,2,78.43|81.7
16,용산구,원효로1가,로얄카운티-2,17-5,11170-2343,11170,,1,0017,0005,3,2024-08-21,154000,2,133.35|134.53
16,용산구,원효로1가,로얄카운티-3,17-66,11170-2552,11170,,1,0017,0066,4,2022-01-21,128000,1,130.93
55,용산구,원효로1가,시온캐슬용산,28-7,11170-3342,11170,,1,0028,0007,5,2026-02-09,50000,5,19.33|21.63|23.66|23.673|25.55
55,용산구,원효로1가,용산파크뷰(46-3),46-3,11170-3174,11170,,1,0046,0003,11,2025-10-03,50000,5,15.13|27.57|27.61|28.38|29.67
69,용산구,원효로2가,원효,94-2,11170-11,11170,,1,0094,0002,17,2026-03-13,78000,11,38.38|39.97|41.06|45.98|49.59|52.89|54.55|61.16|62.58|64.46|72.73
40,용산구,원효로3가,금성아파트,124-1,11170-12,11170,,1,0124,0001,6,2023-08-16,50000,5,15.42|30.84|35.14|39.07|49.49
55,용산구,원효로3가,용산소미글로벌리버파크,277-8,11170-3423,11170,,1,0277,0008,8,2025-09-06,59500,4,18.69|22.98|24.68|26.46
40,용산구,원효로4가,한강수,128-1,11170-260,11170,,1,0128,0001,6,2025-09-22,189000,6,121.68|126.25|136.62|139.41|140.88|217.49
26,용산구,이촌동,G&D용산드림,212-41,11170-3311,11170,,1,0212,0041,11,2025-07-18,88000,5,15.58|15.94|16.2|18.55|21.69
146,용산구,이촌동,강변,193-3,11170-33,11170,,1,0193,0003,49,2026-04-17,145000,6,58.58|59.44|63.93|64.43|65.55|66.08
33,용산구,이촌동,강서,193-5,11170-34,11170,,1,0193,0005,12,2026-02-10,145000,6,48.63|50.88|52|53.26|54.25|56.63
18,용산구,이촌동,노들,302-45,11170-37,11170,,1,0302,0045,6,2023-11-21,168000,5,190.71|204.66|227.07|227.08|230.25
84,용산구,이촌동,두산위브트레지움,301-155,11170-2683,11170,,1,0301,0155,16,2025-10-18,192000,2,54.99|89.09
72,용산구,이촌동,로얄맨숀,301-10,11170-43,11170,,1,0301,0010,22,2025-08-12,280000,2,147.74|186.12
56,용산구,이촌동,리버뷰,300-27,11170-44,11170,,1,0300,0027,19,2026-02-03,170000,9,39.37|135.77|138.94|141.55|145.92|146.28|147.8|151.08|152.3
20,용산구,이촌동,미주A,302-54,11170-45,11170,,1,0302,0054,2,2021-01-30,180000,1,205.75
50,용산구,이촌동,미주B,302-48,11170-140,11170,,1,0302,0048,7,2025-07-17,210000,3,149.09|149.12|156.33
42,용산구,이촌동,보람더하임,435,11170-2735,11170,,1,0435,0000,6,2025-05-22,177000,2,84.5343|84.5839
228,용산구,이촌동,시범(중산1차),211-2,11170-60,11170,,1,0211,0002,4,2025-12-30,120000,2,49.59|59.5
56,용산구,이촌동,월드메르디앙,302-53,11170-3200,11170,,1,0302,0053,12,2026-01-22,215000,3,84.964|116.563|128.66
66,용산구,이촌동,장미,302-64,11170-56,11170,,1,0302,0064,15,2025-11-12,325000,3,98.36|111.58|196.71
11,용산구,이촌동,장미(203-14),203-14,11170-228,11170,,1,0203,0014,5,2026-03-12,129800,2,46.51|46.78
24,용산구,이촌동,정우,302-69,11170-58,11170,,1,0302,0069,8,2025-08-29,246000,3,253.24|257.85|317.36
24,용산구,이촌동,제일,302-61,11170-59,11170,,1,0302,0061,9,2025-09-29,175000,3,125.62|128.93|132.23
16,용산구,이촌동,중앙하이츠(A),300-17,11170-61,11170,,1,0300,0017,4,2026-03-06,277000,1,202.875
30,용산구,이촌동,코스모스,302-62,11170-62,11170,,1,0302,0062,3,2019-11-03,168000,2,242.235|250.44
11,용산구,이촌동,퀸스리버빌,302-140,11170-63,11170,,1,0302,0140,3,2024-09-20,260000,2,199.05|200.55
60,용산구,이촌동,타워맨션,302-28,11170-64,11170,,1,0302,0028,7,2022-03-30,230000,3,154.55|200.1|202.45
660,용산구,이촌동,한강맨숀,300-23,11170-68,11170,,1,0300,0023,146,2026-03-07,645000,8,87.54|89.82|101.95|102.22|120.33|120.56|167.21|178.78
653,용산구,이촌동,현대맨숀,301-160,11170-69,11170,,1,0301,0160,166,2026-03-24,419990,14,83.3|83.31|99.13|100.4|121.44|126.1|126.11|128.31|139.97|140.07|146.38|173.16|180.2|180.23
9,용산구,이태원동,ThePlusⅢ,124-13,11170-283,11170,,1,0124,0013,1,2025-09-27,171000,1,118.15
13,용산구,이태원동,남산힐레지던스,102-12,11170-73,11170,,1,0102,0012,2,2023-08-10,258500,2,202.77|260.96
10,용산구,이태원동,다원,254-10,11170-153,11170,,1,0254,0010,4,2021-04-30,88500,1,135.14
24,용산구,이태원동,마운틴뷰,198-16,11170-176,11170,,1,0198,0016,7,2026-02-06,150000,4,104.02|145.83|146.13|147.78
14,용산구,이태원동,메이(124-12),124-12,11170-282,11170,,1,0124,0012,3,2024-04-12,290000,2,159.63|164.76
96,용산구,이태원동,용산동아파트,669,11170-75,11170,,1,0669,0000,21,2026-04-07,60000,2,44.76|51.27
40,용산구,이태원동,이태원(이테크빌),730,11170-178,11170,,1,0730,0000,11,2025-09-16,240000,10,44.19|47.35|47.78|57.57|58.7|73.1|76.48|83.74|84.48|102.6
24,용산구,이태원동,준아트빌,124-1,11170-2627,11170,,1,0124,0001,5,2023-09-07,400000,5,226.34|227.36|227.84|228.02|229.28
25,용산구,이태원동,창덕아파트,252-1,11170-284,11170,,1,0252,0001,8,2026-02-28,100000,4,56|59.9|84.54|84.75
9,용산구,이태원동,퍼시픽맨션골드,352,11170-152,11170,,1,0352,0000,6,2026-01-26,167000,6,145.33|157.03|167.58|176.4|180.85|201.03
4,용산구,주성동,PRIMAVERAVILL,43-21,11170-2099,11170,,1,0043,0021,2,2024-08-11,365000,2,155.8|197.7
15,용산구,청파동1가,목화,84-3,11170-167,11170,,1,0084,0003,5,2025-11-28,98000,4,57.5|58.47|61.35|84.15
14,용산구,청파동3가,베르체,132-15,11170-159,11170,,1,0132,0015,12,2025-11-22,114000,3,68.61|105.03|111.92
8,용산구,청파동3가,한울글로리A,132-50,11170-151,11170,,1,0132,0050,7,2025-12-16,71000,3,65.3|84.13|91.03
18,용산구,청파동3가,효창PALACEVILLE,132-13,11170-10,11170,,1,0132,0013,3,2021-04-12,89500,1,128.68
130,용산구,한강로1가,삼각아파트,231-24,11170-29,11170,,1,0231,0024,37,2026-02-12,150000,8,32.4|35.37|43.64|48.93|56.2|70.74|79.34|85.95
,용산구,한강로1가,삼각아파트C동,231-23,11170-3232,11170,,1,0231,0023,4,2023-12-22,85000,4,56.1|59.07|59.34|59.87
18,용산구,한강로1가,센트럴파크,216-11,11170-3331,11170,,1,0216,0011,18,2026-02-27,75000,8,26.95|27.48|27.82|28.38|28.94|29.44|29.84|29.87
56,용산구,한강로2가,용산아이피아대주피오레,2-185,11170-2438,11170,,1,0002,0185,14,2024-08-22,110000,1,84.6
62,용산구,한강로3가,시티하우스,65-7,11170-2865,11170,,1,0065,0007,16,2024-10-30,30000,5,19.12|19.2|19.8|19.89|19.9
66,용산구,한강로3가,원효전자상가,16-20,11170-169,11170,,1,0016,0020,12,2025-06-18,110000,6,55.76|55.77|56.66|58.47|66.57|77.42
16,용산구,한강로3가,전자타운한신(A),82,11170-31,11170,,1,0082,0000,5,2026-03-12,81500,2,49.95|54.45
60,용산구,한강로3가,철우,65-500,11170-32,11170,,1,0065,0500,11,2025-09-22,156000,2,68.76|68.83
89,용산구,한강로3가,한강자이에클라트,16-85,11170-2348,11170,,1,0016,0085,25,2026-02-25,170000,6,68.59|79.73|80.77|82.28|84.73|103.57
17,용산구,한남동,뉴캐슬하우스,684-82,11170-147,11170,,1,0684,0082,8,2023-10-11,130000,6,69.03|69.16|79.76|83.6|83.9|83.92
66,용산구,한남동,대림아르빌,808,11170-294,11170,,1,0808,0000,20,2026-01-17,182000,7,72.25|81.86|84.57|84.64|84.74|84.77|132.89
49,용산구,한남동,대성이태리하우스,809,11170-2346,11170,,1,0809,0000,14,2026-03-21,247000,5,84.5|84.89|110.35|151.62|169.77
14,용산구,한남동,로얄튼빌라,1-297,11170-179,11170,,1,0001,0297,2,2021-03-22,182500,2,133.93|192.94
16,용산구,한남동,르가든더메인한남,386,11170-3222,11170,,1,0386,0000,10,2025-02-14,970000,9,225.41|227.37|228.34|233.19|235.68|237.52|238.38|239.67|269.12
80,용산구,한남동,리버티하우스,258,11170-83,11170,,1,0258,0000,21,2026-02-07,240000,5,82.75|143.15|168.68|173.74|217.42
120,용산구,한남동,시범,1-349,11170-93,11170,,1,0001,0349,37,2026-03-20,125000,2,59.5|69.42
35,용산구,한남동,신성미소시티,96-3,11170-2325,11170,,1,0096,0003,5,2021-03-08,170000,1,139.96
15,용산구,한남동,아일랜드캐슬,684-85,11170-186,11170,,1,0684,0085,6,2025-03-12,91500,3,62.24|62.51|63.01
15,용산구,한남동,오페라하우스3차,657-33,11170-287,11170,,1,0657,0033,1,2020-05-26,89000,1,81.28
17,용산구,한남동,오페라하우스WEST,665-2,11170-185,11170,,1,0665,0002,1,2020-07-25,184000,1,92.52
29,용산구,한남동,윌쏘나슈트,657-107,11170-2885,11170,,1,0657,0107,29,2020-10-15,54701,17,15.29|16.15|17.18|17.79|17.99|18.14|18.92|19|20.44|20.46|22.96|23.31|25.15|25.57|27.75|31.44|32.78
10,용산구,한남동,유엔맨숀,1-35,11170-285,11170,,1,0001,0035,1,2023-11-14,150000,1,159.5
40,용산구,한남동,장미1,732-19,11170-188,11170,,1,0732,0019,13,2024-06-24,220000,9,51.57|66.28|74.38|75.3|75.31|77.39|78.01|78.02|87.07
40,용산구,한남동,태성1,644-2,11170-200,11170,,1,0644,0002,20,2025-07-23,91700,1,59.95
19,용산구,한남동,트윈빌비동,26-10,11170-2720,11170,,1,0026,0010,4,2024-09-25,290000,2,135.78|179.55
19,용산구,한남동,트윈빌에이동,26-5,11170-2719,11170,,1,0026,0005,7,2026-01-30,450000,4,170.68|193.87|196.69|222.69
17,용산구,한남동,파르크한남,410,11170-3278,11170,,1,0410,0000,8,2024-10-22,1800000,2,268.67|268.95
7,용산구,한남동,한남동UNVILLAGE루하우스,1-51,11170-3012,11170,,1,0001,0051,2,2020-06-25,167000,2,160.91|187.69
42,용산구,한남동,한남파라곤,825,11170-2864,11170,,1,0825,0000,8,2026-02-26,270000,3,82.5437|82.624|116.022
24,용산구,한남동,한남하우스,723-3,11170-112,11170,,1,0723,0003,7,2024-01-06,52000,4,48|60.63|68.55|101.19
68,용산구,한남동,한남해피트리,827,11170-3092,11170,,1,0827,0000,22,2025-11-29,150000,6,65.17|65.82|65.97|66.11|66.2|66.46
54,용산구,한남동,현대안성타워,737-28,11170-116,11170,,1,0737,0028,16,2024-06-24,105000,8,30.24|38.1|49.41|50.49|50.85|61.62|84.78|84.98
19,용산구,한남동,형우베스트빌3차,27-2,11170-183,11170,,1,0027,0002,7,2024-05-20,385000,2,228.21|237.05
26,용산구,한남동,효성빌리지,799,11170-119,11170,,1,0799,0000,5,2023-11-10,175000,2,84.87|84.97
65,용산구,한남동,힐탑트레져1동,1-44,11170-148,11170,,1,0001,0044,13,2026-02-12,495000,5,182.85|206.96|208.88|224.21|231.19
14,용산구,효창동,대성효창,5-258,11170-161,11170,,1,0005,0258,4,2020-07-16,83000,2,119.16|126.54
14,용산구,효창동,로얄카운티,5-606,11170-25,11170,,1,0005,0606,4,2020-06-12,105000,2,190.12|203.175
66,용산구,효창동,세양청마루,268,11170-2327,11170,,1,0268,0000,24,2025-07-18,122000,2,59.28|84.18
19,용산구,효창동,세인트힐,5-17,11170-198,11170,,1,0005,0017,7,2026-01-28,145000,5,107.27|119.03|160.3|175.26|186.84
18,용산구,효창동,아이딜,130-2,11170-295,11170,,1,0130,0002,6,2025-11-07,140000,2,76.84|79.06
19,용산구,효창동,아인하우스,5-42,11170-2889,11170,,1,0005,0042,11,2026-03-28,95000,5,54.29|59.92|59.95|66.78|67.2
14,용산구,효창동,예빌리지,5-262,11170-281,11170,,1,0005,0262,5,2025-12-16,118000,3,84.83|107.83|132.41
19,용산구,효창동,울트라멤버스,5-127,11170-144,11170,,1,0005,0127,5,2025-03-18,125000,1,132.05
14,용산구,효창동,임선웰빙아파트,5-72,11170-262,11170,,1,0005,0072,4,2025-03-18,87000,2,80.3|84.54
19,용산구,효창동,태원팰리스,5-1,11170-2562,11170,,1,0005,0001,5,2026-03-27,140000,4,111.92|119.82|158.68|177.12
13,용산구,효창동,현대아트빌,5-11,11170-2336,11170,,1,0005,0011,2,2018-08-20,73000,1,124.74
14,용산구,효창동,화이트타운,5-45,11170-160,11170,,1,0005,0045,5,2025-03-22,80000,1,84.69
16,용산구,효창동,효삼골드빌,3-3,11170-261,11170,,1,0003,0003,2,2020-09-17,85000,2,77.15|95.25
11,용산구,효창동,효창드림빌,5-47,11170-278,11170,,1,0005,0047,3,2020-06-19,55000,1,84.89
19,용산구,효창동,효창로즈,3-4,11170-19,11170,,1,0003,0004,3,2025-10-13,90000,2,84.76|84.81
61,용산구,효창동,효창맨션,5-495,11170-22,11170,,1,0005,0495,18,2025-08-12,61000,4,59.5|59.6|66.12|73.06
12,용산구,효창동,효창아트빌2차,5-158,11170-280,11170,,1,0005,0158,4,2025-11-20,134500,4,72.1|84.96|101.36|105.18
11,용산구,효창동,효창팰리스2차,5-49,11170-279,11170,,1,0005,0049,5,2024-07-17,94800,1,84.03
18,용산구,후암동,남산애지앙,1-10,11170-143,11170,,1,0001,0010,11,2023-09-20,84000,5,44.88|77.65|88.95|90.52|109.12
29,용산구,후암동,뉴후암,426,11170-2,11170,,1,0426,0000,9,2024-02-29,77000,5,34.38|40.99|52.89|67.11|69.42
19,용산구,후암동,명남아띠팰리스,244-90,11170-2377,11170,,1,0244,0090,3,2025-06-02,110000,2,68.61|76.27
19,용산구,후암동,몬테피오레,41-1,11170-2886,11170,,1,0041,0001,3,2023-02-26,77100,3,80.24|82.06|82.1
8,용산구,후암동,미소가,55-24,11170-165,11170,,1,0055,0024,3,2020-07-18,108000,2,135.2|160.58
90,용산구,후암동,브라운스톤남산,458,11170-205,11170,,1,0458,0000,23,2026-02-06,205000,7,162.06|162.5|163.27|166.56|166.67|166.98|168.41
16,용산구,후암동,삼안리치10차,123-51,11170-257,11170,,1,0123,0051,2,2019-12-08,91000,2,84.14|88.71
9,용산구,후암동,삼안리치8차,143-23,11170-273,11170,,1,0143,0023,4,2023-08-01,117000,2,83.97|84.78
19,용산구,후암동,신주에지앙,302,11170-258,11170,,1,0302,0000,6,2024-11-25,105000,6,89.6|90.2|91.96|106.83|111.4|177.69
26,용산구,후암동,신후암,244-86,11170-1,11170,,1,0244,0086,3,2024-10-18,53000,2,61.85|66.51
5,용산구,후암동,예빌리지,244-87,11170-5,11170,,1,0244,0087,2,2025-08-22,136000,1,110.94
10,용산구,후암동,제일,438-7,11170-204,11170,,1,0438,0007,6,2024-06-24,78500,5,45.3|48.99|65.61|71.28|78.8
9,용산구,후암동,프리마베라빌,55-20,11170-155,11170,,1,0055,0020,3,2020-01-22,110000,2,148.29|199.25
19,용산구,후암동,행남그랜드,244-5,11170-142,11170,,1,0244,0005,1,2024-03-23,136000,1,149.71
10,용산구,후암동,혜당,244-143,11170-2853,11170,,1,0244,0143,1,2018-12-21,64000,1,83.13
15,용산구,후암동,화인,244-99,11170-276,11170,,1,0244,0099,6,2024-08-17,143000,2,137.37|143.25
20,용산구,후암동,후암맨션,1-20,11170-3,11170,,1,0001,0020,4,2025-05-16,78000,1,72.13
19,용산구,후암동,힐튼빌리지1차,244-91,11170-275,11170,,1,0244,0091,4,2026-02-28,128000,3,82.35|90.51|100.83
15,용산구,후암동,힐튼빌리지2차,244-88,11170-274,11170,,1,0244,0088,4,2022-07-19,141000,4,117.75|150.08|154.33|157.37
32,은평구,갈현동,갈현삼성,544,11380-133,11380,,1,0544,0000,9,2026-04-18,49750,2,79.85|79.95
20,은평구,갈현동,골드스타,456-19,11380-9569,11380,,1,0456,0019,20,2019-11-25,12500,4,12.23|12.44|12.48|17.36
58,은평구,갈현동,대경아르체,550,11380-11612,11380,,1,0550,0000,34,2026-04-17,89500,2,42.48|65.89
19,은평구,갈현동,대양,281-208,11380-25,11380,,1,0281,0208,10,2023-05-02,68000,3,66.32|68.4|79.3
19,은평구,갈현동,대훈,136-6,11380-38,11380,,1,0136,0006,1,2018-04-12,33500,1,82.62
35,은평구,갈현동,메카,543,11380-28,11380,,1,0543,0000,11,2021-01-29,46800,3,59.36|71.34|84.3
18,은평구,갈현동,명성,521-2,11380-29,11380,,1,0521,0002,5,2025-11-10,55700,3,81.16|111.28|116.49
18,은평구,갈현동,반도하우드,258-1,11380-7851,11380,,1,0258,0001,4,2024-08-28,54000,2,84.56|84.6
40,은평구,갈현동,베로니스,468-5,11380-10502,11380,,1,0468,0005,12,2026-04-18,68000,2,52.1|73.4
19,은평구,갈현동,선구,499-18,11380-132,11380,,1,0499,0018,9,2025-10-15,44500,4,69.54|72.19|75.06|80.52
12,은평구,갈현동,수정럭스,477-8,11380-41,11380,,1,0477,0008,4,2023-08-08,35000,3,64.95|67.74|68.6
15,은평구,갈현동,수정럭스(428-6),428-6,11380-399,11380,,1,0428,0006,3,2021-07-24,44500,2,68.64|70.74
13,은평구,갈현동,아름(526-2),526-2,11380-7599,11380,,1,0526,0002,3,2024-07-30,37700,1,69.45
84,은평구,갈현동,역촌맨션,467-2,11380-185,11380,,1,0467,0002,103,2023-12-15,48000,6,53.2|53.21|53.87|65.75|65.78|66.43
18,은평구,갈현동,연서노벨(463-16),463-16,11380-9005,11380,,1,0463,0016,7,2023-09-04,55000,5,61.08|67.79|74.91|84.68|84.83
14,은평구,갈현동,웰빙,522-16,11380-259,11380,,1,0522,0016,7,2025-06-03,40000,5,71.58|81.18|84.71|84.79|84.94
14,은평구,갈현동,웰빙존,522-19,11380-260,11380,,1,0522,0019,5,2024-09-05,37800,4,71.58|81.18|84.71|84.9
129,은평구,갈현동,유호루하스,548,11380-10765,11380,,1,0548,0000,78,2026-03-30,26500,9,15.72|16.453|16.768|17.098|20.374|21.27|26.432|27.347|28.26
53,은평구,갈현동,인우(281-215),281-215,11380-32,11380,,1,0281,0215,12,2024-07-31,69000,4,76.65|78.45|80.67|84.72
53,은평구,갈현동,인우(281-236),281-236,11380-33,11380,,1,0281,0236,11,2024-12-12,66000,1,76.65
18,은평구,갈현동,지캐슬,487-2,11380-130,11380,,1,0487,0002,7,2022-05-22,41500,6,41.73|61.04|64.24|64.45|64.5|64.64
14,은평구,갈현동,천수,488-16,11380-131,11380,,1,0488,0016,1,2023-02-07,22000,1,54.15
10,은평구,갈현동,천지,276-37,11380-39,11380,,1,0276,0037,2,2019-09-10,46000,2,52.79|73.33
16,은평구,갈현동,플라잉캐슬,468-4,11380-10927,11380,,1,0468,0004,8,2024-11-16,55000,1,55.7
16,은평구,갈현동,한아름,241-9,11380-126,11380,,1,0241,0009,3,2023-10-26,49500,3,52.86|74.14|84.96
9,은평구,갈현동,한우리,327-54,11380-128,11380,,1,0327,0054,1,2019-12-15,30000,1,84.94
12,은평구,갈현동,해오름,327-40,11380-127,11380,,1,0327,0040,10,2024-06-16,39800,5,54.93|72.58|76.21|83.39|84.66
19,은평구,갈현동,행운,474-4,11380-40,11380,,1,0474,0004,11,2025-04-10,42300,5,65.15|68.96|75.25|75.26|84.73
13,은평구,갈현동,호림리슈리안,406-46,11380-7858,11380,,1,0406,0046,5,2025-09-23,56000,1,75.11
42,은평구,갈현동,효민아크로뷰,395-2,11380-11613,11380,,1,0395,0002,23,2026-01-01,68800,3,29.92|36.95|47.73
9,은평구,갈현동,힐튼,327-15,11380-7839,11380,,1,0327,0015,2,2020-12-26,43000,2,69.2|101.38
13,은평구,구산동,금강포란재(101),355-82,11380-381,11380,,1,0355,0082,7,2025-03-29,44200,1,84.18
12,은평구,구산동,금광포란재(102),355-81,11380-380,11380,,1,0355,0081,1,2022-08-06,37300,1,80.64
14,은평구,구산동,뉴월드빌(16-28),16-28,11380-134,11380,,1,0016,0028,1,2021-09-04,44500,1,84.96
12,은평구,구산동,동양,23-30,11380-137,11380,,1,0023,0030,3,2023-07-10,49500,2,73.41|84.36
118,은평구,구산동,동익파크1동(355-95),355-95,11380-26,11380,,1,0355,0095,26,2026-04-13,52000,1,84.98
90,은평구,구산동,동익파크2동(355-98),355-98,11380-7824,11380,,1,0355,0098,25,2026-04-04,55500,2,84.95|162.26
17,은평구,구산동,두일,308-3,11380-147,11380,,1,0308,0003,3,2025-02-20,38000,2,83.2|84.62
16,은평구,구산동,명남아파트,167-1,11380-43,11380,,1,0167,0001,6,2023-07-06,54500,3,98.26|117.05|129.36
19,은평구,구산동,무지개아파트(308-86),308-86,11380-7962,11380,,1,0308,0086,6,2023-09-11,33800,2,72.45|84.57
25,은평구,구산동,벨뷰아파트,321-28,11380-11157,11380,,1,0321,0028,12,2026-03-17,45900,3,47.27|48.84|49.52
12,은평구,구산동,벽산스카이파크,355-90,11380-8211,11380,,1,0355,0090,4,2025-08-13,35000,1,77.17
19,은평구,구산동,새천년3차드림,220-2,11380-7756,11380,,1,0220,0002,4,2026-03-09,53500,1,84.23
12,은평구,구산동,새천년구산2차,213-4,11380-248,11380,,1,0213,0004,3,2025-02-25,40000,3,51.04|73.92|83.46
19,은평구,구산동,새천년드림,213-17,11380-49,11380,,1,0213,0017,6,2023-05-19,40000,2,84.48|84.6
29,은평구,구산동,세영아파트,304-1,11380-10284,11380,,1,0304,0001,9,2025-05-20,38700,4,53.22|53.91|56.39|59.59
45,은평구,구산동,세화샤이닝1,222,11380-135,11380,,1,0222,0000,6,2021-02-06,56000,3,75.7958|76.9253|82.1444
39,은평구,구산동,세화샤이닝2,223,11380-136,11380,,1,0223,0000,3,2023-10-22,63000,3,72.4832|86.1776|94.0987
16,은평구,구산동,송학,24-59,11380-400,11380,,1,0024,0059,5,2024-05-16,47500,3,71.38|76.31|77.92
18,은평구,구산동,신호(199-24),199-24,11380-7975,11380,,1,0199,0024,8,2023-01-09,49600,3,74.49|83.7|100.53
10,은평구,구산동,에덴드림,14-21,11380-249,11380,,1,0014,0021,5,2026-03-07,41900,1,84.84
10,은평구,구산동,엔에스아파트,26-41,11380-402,11380,,1,0026,0041,6,2023-10-13,22500,3,49.44|56.52|59.4
16,은평구,구산동,예승빌라트,27-15,11380-44,11380,,1,0027,0015,3,2024-03-30,55000,3,64.08|135.24|141.24
12,은평구,구산동,온세,25-41,11380-383,11380,,1,0025,0041,4,2024-12-14,41500,1,79.95
19,은평구,구산동,우공아트빌,26-4,11380-47,11380,,1,0026,0004,6,2025-09-16,26200,5,49.67|62.6|68.01|68.28|83.01
18,은평구,구산동,우신,25-53,11380-401,11380,,1,0025,0053,4,2022-06-14,39000,4,54.18|61.23|74.64|90.96
10,은평구,구산동,이안,308-81,11380-8296,11380,,1,0308,0081,3,2025-11-26,27500,2,55.98|73.49
5,은평구,구산동,진성아파트,347-1,11380-129,11380,,1,0347,0001,4,2023-05-30,28000,1,64.78
12,은평구,구산동,천지로얄,202-8,11380-7659,11380,,1,0202,0008,6,2026-03-18,45500,2,74.64|80.25
18,은평구,구산동,캐슬아파트(18-10),18-10,11380-7804,11380,,1,0018,0010,3,2025-09-13,51000,2,84.73|84.87
16,은평구,구산동,타워,308-5,11380-34,11380,,1,0308,0005,2,2020-04-11,25500,1,84.51
14,은평구,구산동,태영홈아파트,26-25,11380-48,11380,,1,0026,0025,6,2021-04-10,39800,3,80.64|83.76|84.84
18,은평구,구산동,푸른솔,147-46,11380-8413,11380,,1,0147,0046,4,2021-11-03,35000,2,75.6|76.11
28,은평구,구산동,한국프라우드,225,11380-7688,11380,,1,0225,0000,4,2022-05-27,45000,3,70.35|73.05|84.39
19,은평구,구산동,한성산장,169-1,11380-46,11380,,1,0169,0001,11,2024-07-16,63000,4,102.76|109.03|120|131.83
29,은평구,녹번동,DH팰리스타워,83-26,11380-11103,11380,,1,0083,0026,6,2026-04-17,52700,3,38.51|43.95|47.53
14,은평구,녹번동,거성,83-37,11380-8058,11380,,1,0083,0037,8,2025-03-29,45000,2,59.81|63.34
44,은평구,녹번동,거장메카,183-2,11380-11029,11380,,1,0183,0002,47,2026-04-11,49000,2,39.51|40.97
42,은평구,녹번동,거장카운티,182,11380-11109,11380,,1,0182,0000,3,2026-02-26,49000,2,38.7011|44.5482
24,은평구,녹번동,경원파발리안,83-16,11380-8798,11380,,1,0083,0016,19,2026-03-26,50200,2,56.5|56.56
16,은평구,녹번동,굿모닝기룡아파트,83-18,11380-9145,11380,,1,0083,0018,5,2020-11-04,31900,3,49.1|51.08|52.92
16,은평구,녹번동,굿모닝기룡아파트(96-6),96-6,11380-182,11380,,1,0096,0006,2,2023-02-15,43000,1,84.06
,은평구,녹번동,녹번타워,160-3,11380-11639,11380,,1,0160,0003,28,2025-06-23,66650,4,44.799|48.942|49.147|49.55
10,은평구,녹번동,대신홈타운(168-33),168-33,11380-395,11380,,1,0168,0033,1,2020-10-17,39500,1,83.85
27,은평구,녹번동,동호스카이,141-8,11380-8437,11380,,1,0141,0008,14,2026-02-24,62500,2,56.77|58.22
19,은평구,녹번동,리베하임,29-108,11380-7886,11380,,1,0029,0108,8,2020-03-21,33500,5,73.11|84.28|84.3|84.61|84.62
12,은평구,녹번동,산수(86-20),86-20,11380-179,11380,,1,0086,0020,2,2025-05-16,38500,1,65.2
18,은평구,녹번동,세민HIPARK,83-51,11380-8175,11380,,1,0083,0051,7,2024-11-11,54500,1,57.57
16,은평구,녹번동,송학파크팰리스,83-47,11380-7939,11380,,1,0083,0047,7,2025-02-28,38500,2,52.89|56.12
,은평구,녹번동,시니어캐슬클라시온,91-7,11380-8407,11380,,1,0091,0007,1,2020-05-20,18000,1,34.4
12,은평구,녹번동,신현대,176-8,11380-392,11380,,1,0176,0008,2,2025-06-09,38000,1,84.88
13,은평구,녹번동,예원(86-126),86-126,11380-180,11380,,1,0086,0126,3,2023-12-28,51000,3,93.74|110.89|112.21
19,은평구,녹번동,월든힐스,29-106,11380-9403,11380,10200,1,0029,0106,9,2026-04-20,49000,5,67.71|79.1|79.59|79.64|80.43
29,은평구,녹번동,유일아트리움,176-22,11380-10229,11380,,1,0176,0022,13,2024-06-17,49500,3,44.38|52.37|53.54
28,은평구,녹번동,제니더클래식,31-36,11380-11364,11380,,1,0031,0036,2,2025-06-24,63400,1,52.28
19,은평구,녹번동,청록MS(91-9),91-9,11380-181,11380,,1,0091,0009,5,2025-07-09,61500,1,84.61
18,은평구,녹번동,청솔아파트,71-8,11380-7832,11380,,1,0071,0008,6,2021-04-12,42500,5,28.47|64.29|81.86|84.85|84.91
13,은평구,녹번동,초우레디안아트빌,100-32,11380-7,11380,,1,0100,0032,2,2021-04-03,43000,1,71.64
19,은평구,녹번동,현재맨션,35-122,11380-5,11380,,1,0035,0122,2,2020-01-04,51500,1,146.88
26,은평구,대조동,DasHaus,5-11,11380-9529,11380,,1,0005,0011,2,2023-12-28,18000,1,16.35
42,은평구,대조동,YS홈타운,186-44,11380-9375,11380,,1,0186,0044,16,2025-08-29,13200,6,12.23|12.39|12.96|13.89|16.17|16.41
21,은평구,대조동,경인에버빌,197-16,11380-11110,11380,,1,0197,0016,2,2025-11-27,35300,2,27.16|28.91
14,은평구,대조동,나이스홈,6-18,11380-9207,11380,,1,0006,0018,10,2024-12-07,25000,1,29.98
28,은평구,대조동,뉴캐슬,15-32,11380-9676,11380,,1,0015,0032,1,2026-04-15,11500,1,14.43
28,은평구,대조동,뉴캐슬,9-29,11380-9373,11380,,1,0009,0029,34,2026-04-11,13500,4,15.16|15.3|16.22|16.56
70,은평구,대조동,대경아르체아파트,26-14,11380-11230,11380,,1,0026,0014,57,2026-03-02,45000,2,25.28|29.99
26,은평구,대조동,대경홈타운,9-45,11380-9606,11380,,1,0009,0045,14,2026-02-23,13500,1,13.79
54,은평구,대조동,대덕타워,185-71,11380-9388,11380,,1,0185,0071,7,2026-03-01,12500,3,14.66|15.56|15.63
19,은평구,대조동,대일아이안(9-25),9-25,11380-9491,11380,,1,0009,0025,8,2025-10-04,50000,1,52.275
19,은평구,대조동,대조동아트캐슬주상복합,198-10,11380-8692,11380,,1,0198,0010,1,2018-07-03,49000,1,84.8
27,은평구,대조동,대조리치빌III,4-8,11380-9811,11380,,1,0004,0008,17,2025-07-18,36400,3,30.02|32.24|36.3
19,은평구,대조동,동명베스트(84-21),84-21,11380-50,11380,,1,0084,0021,4,2023-03-25,43000,3,87.21|90.02|96.31
14,은평구,대조동,디안(89-258),89-258,11380-336,11380,,1,0089,0258,2,2023-10-18,25000,1,53.23
14,은평구,대조동,디안(89-77),89-77,11380-335,11380,,1,0089,0077,3,2023-04-08,39000,1,83.02
16,은평구,대조동,루체하임,15-49,11380-11609,11380,,1,0015,0049,12,2026-03-19,55500,1,48.08
14,은평구,대조동,만민하늘愛,59-48,11380-8037,11380,,1,0059,0048,6,2026-04-21,53500,1,73.34
94,은평구,대조동,메트하임,197-3,11380-11072,11380,,1,0197,0003,16,2025-09-10,18350,1,14.03
18,은평구,대조동,모아아파트(101동),9-21,11380-9385,11380,,1,0009,0021,8,2025-02-16,46000,1,51.12
20,은평구,대조동,모아아파트(102동),9-20,11380-11085,11380,,1,0009,0020,7,2025-12-30,39500,2,28.29|39.7
18,은평구,대조동,모아아파트(103동),9-19,11380-10081,11380,,1,0009,0019,12,2026-01-01,43000,2,39.47|42.51
20,은평구,대조동,모아아파트(104동),9-18,11380-10123,11380,,1,0009,0018,4,2025-11-14,53000,2,47.14|52.22
29,은평구,대조동,미래하임,6-17,11380-9318,11380,,1,0006,0017,23,2025-11-13,31700,3,31.16|31.8|32.79
38,은평구,대조동,미래하임(6-19),6-19,11380-9721,11380,,1,0006,0019,27,2026-02-25,39000,5,24.41|27.61|29.58|29.83|30.62
18,은평구,대조동,미래하임(9-46),9-46,11380-9487,11380,,1,0009,0046,14,2026-04-20,45000,2,39.92|48.32
16,은평구,대조동,미르라이프,186-9,11380-9411,11380,,1,0186,0009,3,2020-02-01,13500,1,14.23
13,은평구,대조동,벽산메트로시티,4-11,11380-9233,11380,,1,0004,0011,8,2024-04-22,19500,2,23.02|30.14
19,은평구,대조동,보성리엔빌,15-121,11380-11202,11380,,1,0015,0121,3,2025-10-18,38800,2,26.99|27.46
19,은평구,대조동,부림베스트빌,191-24,11380-258,11380,,1,0191,0024,5,2019-11-08,45000,3,69.65|102.8|112.19
44,은평구,대조동,북한산포레스트,179-16,11380-11177,11380,,1,0179,0016,34,2026-03-30,37800,2,19.08|29.02
12,은평구,대조동,삼오,204-1,11380-52,11380,,1,0204,0001,2,2021-04-20,63500,2,52.56|108.32
27,은평구,대조동,서경아파트,186-21,11380-10698,11380,,1,0186,0021,12,2025-06-25,31500,3,28.18|30.03|30.33
35,은평구,대조동,서경아파트(15-58),15-58,11380-11087,11380,,1,0015,0058,14,2025-07-18,42400,7,23.59|24.11|24.91|24.98|26.22|28.39|29.12
14,은평구,대조동,신세계드림빌1,195-14,11380-139,11380,,1,0195,0014,4,2021-10-24,59500,2,84.84|93.45
14,은평구,대조동,신세계드림빌2,195-20,11380-140,11380,,1,0195,0020,2,2025-03-04,63000,1,79.92
17,은평구,대조동,아이안,59-20,11380-8122,11380,,1,0059,0020,7,2020-12-21,47500,5,73.81|74.34|78.3|81.37|82.22
29,은평구,대조동,아이안빌,4-18,11380-9311,11380,,1,0004,0018,14,2025-07-08,42000,4,31.32|36.41|37.62|37.73
26,은평구,대조동,영화노블레스아파트,15-122,11380-11035,11380,,1,0015,0122,9,2026-03-06,27750,3,21.74|24.39|24.41
14,은평구,대조동,영화빌리지,6-25,11380-9756,11380,,1,0006,0025,9,2023-07-08,30500,2,30.89|31.83
34,은평구,대조동,예가크레시아,6-13,11380-9292,11380,,1,0006,0013,15,2024-11-09,50000,4,49.61|49.64|49.77|49.8
18,은평구,대조동,유성아이비아파트,14-320,11380-9772,11380,,1,0014,0320,6,2024-09-09,43000,2,40.76|44.46
92,은평구,대조동,유진아이디움,197-1,11380-11027,11380,,1,0197,0001,16,2026-01-09,17700,1,14.03
18,은평구,대조동,장미아파트,31-17,11380-393,11380,,1,0031,0017,5,2024-04-09,36500,2,66.95|79.57
8,은평구,대조동,정은노블스,197-9,11380-8225,11380,,1,0197,0009,3,2024-10-17,55700,1,71.3
28,은평구,대조동,정익제이원,4-6,11380-9604,11380,,1,0004,0006,13,2025-07-22,43000,3,24.91|41.08|49.7
27,은평구,대조동,정익제이원,6-26,11380-9708,11380,,1,0006,0026,13,2025-09-10,37700,2,26.37|40.51
54,은평구,대조동,정익제이원6차,186-12,11380-10570,11380,,1,0186,0012,23,2026-03-14,36500,5,28.65|29.17|29.57|29.95|29.99
26,은평구,대조동,정익제이원아파트(15-114),15-114,11380-9933,11380,,1,0015,0114,21,2025-05-19,33000,4,20.89|25.68|26.65|28.53
19,은평구,대조동,제이타워1,4-12,11380-9301,11380,,1,0004,0012,6,2026-02-23,12000,1,12.23
17,은평구,대조동,제이타워3,4-14,11380-9344,11380,,1,0004,0014,8,2026-03-12,12600,3,12.07|12.19|13.17
28,은평구,대조동,제이타워4,9-50,11380-9377,11380,,1,0009,0050,16,2026-04-17,14300,3,12.16|12.2|12.29
29,은평구,대조동,주주베B,9-31,11380-9660,11380,,1,0009,0031,15,2026-03-30,18200,3,13.35|14.89|28.24
104,은평구,대조동,주주베에이,9-14,11380-9641,11380,,1,0009,0014,33,2026-04-11,16000,7,12.25|12.4|12.77|12.9|13.56|21.54|21.64
40,은평구,대조동,해오름시티,9-40,11380-9203,11380,,1,0009,0040,10,2025-07-18,15000,2,19.34|19.98
29,은평구,대조동,호림리슈리안,172-75,11380-10851,11380,10600,1,0172,0075,30,2026-04-28,54500,2,56.83|59.9
19,은평구,대조동,효원,88-69,11380-148,11380,,1,0088,0069,4,2019-03-30,51000,3,39.31|82.66|82.95
24,은평구,불광동,갤럭시타운,281-81,11380-9400,11380,,1,0281,0081,8,2025-11-03,43000,1,44.85
22,은평구,불광동,경인에버빌(285-18),285-18,11380-10881,11380,,1,0285,0018,4,2022-10-01,30000,3,27.96|28.18|29.47
11,은평구,불광동,그린라이프,230-2,11380-376,11380,,1,0230,0002,2,2025-10-16,59000,1,84.91
69,은평구,불광동,극동메트로타워,311-13,11380-12,11380,,1,0311,0013,14,2025-10-02,103000,6,83.72|94.96|97.29|104.49|108.36|116.04
20,은평구,불광동,금상아파트,346-3,11380-20,11380,,1,0346,0003,1,2021-03-05,53000,1,84.95
19,은평구,불광동,남양구르미아파트,479-10,11380-7654,11380,,1,0479,0010,3,2025-09-10,38000,2,71.49|84.69
19,은평구,불광동,대광월드,391-68,11380-397,11380,,1,0391,0068,3,2021-10-06,47500,2,45.78|82.83
19,은평구,불광동,대암아파트,230-3,11380-9,11380,,1,0230,0003,7,2025-09-11,72000,5,56.4|65.25|73.45|74.01|75.53
,은평구,불광동,두진아이브(305-22),305-22,11380-8726,11380,,1,0305,0022,2,2020-03-20,34500,1,44.04
22,은평구,불광동,디앤제이하우징(281-89),281-89,11380-11289,11380,,1,0281,0089,17,2026-02-02,30000,6,24.77|24.96|25.23|25.34|25.44|27.96
19,은평구,불광동,명남뉴타운,16-142,11380-138,11380,,1,0016,0142,3,2025-06-23,51000,2,82.88|84.61
66,은평구,불광동,베로니스,486-17,11380-10998,11380,,1,0486,0017,78,2025-04-30,32150,6,17.9|23.71|24.9|26.35|27.97|28.84
42,은평구,불광동,북한산동호스카이,644,11380-9431,11380,,1,0644,0000,11,2025-04-16,57000,3,59.97|59.99|84.99
10,은평구,불광동,삼흥아파트,484-57,11380-22,11380,,1,0484,0057,2,2026-02-20,45000,2,63.85|75.36
19,은평구,불광동,서강아파트,171-59,11380-14,11380,,1,0171,0059,4,2025-09-19,73500,1,202.2
19,은평구,불광동,선우아파트,12-3,11380-19,11380,,1,0012,0003,5,2026-03-03,57700,4,70.82|75.78|75.82|109.88
19,은평구,불광동,송광(484-103),484-103,11380-7746,11380,,1,0484,0103,6,2022-04-29,68000,4,82.34|84.73|84.82|84.86
19,은평구,불광동,쉐라톤,455,11380-15,11380,,1,0455,0000,4,2022-02-10,37500,4,74.86|84.68|84.88|114.71
49,은평구,불광동,신우아파트,241-23,11380-16,11380,,1,0241,0023,20,2026-01-09,64000,4,59.97|84.87|114.72|114.85
10,은평구,불광동,에덴,329-11,11380-291,11380,,1,0329,0011,3,2020-12-09,35000,2,64.02|66.24
19,은평구,불광동,엘지아파트,444-41,11380-21,11380,,1,0444,0041,6,2025-08-02,46000,3,67.89|83.04|88.05
42,은평구,불광동,연신내역트리플라101동,484-63,11380-11209,11380,,1,0484,0063,45,2026-01-27,72000,9,22.67|22.91|23.17|25.43|29.84|36.61|38.97|42.12|43.94
20,은평구,불광동,연신내역트리플라102동,486-13,11380-11215,11380,,1,0486,0013,18,2026-03-04,34800,2,25.99|26
19,은평구,불광동,월드그린,8-51,11380-142,11380,,1,0008,0051,7,2025-09-25,53000,5,52.03|61.65|65.22|83.43|84.69
19,은평구,불광동,윤현(484-90),484-90,11380-17,11380,,1,0484,0090,5,2020-12-12,47500,3,79.45|116.43|117.3
30,은평구,불광동,은혜스카이빌아파트,634,11380-379,11380,,1,0634,0000,14,2026-01-13,66000,5,59.17|60.393|84.335|84.716|96.24
36,은평구,불광동,정익제이원(4차),484-56,11380-10114,11380,,1,0484,0056,26,2024-06-10,38000,4,23.96|24.2|24.39|27.92
27,은평구,불광동,정익제이원5차,486-14,11380-10230,11380,,1,0486,0014,14,2022-11-18,29200,3,16.07|20.54|22.14
27,은평구,불광동,제이타워,484-60,11380-9413,11380,,1,0484,0060,19,2024-11-27,12700,3,12.99|13.36|15.05
12,은평구,불광동,청나아파트,330-14,11380-141,11380,,1,0330,0014,2,2020-12-11,36000,2,67.55|84.05
19,은평구,불광동,청송,30,11380-396,11380,,1,0030,0000,5,2023-07-10,49000,5,100.02|101.75|103.22|154.15|158.14
19,은평구,불광동,태양아파트,16-61,11380-184,11380,,1,0016,0061,8,2025-06-26,59000,3,83.44|84.64|84.77
14,은평구,불광동,해피플러스1,483-11,11380-378,11380,,1,0483,0011,3,2019-12-14,38000,2,40.41|81.51
33,은평구,불광동,효민아크로뷰,484-73,11380-11186,11380,,1,0484,0073,31,2025-07-04,39500,2,15.09|27.02
,은평구,수색동,동하아트빌,358-11,11380-104,11380,,1,0358,0011,3,2020-01-13,51180,2,49.18|70.87
,은평구,수색동,밀레니엄삼우,148-2,11380-177,11380,,1,0148,0002,1,2018-06-25,60400,1,114.3
,은평구,수색동,상아,356-3,11380-390,11380,,1,0356,0003,2,2019-05-15,45000,2,79.39|79.95
66,은평구,수색동,"수정가,나동",17-9,11380-101,11380,,1,0017,0009,21,2025-11-07,90000,3,42.21|63.18|65.34
,은평구,수색동,제일아파트가동(345-4),345-4,11380-7826,11380,,1,0345,0004,3,2019-11-14,58589,2,79.84|90.06
,은평구,수색동,제일아파트나동(345-5),345-5,11380-7827,11380,,1,0345,0005,5,2019-12-24,57400,4,58.65|64.84|69.75|77.3
8,은평구,신사동,(23-42),23-42,11380-407,11380,,1,0023,0042,1,2020-07-01,25000,1,50.91
18,은평구,신사동,개성하이뷰,7-11,11380-8516,11380,,1,0007,0011,10,2026-04-09,48000,2,80.5|80.53
28,은평구,신사동,거성리젠시,21-14,11380-11377,11380,,1,0021,0014,24,2025-02-07,50550,6,31.99|45.66|45.74|46.48|46.56|51.39
19,은평구,신사동,경남,348-11,11380-64,11380,,1,0348,0011,6,2021-08-31,64500,2,84.98|216.14
27,은평구,신사동,구암,366,11380-235,11380,,1,0366,0000,9,2025-08-28,75000,3,71.41|88.81|110.52
49,은평구,신사동,굿모닝기룡(369-0),369,11380-7675,11380,,1,0369,0000,14,2024-04-24,58000,1,83.53
14,은평구,신사동,뉴서울(277-19),277-19,11380-122,11380,,1,0277,0019,4,2026-04-21,44000,2,64.64|77.05
18,은평구,신사동,뉴서울(277-2),277-2,11380-121,11380,,1,0277,0002,9,2025-12-29,45000,4,60.88|60.94|61.12|73.87
19,은평구,신사동,뉴월드,338-7,11380-272,11380,,1,0338,0007,4,2021-04-25,64000,3,66.84|75.39|84.9
12,은평구,신사동,다원그린,39-11,11380-229,11380,,1,0039,0011,2,2024-09-19,58500,1,81.16
12,은평구,신사동,대광,21-8,11380-7764,11380,,1,0021,0008,3,2020-02-15,41800,2,71.74|78.21
17,은평구,신사동,대운,1-136,11380-256,11380,,1,0001,0136,2,2026-03-19,33800,1,79.5
19,은평구,신사동,덕산,263-2,11380-234,11380,,1,0263,0002,2,2020-08-09,50000,2,83.99|137.5
12,은평구,신사동,린든빌(29-26),29-26,11380-7928,11380,,1,0029,0026,1,2023-03-28,33400,1,59.31
10,은평구,신사동,명남(200-16),200-16,11380-231,11380,,1,0200,0016,4,2024-04-03,35000,3,76.16|80.38|80.78
10,은평구,신사동,명남(23-45),23-45,11380-80,11380,,1,0023,0045,2,2024-11-26,48700,1,74.79
40,은평구,신사동,명남더블레스(19-162),19-162,11380-10906,11380,,1,0019,0162,44,2026-03-13,52000,3,52.29|54.25|54.41
12,은평구,신사동,명남더블레스(39-19),39-19,11380-117,11380,,1,0039,0019,2,2024-09-21,48000,2,80.1|83.65
19,은평구,신사동,명남더블레스(39-4),39-4,11380-228,11380,,1,0039,0004,2,2020-07-10,41000,1,83.21
10,은평구,신사동,명진(200-115),200-115,11380-232,11380,,1,0200,0115,6,2025-06-12,37700,4,42.93|75.23|84.24|84.95
19,은평구,신사동,명진(348-7),348-7,11380-153,11380,,1,0348,0007,4,2026-03-26,64500,3,81.96|84.51|114.53
12,은평구,신사동,모델리안1,39-21,11380-264,11380,,1,0039,0021,1,2018-09-10,34000,1,76.11
28,은평구,신사동,미래하임(아파트),229-24,11380-9946,11380,,1,0229,0024,14,2025-11-17,50000,4,44.49|44.64|44.96|56.62
37,은평구,신사동,벨로스아파트,241-2,11380-10996,11380,,1,0241,0002,20,2024-03-02,58200,2,66.51|78.37
19,은평구,신사동,새한,34-6,11380-262,11380,,1,0034,0006,5,2021-04-24,60000,4,75.455|82.6|82.95|83.59
14,은평구,신사동,선정(348-12),348-12,11380-119,11380,,1,0348,0012,2,2020-04-19,60000,2,112.79|115.44
18,은평구,신사동,선정(35-2),35-2,11380-7744,11380,,1,0035,0002,4,2024-09-23,59500,1,73.43
16,은평구,신사동,성현,200-28,11380-81,11380,,1,0200,0028,6,2022-12-21,30500,4,48.78|62.1|63.18|83.7
44,은평구,신사동,세민하이파크,40-2,11380-10762,11380,,1,0040,0002,17,2025-04-26,51500,3,40.19|40.88|44.94
32,은평구,신사동,승윤노블리안,19-147,11380-10994,11380,,1,0019,0147,24,2026-04-02,49000,2,57.223|57.997
18,은평구,신사동,신사코아,9-24,11380-261,11380,,1,0009,0024,4,2025-03-13,48300,2,110.89|117.05
17,은평구,신사동,신선,26-20,11380-7880,11380,,1,0026,0020,3,2023-07-06,45000,2,65.39|66.13
19,은평구,신사동,신아,6-5,11380-8078,11380,,1,0006,0005,13,2025-07-26,39500,5,53.61|57.06|58.86|66.27|66.33
19,은평구,신사동,신현,337-5,11380-151,11380,,1,0337,0005,3,2024-11-07,75000,2,79.98|99.81
14,은평구,신사동,양지파크,241,11380-9770,11380,,1,0241,0000,8,2022-01-13,41000,5,48.02|59.3|59.92|65.27|65.39
13,은평구,신사동,에코벨리,34-7,11380-152,11380,,1,0034,0007,5,2025-07-04,41000,2,58.92|62.32
10,은평구,신사동,연세,11-22,11380-77,11380,,1,0011,0022,3,2023-05-15,39000,2,75.285|84.098
19,은평구,신사동,예성그린,242,11380-9394,11380,,1,0242,0000,4,2025-11-19,30000,3,59.31|59.36|59.5
19,은평구,신사동,예승,39-12,11380-230,11380,,1,0039,0012,2,2019-12-22,42200,1,84.37
18,은평구,신사동,우공101동,278-1,11380-270,11380,,1,0278,0001,3,2020-12-25,44500,2,83.97|84.27
12,은평구,신사동,우공102동,278-34,11380-271,11380,,1,0278,0034,1,2018-08-10,32900,1,82.16
8,은평구,신사동,유성,23-44,11380-79,11380,,1,0023,0044,2,2025-06-12,26200,1,49.33
19,은평구,신사동,유한베스트빌,11-21,11380-76,11380,,1,0011,0021,7,2023-11-22,46000,2,80.19|84.96
19,은평구,신사동,임탑(12-1)100동,12-1,11380-227,11380,,1,0012,0001,8,2024-11-11,43600,7,84.25|84.44|84.55|84.75|84.84|84.9|84.93
38,은평구,신사동,임탑(364)101동,364,11380-118,11380,,1,0364,0000,12,2022-05-24,37500,6,44.9|45.68|71.47|73.49|73.98|74.21
19,은평구,신사동,정명네스트,38-30,11380-269,11380,,1,0038,0030,2,2025-09-02,45000,2,80.63|82.62
10,은평구,신사동,정은노블스A,23-9,11380-6833,11380,,1,0023,0009,3,2024-03-27,53000,2,77.43|83.66
10,은평구,신사동,정은노블스B,23-53,11380-7636,11380,,1,0023,0053,5,2021-11-24,55000,2,77.43|83.66
35,은평구,신사동,청운,363,11380-154,11380,,1,0363,0000,6,2025-06-18,64000,2,75.9|78.107
38,은평구,신사동,청운제일(362-0),362,11380-266,11380,,1,0362,0000,5,2026-03-17,58500,2,81.92|82.46
11,은평구,신사동,테마빌2,338-2,11380-268,11380,,1,0338,0002,2,2021-01-21,51500,1,71.69
82,은평구,신사동,형진,19-84,11380-74,11380,,1,0019,0084,28,2025-11-10,46000,6,59.54|59.78|63.56|68.54|73.16|92.13
18,은평구,신사동,회림,39-2,11380-155,11380,,1,0039,0002,4,2020-09-03,44750,2,80.3|81.12
29,은평구,역촌동,SM벨리체,2-38,11380-11083,11380,,1,0002,0038,30,2024-06-17,54500,2,55.76|56.59
28,은평구,역촌동,개성팰리스,234,11380-9198,11380,,1,0234,0000,4,2025-02-16,39900,2,58|65.55
18,은평구,역촌동,거성리젠시,44-23,11380-216,11380,,1,0044,0023,4,2022-08-27,49500,3,75.21|78.78|80.4
20,은평구,역촌동,거성리젠시2차,44-6,11380-6293,11380,,1,0044,0006,11,2026-02-10,59800,2,63.82|69.57
18,은평구,역촌동,건우샹그리라,32-35,11380-253,11380,,1,0032,0035,6,2025-09-29,55500,2,82|84.16
21,은평구,역촌동,고도아파트,2-1,11380-11199,11380,,1,0002,0001,5,2026-03-14,58000,3,42.55|50.82|51.44
18,은평구,역촌동,궁전,68-22,11380-405,11380,,1,0068,0022,6,2023-10-27,54700,2,84.81|142.85
10,은평구,역촌동,귀빈,52-26,11380-99,11380,,1,0052,0026,2,2021-02-26,28000,1,75.24
19,은평구,역촌동,뉴캐슬,63-16,11380-150,11380,,1,0063,0016,5,2023-06-27,78500,4,140.4|142.05|147.27|152.94
44,은평구,역촌동,더-위일이노펠리체,85-1,11380-11628,11380,,1,0085,0001,4,2025-05-07,72000,3,53.85|55.29|57.22
,은평구,역촌동,도올탑스텔,43-40,11380-356,11380,,1,0043,0040,1,2022-12-22,28500,1,73.76
18,은평구,역촌동,두성,21-21,11380-214,11380,,1,0021,0021,8,2026-03-27,50000,4,74.83|81.86|83.93|84.63
15,은평구,역촌동,두성아파트,219,11380-226,11380,,1,0219,0000,5,2025-11-07,49000,2,75.6|84.68
19,은평구,역촌동,디딤빌아파트,50-24,11380-219,11380,,1,0050,0024,7,2025-08-10,57000,3,84.32|126|137.91
19,은평구,역촌동,디케이,45-30,11380-149,11380,,1,0045,0030,6,2024-02-27,41800,3,83.33|84.33|84.6
29,은평구,역촌동,라움,2-100,11380-11002,11380,,1,0002,0100,29,2019-08-29,27900,14,36.5|37.49|37.95|38.24|39.59|40.05|40.33|41.99|42.08|43.07|43.66|43.72|44.88|45.23
52,은평구,역촌동,리더스파크,85-41,11380-7762,11380,,1,0085,0041,8,2026-04-01,79000,1,82.45
12,은평구,역촌동,만민라이프,52-15,11380-98,11380,,1,0052,0015,1,2021-02-02,39000,1,84.64
17,은평구,역촌동,만민라이프(A동),59-15,11380-221,11380,,1,0059,0015,5,2022-01-11,49500,1,84.87
17,은평구,역촌동,만민라이프(B동),59-18,11380-222,11380,,1,0059,0018,6,2022-05-28,49000,3,84.23|84.78|84.87
24,은평구,역촌동,만민하늘애2차,42-7,11380-8378,11380,,1,0042,0007,6,2021-11-26,70000,2,83.15|83.99
12,은평구,역촌동,명남뉴,83-26,11380-7630,11380,,1,0083,0026,2,2024-08-08,54500,1,84.51
18,은평구,역촌동,명남뉴(32-3),32-3,11380-125,11380,,1,0032,0003,7,2025-03-23,54500,4,75.16|77.03|78.86|81.21
19,은평구,역촌동,명남뉴아파트,72-4,11380-225,11380,,1,0072,0004,2,2022-04-27,54000,2,84.93|84.94
72,은평구,역촌동,무궁화,62-16,11380-92,11380,,1,0062,0016,20,2026-04-18,22500,7,60.1|61.18|61.97|62.07|63.43|64.32|64.34
38,은평구,역촌동,미랜드,39-1,11380-7799,11380,,1,0039,0001,15,2025-10-13,76000,4,71.54|79.16|84.94|84.98
19,은평구,역촌동,부호(101동),58-4,11380-220,11380,10800,1,0058,0004,5,2026-04-27,60000,2,79.77|156.83
19,은평구,역촌동,부호(102동),58-9,11380-10743,11380,,1,0058,0009,7,2020-12-14,64500,2,84.64|117
19,은평구,역촌동,부호(103동),58-41,11380-10744,11380,,1,0058,0041,5,2024-11-11,52000,2,84.69|84.72
19,은평구,역촌동,서안,32-37,11380-145,11380,,1,0032,0037,12,2026-03-30,56500,3,84.3|84.48|84.6
73,은평구,역촌동,센타폴리스,85-12,11380-255,11380,,1,0085,0012,17,2025-12-30,112500,4,84.83|84.97|106.38|136.83
10,은평구,역촌동,소망,63-2,11380-223,11380,,1,0063,0002,6,2026-02-19,40300,3,43.17|94.8|96.32
13,은평구,역촌동,솔빛,47-31,11380-275,11380,,1,0047,0031,3,2024-09-12,46000,2,82.5|84.88
12,은평구,역촌동,신아굿모닝,58-33,11380-8501,11380,,1,0058,0033,9,2020-11-17,34500,2,70.68|73.5
9,은평구,역촌동,신아굿모닝(40-55),40-55,11380-7749,11380,,1,0040,0055,3,2024-06-12,43500,2,60.98|66.54
18,은평구,역촌동,신아굿모닝(64-15),64-15,11380-276,11380,,1,0064,0015,5,2024-07-20,34700,3,56.08|76.22|80.42
19,은평구,역촌동,아이언,17-51,11380-213,11380,,1,0017,0051,4,2023-11-08,57700,4,74.805|84.63|84.72|84.93
12,은평구,역촌동,에버그린,32-42,11380-116,11380,,1,0032,0042,3,2026-03-25,47800,2,70.58|84.9
16,은평구,역촌동,엔에스,46-29,11380-217,11380,,1,0046,0029,10,2022-08-29,40500,3,56.54|73.34|83.21
10,은평구,역촌동,역산미르빌,37-53,11380-215,11380,,1,0037,0053,2,2022-05-12,39000,2,74.04|81.17
16,은평구,역촌동,역촌빌라트,49-12,11380-218,11380,,1,0049,0012,2,2023-02-14,23500,1,51.75
19,은평구,역촌동,역촌월드,19-3,11380-143,11380,,1,0019,0003,8,2025-07-09,43000,6,43.22|57.69|65.01|69.56|73.59|73.79
13,은평구,역촌동,연리지,36-37,11380-387,11380,,1,0036,0037,8,2025-03-18,60000,3,77.46|92.58|99.6
17,은평구,역촌동,예승,50-45,11380-97,11380,,1,0050,0045,4,2021-09-02,35500,3,26.75|78.6|84.9
18,은평구,역촌동,예청,36-14,11380-274,11380,,1,0036,0014,5,2025-08-30,54500,3,84.85|84.87|84.92
10,은평구,역촌동,월드,57-39,11380-146,11380,,1,0057,0039,2,2025-06-16,25000,1,47.41
39,은평구,역촌동,위산엘리시움,17-17,11380-10900,11380,,1,0017,0017,39,2025-12-23,63000,11,37.42|38.45|38.69|39.26|40.86|41.79|47.17|52.49|54.71|55.61|59.71
32,은평구,역촌동,위산엘리시움,17-28,11380-9996,11380,,1,0017,0028,9,2025-06-02,53800,3,54.48|56.5|56.99
12,은평구,역촌동,진주하이츠(10-89),10-89,11380-96,11380,,1,0010,0089,2,2022-06-30,53500,1,84.58
12,은평구,역촌동,진주하이츠2차,10-83,11380-158,11380,,1,0010,0083,3,2021-05-13,44900,1,83.32
9,은평구,역촌동,청우참조은,43-55,11380-404,11380,,1,0043,0055,8,2025-10-15,26500,1,50.31
16,은평구,역촌동,청운퀸즈,83-67,11380-93,11380,,1,0083,0067,7,2025-06-23,52000,2,75.665|76.705
12,은평구,역촌동,코아,79-50,11380-114,11380,,1,0079,0050,6,2020-11-07,38800,3,74.47|80.35|82.4
9,은평구,역촌동,태경맨션,81-17,11380-406,11380,,1,0081,0017,3,2025-02-22,35150,1,77.13
12,은평구,역촌동,푸른솔,19-4,11380-8055,11380,,1,0019,0004,5,2025-12-15,39000,3,71.64|71.82|76.92
19,은평구,역촌동,프라우드아파트,9-54,11380-212,11380,,1,0009,0054,3,2025-02-03,53000,2,84.19|84.87
39,은평구,역촌동,하늘애,43-4,11380-7854,11380,,1,0043,0004,15,2026-02-21,81000,2,84.84|84.96
75,은평구,역촌동,한국리치빌,231,11380-115,11380,,1,0231,0000,22,2025-11-18,74700,4,79.8216|84.2164|84.8408|84.9816
19,은평구,역촌동,한명딩크,24-25,11380-144,11380,,1,0024,0025,4,2021-10-02,44000,4,78.36|80.08|80.34|84.97
18,은평구,역촌동,현대타운,71-1,11380-94,11380,,1,0071,0001,3,2025-03-19,58500,3,140.92|162.98|164.33
12,은평구,역촌동,혜승밸라지오,8-24,11380-7618,11380,,1,0008,0024,2,2020-07-18,38300,2,84.11|84.94
32,은평구,응암동,거장메카(116-22),116-22,11380-11238,11380,,1,0116,0022,19,2025-08-14,45800,2,24.77|29.75
26,은평구,응암동,경원파발리안,93-8,11380-8440,11380,,1,0093,0008,11,2025-06-07,55000,4,67.78|69.26|70.36|70.37
10,은평구,응암동,길훈,122-30,11380-201,11380,,1,0122,0030,1,2021-01-11,43500,1,64.51
5,은평구,응암동,남광쉐르빌,88-16,11380-7853,11380,,1,0088,0016,5,2022-01-04,39000,2,62.92|80.98
86,은평구,응암동,남청파인힐,742-3,11380-54,11380,,1,0742,0003,25,2025-09-26,45700,2,55.14|60.9
19,은평구,응암동,뉴월드(240-63),240-63,11380-7661,11380,,1,0240,0063,2,2025-03-29,43000,2,79.9|81.34
15,은평구,응암동,뉴월드(402-112),402-112,11380-7608,11380,,1,0402,0112,5,2022-09-19,36800,4,26.68|67.98|75.84|79.35
17,은평구,응암동,뉴월드(402-120),402-120,11380-7609,11380,,1,0402,0120,2,2026-01-05,42500,2,79.62|84.43
17,은평구,응암동,뉴월드(402-42),402-42,11380-7664,11380,,1,0402,0042,5,2026-04-08,45000,3,45.73|79.88|79.92
18,은평구,응암동,뉴월드(403-32),403-32,11380-7611,11380,,1,0403,0032,5,2025-08-19,45000,2,79.68|81.45
6,은평구,응암동,다원,122-7,11380-7823,11380,,1,0122,0007,2,2025-04-28,59000,1,84.86
18,은평구,응암동,다원(107-4),107-4,11380-9057,11380,,1,0107,0004,8,2025-11-12,46000,1,57.23
22,은평구,응암동,대운브랜뉴,118-12,11380-7987,11380,,1,0118,0012,10,2021-04-29,49500,6,40.96|70.5|73.5|83.19|84.03|84.99
44,은평구,응암동,더위일,81-173,11380-10656,11380,,1,0081,0173,25,2026-01-10,63500,3,50.64|58.77|58.88
33,은평구,응암동,드림캐시아1,116-26,11380-8907,11380,,1,0116,0026,9,2025-05-17,50000,1,59.38
27,은평구,응암동,드림캐시아2,109-22,11380-8870,11380,,1,0109,0022,7,2025-01-15,68500,1,84.96
29,은평구,응암동,디우아르떼,590-23,11380-10932,11380,10700,1,0590,0023,12,2026-04-18,65000,4,34.41|39.44|42.69|54.47
33,은평구,응암동,마이유,119-29,11380-8485,11380,,1,0119,0029,6,2021-07-05,69500,1,84.43
44,은평구,응암동,메트로럭스,110-9,11380-7983,11380,,1,0110,0009,10,2025-03-17,88000,3,84.6|148.08|187.2
6,은평구,응암동,명남(122-10),122-10,11380-197,11380,,1,0122,0010,1,2026-03-02,66000,1,84.92
66,은평구,응암동,명남더블레스,577-16,11380-9284,11380,,1,0577,0016,14,2026-01-29,53000,1,51.28
52,은평구,응암동,명남더블레스,93-6,11380-8458,11380,,1,0093,0006,16,2026-03-01,66500,2,77.67|84.96
14,은평구,응암동,명남래희안(122-4),122-4,11380-196,11380,,1,0122,0004,7,2025-06-20,45000,2,67.24|67.36
28,은평구,응암동,명남스카이뷰,590-10,11380-11608,11380,,1,0590,0010,28,2026-02-04,59900,4,51.39|57.07|57.13|58.2
19,은평구,응암동,명진,360-15,11380-208,11380,10700,1,0360,0015,4,2026-04-07,55000,3,84.03|90.52|100.14
19,은평구,응암동,모아(365-35),365-35,11380-7708,11380,,1,0365,0035,3,2024-11-09,64000,2,64.92|82.41
46,은평구,응암동,모아아파트,763,11380-10357,11380,,1,0763,0000,21,2026-03-22,55000,3,45.02|52.54|57.7
29,은평구,응암동,미소세상,117-35,11380-10515,11380,,1,0117,0035,24,2026-03-28,52000,3,29.99|59.96|74.47
18,은평구,응암동,밝은문,427-113,11380-9710,11380,,1,0427,0113,10,2025-11-08,42500,2,43.82|45.5
36,은평구,응암동,벧엘블레스빌,119-16,11380-7818,11380,,1,0119,0016,19,2024-11-04,70000,1,84.9
6,은평구,응암동,삼성맨션,120-50,11380-8269,11380,,1,0120,0050,1,2018-06-01,41500,1,82.38
18,은평구,응암동,삼영N-CITY,96-19,11380-9854,11380,,1,0096,0019,8,2025-03-25,36500,1,45.91
12,은평구,응암동,삼영노블레스,76-2,11380-8656,11380,,1,0076,0002,6,2023-10-21,60000,1,67.99
52,은평구,응암동,삼흥리치,117-54,11380-10431,11380,,1,0117,0054,28,2026-02-08,55000,2,56.43|59.26
17,은평구,응암동,상아,113-27,11380-55,11380,,1,0113,0027,5,2024-09-24,45000,1,73.67
56,은평구,응암동,서강스카이빌3(116-24),116-24,11380-7735,11380,,1,0116,0024,16,2026-01-26,77500,2,84.91|84.98
18,은평구,응암동,서안에이스,97-3,11380-386,11380,,1,0097,0003,9,2025-03-29,45500,3,84.7|84.84|108.73
12,은평구,응암동,세종레디안,581-3,11380-209,11380,,1,0581,0003,3,2023-08-02,53000,1,77.63
12,은평구,응암동,신진뉴캐슬,115-4,11380-403,11380,,1,0115,0004,6,2026-02-04,48000,3,83.8|84.35|87.76
6,은평구,응암동,신현대,112-26,11380-344,11380,,1,0112,0026,1,2021-11-10,60000,1,84.44
104,은평구,응암동,아르지움주상복합,577-7,11380-11618,11380,,1,0577,0007,43,2025-11-26,66900,5,49.76|50.42|56.02|56.03|56.06
5,은평구,응암동,에버그린,118-68,11380-394,11380,,1,0118,0068,2,2024-04-06,39000,1,83.37
19,은평구,응암동,엘엔씨레반트,96-41,11380-162,11380,,1,0096,0041,1,2021-08-28,23300,1,44.38
19,은평구,응암동,역산아이지아,89-12,11380-385,11380,,1,0089,0012,5,2026-03-26,55500,2,70.11|79.89
12,은평구,응암동,예승,113-2,11380-112,11380,,1,0113,0002,1,2021-02-07,53000,1,82.41
10,은평구,응암동,예청A,122-13,11380-199,11380,,1,0122,0013,4,2024-01-15,34000,1,48.28
10,은평구,응암동,예청B,122-12,11380-198,11380,,1,0122,0012,2,2026-04-10,48000,2,77.91|80.99
12,은평구,응암동,우리스페이스(113-28),113-28,11380-190,11380,,1,0113,0028,6,2023-07-08,66000,1,79.45
6,은평구,응암동,월드빌(120-10),120-10,11380-195,11380,,1,0120,0010,2,2022-01-13,37500,2,59.76|63.36
6,은평구,응암동,월드빌(120-5),120-5,11380-192,11380,,1,0120,0005,1,2020-02-16,36000,1,90.72
6,은평구,응암동,월드빌(120-6),120-6,11380-193,11380,,1,0120,0006,1,2021-04-16,29000,1,63.39
6,은평구,응암동,월드빌(120-9),120-9,11380-194,11380,,1,0120,0009,1,2024-07-17,39000,1,60.11
99,은평구,응암동,위산일리온시티,110-1,11380-11101,11380,,1,0110,0001,30,2026-04-17,36500,6,18.43|19.28|19.42|25.04|26.9|28.75
16,은평구,응암동,유성아이비,92-7,11380-8868,11380,,1,0092,0007,5,2025-12-01,45000,2,45.6|47.64
20,은평구,응암동,유성아이비아파트,590-15,11380-10359,11380,,1,0590,0015,7,2024-05-29,39000,3,42.61|42.7|58.01
125,은평구,응암동,응암아네스트,88-8,11380-9791,11380,,1,0088,0008,44,2026-04-21,15250,7,13.5298|13.5346|13.6244|13.6793|14.3925|15.2826|15.4961
36,은평구,응암동,응암하이포롬,117-22,11380-156,11380,,1,0117,0022,17,2026-03-06,64000,4,40.4|57.27|78.73|84.99
5,은평구,응암동,재연,122-26,11380-200,11380,,1,0122,0026,2,2025-06-28,41000,2,46.97|64.66
39,은평구,응암동,조이팰리스(90-23),90-23,11380-188,11380,,1,0090,0023,19,2026-03-23,52000,3,67.4|75.07|84.32
25,은평구,응암동,진흥펠리체,104-25,11380-9884,11380,,1,0104,0025,16,2025-05-09,54000,3,53.57|57.89|58.77
13,은평구,응암동,청록,227-22,11380-59,11380,,1,0227,0022,7,2026-01-30,38000,3,70.08|70.86|75.89
14,은평구,응암동,청송아파트,4-40,11380-338,11380,,1,0004,0040,2,2020-04-29,39000,2,56.32|84.62
19,은평구,응암동,청안파인,368-6,11380-9201,11380,,1,0368,0006,8,2026-03-31,23000,3,30.34|30.83|32.24
37,은평구,응암동,펠리시티,117-24,11380-11333,11380,,1,0117,0024,21,2026-03-25,67000,4,50.41|54.92|55.68|55.69
18,은평구,응암동,푸른숲,236-7,11380-8827,11380,,1,0236,0007,7,2025-12-06,37000,4,61.71|65.25|66.18|74.46
52,은평구,응암동,프라임팰리스,111-48,11380-113,11380,,1,0111,0048,20,2025-08-04,51800,1,71.16
86,은평구,응암동,해태드림타운,738,11380-60,11380,,1,0738,0000,19,2025-06-27,58300,5,54.6|59.18|59.64|59.88|84.84
17,은평구,증산동,네르비,161-8,11380-163,11380,,1,0161,0008,4,2026-02-21,90000,4,55.95|72.2|81.19|81.5
18,은평구,증산동,두성,185-19,11380-169,11380,,1,0185,0019,6,2025-08-26,55000,3,61.41|73.64|81.14
112,은평구,증산동,디오반,173-1,11380-9047,11380,,1,0173,0001,67,2026-02-10,16000,1,14.46
12,은평구,증산동,럭스빌(101동),174-5,11380-167,11380,,1,0174,0005,5,2025-08-21,59700,2,69.12|82.58
12,은평구,증산동,럭스빌(102동),174-3,11380-166,11380,,1,0174,0003,2,2026-01-18,56000,1,62.47
19,은평구,증산동,명남태봉,202-7,11380-91,11380,,1,0202,0007,4,2020-05-13,64000,1,84.89
19,은평구,증산동,목화,164-5,11380-83,11380,,1,0164,0005,4,2021-11-05,68000,1,84.93
18,은평구,증산동,문영마운틴(167-1),167-1,11380-251,11380,,1,0167,0001,4,2019-11-27,57500,1,84.69
18,은평구,증산동,문영마운틴(167-2),167-2,11380-252,11380,,1,0167,0002,1,2018-09-19,55500,1,84.69
34,은평구,증산동,미그린,256,11380-7930,11380,,1,0256,0000,6,2021-08-07,83000,1,84.898
56,은평구,증산동,베로니스,257,11380-10925,11380,,1,0257,0000,69,2025-12-20,74000,5,53.38|54.25|54.84|58.76|59.45
16,은평구,증산동,삼성베스트빌,174-8,11380-8243,11380,,1,0174,0008,2,2020-06-04,42500,2,74.405|82.035
18,은평구,증산동,선정(177),177-20,11380-168,11380,,1,0177,0020,2,2020-02-17,50500,2,84.78|96.54
40,은평구,증산동,선정(178),251,11380-90,11380,,1,0251,0000,7,2026-02-12,75000,1,84.7472
12,은평구,증산동,월드메르시안(179-8),179-8,11380-242,11380,,1,0179,0008,3,2021-02-04,36500,2,73.52|74.88
18,은평구,증산동,월드메르시안(179-9),179-9,11380-243,11380,,1,0179,0009,4,2024-06-28,61750,3,79.77|79.94|80.33
47,은평구,증산동,인우,252,11380-106,11380,11000,1,0252,0000,12,2026-04-27,73500,3,70.93|84.65|92.32
10,은평구,증산동,자산메르시안(164-31),164-31,11380-239,11380,,1,0164,0031,5,2024-06-07,56000,2,77.12|99.55
31,은평구,증산동,자선메르시안(101),253,11380-171,11380,,1,0253,0000,11,2025-07-30,59000,4,63.4|72.68|73.01|73.02
12,은평구,증산동,자선메르시안(102),174-14,11380-164,11380,,1,0174,0014,1,2019-12-18,44800,1,72.82
12,은평구,증산동,자선메르시안(103),174-2,11380-165,11380,,1,0174,0002,7,2025-09-06,52200,5,57.71|63.98|66.7|77.8|82.74
18,은평구,증산동,자선메르시안(162-18),162-18,11380-236,11380,,1,0162,0018,12,2024-10-05,76000,6,62.7|62.8|71.11|71.82|74.29|74.38
17,은평구,증산동,자선메르시안(162-20),162-20,11380-237,11380,,1,0162,0020,6,2024-06-12,78000,2,90.69|109.16
19,은평구,증산동,자선메르시안(162-21),162-21,11380-87,11380,,1,0162,0021,8,2025-12-26,84200,5,66.35|76.66|84.36|84.4|84.46
10,은평구,증산동,자선메르시안(164-17),164-17,11380-238,11380,,1,0164,0017,4,2024-04-15,46800,3,45.66|87.62|90.32
18,은평구,증산동,자선메르시안(193),193-1,11380-170,11380,,1,0193,0001,5,2024-06-04,61500,4,44.31|73.19|83.21|83.31
19,은평구,증산동,청록,169-3,11380-240,11380,,1,0169,0003,2,2025-02-16,55000,1,84.9
18,은평구,증산동,청운,178-8,11380-241,11380,,1,0178,0008,2,2022-04-12,55000,1,70.12
19,은평구,증산동,칠산(185-2),185-2,11380-388,11380,,1,0185,0002,5,2020-10-17,57500,1,112.05
40,은평구,증산동,태광,249,11380-89,11380,,1,0249,0000,4,2020-07-16,61000,3,73.717|84.715|84.742
99,은평구,진관동,힐데스하임,64,11380-10517,11380,,1,0064,0000,51,2026-01-08,60000,4,39.3|40.63|42.24|46.77
54,종로구,견지동,대성스카이렉스,110,11110-2223,11110,,1,0110,0000,21,2021-09-08,127000,4,116.03|137.55|149.72|149.8
48,종로구,교북동,동아,101,11110-51,11110,,1,0101,0000,18,2026-02-28,95000,3,59.98|84.28|99.29
17,종로구,구기동,렉스팰리스,95-1,11110-2071,11110,,1,0095,0001,1,2019-04-05,65500,1,140.56
28,종로구,구기동,마운틴뷰,125-5,11110-2502,11110,,1,0125,0005,11,2026-01-07,59000,9,56.77|59.38|62.75|64.39|66.13|73.39|74.82|74.87|76.66
10,종로구,구기동,포시즌,95-15,11110-219,11110,,1,0095,0015,1,2024-04-24,54500,1,98.26
60,종로구,내수동,세종로대우,167,11110-14,11110,,1,0167,0000,10,2025-10-16,135000,3,66.96|100.44|109.91
18,종로구,내수동,킹스매너,110-15,11110-118,11110,,1,0110,0015,10,2025-03-14,175000,5,189.51|194.43|201.82|209.56|218.86
8,종로구,누상동,청호그린빌,40,11110-210,11110,,1,0040,0000,2,2022-12-19,19000,2,26.64|29.76
48,종로구,당주동,롯데미도파광화문빌딩,145,11110-12,11110,11700,1,0145,0000,12,2026-04-23,93000,5,65.79|65.82|93.36|149.92|149.95
72,종로구,당주동,세종,100,11110-13,11110,,1,0100,0000,10,2025-12-13,117000,7,91.46|91.68|102.64|102.89|104.5|104.73|105.06
19,종로구,동숭동,동성아파트(1동),4-161,11110-124,11110,,1,0004,0161,6,2025-06-19,35000,2,49.56|57.96
18,종로구,동숭동,동성아파트(2동),4-157,11110-123,11110,,1,0004,0157,1,2023-03-03,41000,1,59.34
55,종로구,명륜1가,건양하늘터,23,11110-2128,11110,,1,0023,0000,6,2026-01-30,84000,3,82.63|84.78|84.9
19,종로구,명륜1가,렉스빌,19,11110-973,11110,,1,0019,0000,5,2024-05-08,120000,4,80.5|107.94|115.79|135.79
19,종로구,명륜1가,리치캐슬아파트,33-85,11110-128,11110,,1,0033,0085,7,2025-10-15,65000,6,64.68|71.31|75.6|80.37|83.22|84.33
9,종로구,명륜1가,방산아파트,5-89,11110-212,11110,,1,0005,0089,4,2025-10-02,19500,2,32.53|57.1
18,종로구,명륜1가,송림아마레스아파트,2-12,11110-127,11110,,1,0002,0012,11,2024-01-26,69000,5,34.7|53.42|75.62|84.62|84.81
14,종로구,명륜1가,아미레스아파트,45-5,11110-24,11110,,1,0045,0005,1,2019-02-16,59500,1,84.59
8,종로구,명륜3가,(1-102),1-102,11110-215,11110,,1,0001,0102,4,2019-05-10,8800,2,26.64|33.33
19,종로구,명륜3가,한빛,1-30,11110-27,11110,,1,0001,0030,6,2020-08-05,39000,2,59.73|59.84
16,종로구,무악동,무악다온채,66-1,11110-2301,11110,,1,0066,0001,5,2024-04-09,57000,3,33.76|64.12|84.82
12,종로구,부암동,별빛고운,235-2,11110-2132,11110,,1,0235,0002,2,2025-06-12,69000,1,100.69
15,종로구,부암동,부암스카이뷰,218-1,11110-150,11110,,1,0218,0001,8,2024-11-03,59500,3,76.65|81|81.08
9,종로구,부암동,프라임캐슬(케이빌라트),265-10,11110-151,11110,,1,0265,0010,2,2024-08-21,58500,1,88.89
657,종로구,사직동,광화문스페이스본(101동~105동),9,11110-2203,11110,,1,0009,0000,196,2026-04-15,250000,21,70.8|86.85|91.35|94.28|94.51|95.88|97.61|107.91|108.07|108.55|121.37|126.34|131.44|136.4|145.53|146.92|147.31|151.81|158.99|159.01
87,종로구,사직동,광화문스페이스본(106동),9-1,11110-2204,11110,,1,0009,0001,33,2025-12-20,210000,4,144.52|150.4|153.42|163.33
13,종로구,사직동,사직아파트,1-8,11110-2109,11110,,1,0001,0008,2,2023-06-12,84000,2,103.31|116.23
17,종로구,숭인동,도시그린빌라,181-121,11110-44,11110,,1,0181,0121,8,2024-11-01,37800,3,44.4|57.45|58.79
13,종로구,숭인동,동문(482-0),482,11110-132,11110,,1,0482,0000,1,2021-02-27,36000,1,60
32,종로구,숭인동,"동문(비동,씨동)(494-0)",494,11110-45,11110,,1,0494,0000,5,2024-02-24,51500,1,59.94
10,종로구,숭인동,동문A,545,11110-208,11110,,1,0545,0000,1,2021-03-23,31000,1,59
12,종로구,숭인동,동문타운,181-105,11110-46,11110,,1,0181,0105,3,2022-01-15,54000,1,59.56
20,종로구,숭인동,버넷하임1,1421,11110-2336,11110,,1,1421,0000,11,2026-04-14,13500,2,17.93|17.96
20,종로구,숭인동,블루빌,243,11110-2450,11110,,1,0243,0000,5,2026-04-11,29000,3,42.25|42.94|44.56
112,종로구,숭인동,삼전솔하임2차,296-19,11110-2322,11110,,1,0296,0019,56,2026-02-02,15100,3,14.69|15|16.67
80,종로구,숭인동,삼전솔하임4차,318-2,11110-2368,11110,,1,0318,0002,41,2026-03-06,16400,2,15.09|15.93
14,종로구,숭인동,숭인모범102동,569-5,11110-138,11110,,1,0569,0005,1,2021-05-21,36000,1,59.74
12,종로구,숭인동,숭인모범103동,569-4,11110-137,11110,,1,0569,0004,1,2018-05-11,26000,1,59.74
14,종로구,숭인동,숭인모범105동,569-3,11110-136,11110,,1,0569,0003,2,2020-02-22,29500,1,59.74
68,종로구,숭인동,숭인한양LEEPS,1421-2,11110-2366,11110,,1,1421,0002,19,2026-04-07,12400,1,12.78
99,종로구,숭인동,에비뉴청계Ⅰ,1419-2,11110-2708,11110,,1,1419,0002,3,2024-06-11,33280,3,16.01|18.41|24.52
10,종로구,숭인동,오성,888,11110-49,11110,,1,0888,0000,8,2023-10-14,30000,2,56.66|56.96
60,종로구,숭인동,익성씨티하임,1392,11110-2348,11110,,1,1392,0000,27,2026-02-24,13000,3,14.48|15.42|15.76
42,종로구,숭인동,종로아인스빌,1392-1,11110-2344,11110,,1,1392,0001,13,2025-08-22,13100,1,12.15
74,종로구,숭인동,종로유케이201,201-11,11110-2334,11110,,1,0201,0011,22,2026-02-04,11000,3,12.01|12.08|12.09
144,종로구,숭인동,종로중흥S클래스,202-3,11110-2339,11110,,1,0202,0003,73,2026-04-15,13950,2,17.811|19.466
6,종로구,숭인동,주숭보아파트,535,11110-133,11110,,1,0535,0000,2,2022-01-24,44750,1,59.9
11,종로구,숭인동,탑스빌,178-76,11110-105,11110,,1,0178,0076,2,2026-02-09,49000,2,55.04|82.94
12,종로구,숭인동,하림빌라트,473,11110-131,11110,,1,0473,0000,4,2025-12-02,34500,1,47.63
18,종로구,숭인동,할리우드파크아파트,56-135,11110-2364,11110,,1,0056,0135,18,2021-11-19,61000,5,68.77|69.94|73.9|74.8|75.25
10,종로구,신교동,신현(101동),6-13,11110-7,11110,,1,0006,0013,2,2021-08-16,80000,1,84.82
10,종로구,신교동,신현(102동),6-11,11110-112,11110,,1,0006,0011,3,2026-03-03,102000,3,84.82|121.96|134.66
24,종로구,신문로1가,신문로맨션,238,11110-15,11110,,1,0238,0000,7,2024-10-26,88000,3,81.28|91.53|98.31
58,종로구,신문로2가,디팰리스,171,11110-2539,11110,,1,0171,0000,15,2026-03-26,740000,4,118.749|148.111|158.324|182.058
18,종로구,신영동,구암하이빌,105-22,11110-89,11110,,1,0105,0022,7,2026-03-23,47000,4,58.35|74.45|75.89|84.94
67,종로구,신영동,대아파크빌,254,11110-86,11110,,1,0254,0000,15,2025-04-14,65500,2,59.22|84.84
12,종로구,연건동,(60-1),60-1,11110-122,11110,,1,0060,0001,2,2022-05-28,48500,1,59.63
120,종로구,연건동,이화에수풀,195-10,11110-2359,11110,,1,0195,0010,56,2025-11-14,24000,2,16.98|19.86
27,종로구,연지동,아르젠종로,163-3,11110-2411,11110,,1,0163,0003,5,2025-06-19,38000,3,14.21|18.02|47.24
,종로구,연지동,하이텍하우스,36-1,11110-2290,11110,,1,0036,0001,49,2020-10-18,56588,8,15.79|16.17|17.9|21|21.37|25.1|31.68|114.05
9,종로구,옥인동,세종아파트,56,11110-2082,11110,,1,0056,0000,4,2025-09-22,155000,4,111.31|115.92|118.49|182.84
19,종로구,이화동,송림아마레스아파트,9-1,11110-121,11110,,1,0009,0001,5,2022-07-19,47500,2,84.13|84.42
64,종로구,익선동,운현신화타워,30-6,11110-16,11110,,1,0030,0006,12,2026-03-09,93000,8,47.61|50.31|57.18|78.23|84.26|84.91|97.03|100.77
16,종로구,창신동,MID그린(1동),601,11110-94,11110,,1,0601,0000,3,2024-08-29,44300,1,59.55
19,종로구,창신동,MID그린(2동),601-1,11110-153,11110,,1,0601,0001,7,2025-04-05,45000,3,54.72|59.26|59.47
15,종로구,창신동,MID그린(3동),601-2,11110-96,11110,,1,0601,0002,3,2024-10-24,43000,2,58.88|58.91
16,종로구,창신동,MID그린(4동),601-5,11110-97,11110,,1,0601,0005,4,2023-05-02,39800,1,59.55
16,종로구,창신동,MID그린(5동),601-4,11110-98,11110,,1,0601,0004,4,2019-10-11,27700,1,59.04
16,종로구,창신동,MID그린(6동),601-7,11110-99,11110,,1,0601,0007,2,2021-06-19,56500,1,59.04
12,종로구,창신동,MID그린(7동),601-8,11110-100,11110,,1,0601,0008,1,2018-04-22,23800,1,59.04
13,종로구,창신동,MID그린(8동),602-1,11110-43,11110,,1,0602,0001,6,2025-03-17,40000,2,59.01|59.94
6,종로구,창신동,MID그린(9동),601-6,11110-95,11110,,1,0601,0006,2,2020-10-28,35000,1,59.9
16,종로구,창신동,그린,23-326,11110-41,11110,,1,0023,0326,5,2024-06-04,49000,4,38.32|44.6|45.27|45.83
18,종로구,창신동,덕산,639-50,11110-29,11110,,1,0639,0050,10,2024-05-14,61700,2,59.22|59.28
131,종로구,창신동,동대문,328-17,11110-30,11110,,1,0328,0017,27,2026-01-31,45000,1,28.8
54,종로구,창신동,동대문맨션,578-5,11110-31,11110,,1,0578,0005,21,2025-08-23,65000,6,74.38|83.83|89.55|95.54|122.71|158.18
52,종로구,창신동,동문상가,436-41,11110-33,11110,,1,0436,0041,1,2025-09-29,26000,1,36.56
5,종로구,창신동,미니,638-36,11110-218,11110,,1,0638,0036,1,2019-05-21,16500,1,53.73
78,종로구,창신동,브라운스톤창신,23-76,11110-2150,11110,,1,0023,0076,19,2026-04-15,95500,3,84.67|84.81|84.87
18,종로구,창신동,삼흥,638-45,11110-35,11110,,1,0638,0045,3,2021-11-27,55000,2,57.42|57.78
18,종로구,창신동,성용,640-252,11110-36,11110,,1,0640,0252,4,2025-12-13,54000,1,58.23
18,종로구,창신동,유성,640-76,11110-38,11110,,1,0640,0076,3,2024-11-30,44700,2,59.85|59.94
12,종로구,창신동,일우,602,11110-130,11110,,1,0602,0000,4,2021-01-18,34500,1,59.3
18,종로구,창신동,창림,639-20,11110-111,11110,,1,0639,0020,7,2021-11-03,50000,2,58.62|59.67
15,종로구,창신동,흥인,627-21,11110-40,11110,,1,0627,0021,3,2021-09-28,43000,2,56.88|58.23
60,종로구,청운동,청운현대,56-45,11110-4,11110,,1,0056,0045,14,2026-04-01,160000,5,68.43|78.78|84.51|103.67|129.76
68,종로구,충신동,CS타워,62-2,11110-2291,11110,,1,0062,0002,26,2026-03-16,17600,2,21.94|22.17
41,종로구,통인동,효자,5-1,11110-204,11110,,1,0005,0001,4,2024-12-23,32000,1,61.49
99,종로구,평창동,갑을아파트,595,11110-68,11110,,1,0595,0000,34,2025-10-11,33000,6,30.46|30.55|32.54|32.56|53.33|64.88
14,종로구,평창동,노블레스빌,155-1,11110-80,11110,,1,0155,0001,4,2024-11-12,167000,3,169.75|241.55|243.09
19,종로구,평창동,르트랑시망,102,11110-2211,11110,,1,0102,0000,5,2021-06-25,105500,5,135.17|135.58|138.53|140.49|140.97
19,종로구,평창동,밀레니엄,179-5,11110-2292,11110,,1,0179,0005,16,2025-07-09,85000,6,83.7|84|84.41|102.96|108.18|110.61
79,종로구,평창동,벽산블루밍평창힐스,45,11110-146,11110,,1,0045,0000,20,2024-10-05,163000,8,150.83|150.94|152.06|155.97|186.9|207.28|209.98|210.53
19,종로구,평창동,엘리시아,66-1,11110-2261,11110,,1,0066,0001,22,2025-05-15,140000,4,200.19|206.22|213.07|236.07
60,종로구,평창동,일성빌라트,145-5,11110-77,11110,,1,0145,0005,18,2025-10-15,76500,2,59.82|84.99
15,종로구,평창동,크래스빌,46-1,11110-101,11110,,1,0046,0001,7,2024-04-05,103000,3,175.81|187.9|194.59
15,종로구,평창동,형우럭스빌(33-1),33-1,11110-2073,11110,18300,1,0033,0001,7,2026-04-20,102000,4,91.87|92.87|103.07|128.26
18,종로구,필운동,두레엘리시안,174-1,11110-2175,11110,,1,0174,0001,4,2025-03-25,90000,2,59.85|84.74
28,종로구,필운동,신동아블루아광화문의꿈,254,11110-2164,11110,,1,0254,0000,6,2025-10-18,170000,3,107.5|108.95|111.97
64,종로구,행촌동,대성아파트,41-1,11110-52,11110,,1,0041,0001,31,2025-12-31,69500,4,19.27|30.28|45.39|94.94
15,종로구,혜화동,혜화훼미리,20-12,11110-206,11110,,1,0020,0012,6,2025-10-15,94800,4,60.82|61.38|109.06|111.86
92,종로구,효제동,이지마루종로,126-2,11110-2561,11110,,1,0126,0002,37,2025-02-11,48500,6,19.31|20.87|24.44|25.55|26.33|26.65
136,중구,남대문로5가,남산트라팰리스,827,11140-1119,11140,,1,0827,0000,34,2026-01-27,248000,4,116.11|126.78|142.23|148.47
14,중구,남산동2가,남산퍼시픽,42,11140-61,11140,,1,0042,0000,3,2025-06-23,81500,3,62.64|80.76|108.78
45,중구,남창동,경서,205-44,11140-1,11140,,1,0205,0044,11,2025-06-18,39000,7,29.7|35.85|36.58|37.69|50.15|55.8|56.11
13,중구,만리동1가,SY파크힐,56-11,11140-983,11140,,1,0056,0011,1,2019-10-18,61000,1,95.78
72,중구,만리동1가,서울역디오빌,62-7,11140-313,11140,,1,0062,0007,20,2025-10-14,93000,2,56.66|73.86
70,중구,묵정동,충무,11-2,11140-16,11140,,1,0011,0002,24,2025-12-09,73000,2,54.18|67.77
82,중구,산림동,대림상가,207-2,11140-23,11140,,1,0207,0002,5,2023-09-20,60000,3,66.78|68.1|83.31
40,중구,산림동,청계상가,207-1,11140-24,11140,,1,0207,0001,3,2020-03-26,34000,2,69.42|78.21
84,중구,순화동,바비엥3,215,11140-1010,11140,,1,0215,0000,54,2025-12-26,88000,11,46.61|53.63|59.93|63.64|65.71|69.29|70.46|70.81|78.29|80.54|82.91
12,중구,신당동,(372-66),372-66,11140-1125,11140,,1,0372,0066,5,2025-10-14,64700,2,63.9|64.04
16,중구,신당동,(432-904),432-904,11140-73,11140,,1,0432,0904,6,2024-05-21,26500,4,56.09|56.66|58.59|59.16
28,중구,신당동,그린빌,122-1,11140-56,11140,,1,0122,0001,5,2020-10-15,54500,4,61.49|68.45|74.96|79.44
12,중구,신당동,글로리안(A),432-986,11140-48,11140,,1,0432,0986,2,2025-09-12,24000,1,59.98
18,중구,신당동,글로리안(B),432-970,11140-47,11140,,1,0432,0970,4,2025-05-22,35500,1,58.67
9,중구,신당동,남산FORESTHOUSE,432-1666,11140-1062,11140,,1,0432,1666,5,2026-04-01,390000,5,177.79|201.85|213.43|219.89|236.89
9,중구,신당동,남산리젠트힐,432-1669,11140-59,11140,,1,0432,1669,1,2019-01-18,50000,1,79.1
102,중구,신당동,남산정은스카이,366-126,11140-989,11140,16200,1,0366,0126,28,2026-04-20,154000,2,84.841|143.049
18,중구,신당동,노블레스2,432-1653,11140-50,11140,,1,0432,1653,11,2026-03-20,153750,5,74.1|84.78|84.84|84.93|94.38
18,중구,신당동,노블레스하우스,290-67,11140-1013,11140,,1,0290,0067,10,2026-01-19,79500,2,67.84|70.09
12,중구,신당동,다다아파트,432-1982,11140-84,11140,,1,0432,1982,4,2022-10-25,25000,2,59.95|59.97
19,중구,신당동,다오아트빌,432-498,11140-69,11140,,1,0432,0498,7,2026-02-26,34000,3,53.61|53.68|53.7
18,중구,신당동,대성드림,290-52,11140-41,11140,,1,0290,0052,4,2021-08-24,77700,3,82.23|83.01|83.79
18,중구,신당동,도현블랑빌,432-2164,11140-88,11140,,1,0432,2164,6,2026-04-14,111000,4,49.14|61.99|84.84|91.86
16,중구,신당동,동산,432-579,11140-71,11140,,1,0432,0579,9,2026-01-31,30000,4,46.53|53.76|53.83|54.95
5,중구,신당동,동산빌라(2차),432-1952,11140-78,11140,,1,0432,1952,1,2020-11-16,19000,1,54.46
35,중구,신당동,동평화패션타운,217-95,11140-30,11140,,1,0217,0095,2,2026-03-17,29500,2,46.07|66.32
15,중구,신당동,란스미어,404-2,11140-57,11140,,1,0404,0002,5,2024-04-17,72000,4,75.85|83.69|83.87|84.84
14,중구,신당동,마이스터빌,407-7,11140-64,11140,,1,0407,0007,1,2025-10-03,400000,1,244.31
15,중구,신당동,명경,432-657,11140-46,11140,,1,0432,0657,4,2025-04-29,35500,2,59.22|59.71
10,중구,신당동,명경아트빌,432-1979,11140-83,11140,,1,0432,1979,1,2025-09-11,27000,1,46.92
9,중구,신당동,벨레어카운티,407-17,11140-65,11140,,1,0407,0017,2,2025-11-18,453000,1,273.82
19,중구,신당동,삼성V아파트A동,290-42,11140-1018,11140,,1,0290,0042,3,2025-06-02,80000,1,81.63
11,중구,신당동,삼성V아파트B동,290-44,11140-1019,11140,,1,0290,0044,1,2018-04-08,55600,1,84.84
63,중구,신당동,삼성홈타운,849,11140-90,11140,,1,0849,0000,11,2025-05-28,119000,4,52.59|72.94|83.94|104.98
18,중구,신당동,성지,333-9,11140-45,11140,,1,0333,0009,3,2025-12-13,83500,3,56.8|82.1|84.37
12,중구,신당동,수산타운(2차),432-2006,11140-85,11140,,1,0432,2006,8,2022-04-01,14500,4,31.17|32.86|38.19|52.97
12,중구,신당동,스위스빌라,432-2000,11140-67,11140,,1,0432,2000,5,2023-04-11,20000,2,38.53|52.09
60,중구,신당동,신당아르브,160-5,11140-1217,11140,,1,0160,0005,31,2026-02-07,17000,2,16.87|18.08
49,중구,신당동,신당역솔하임,140-23,11140-1255,11140,,1,0140,0023,22,2025-11-01,25000,3,14.08|14.15|16.37
12,중구,신당동,신신(1차),432-1972,11140-82,11140,,1,0432,1972,9,2025-09-13,26500,2,38.93|53.88
18,중구,신당동,신신(2차),432-1957,11140-80,11140,,1,0432,1957,12,2026-03-21,44000,3,55.73|59.04|59.98
44,중구,신당동,약수(372-13),372-13,11140-34,11140,,1,0372,0013,6,2022-05-27,39000,3,48.07|50.81|50.91
6,중구,신당동,우석,432-2013,11140-87,11140,,1,0432,2013,2,2022-06-21,34300,1,59.99
11,중구,신당동,유정,432-1970,11140-81,11140,,1,0432,1970,7,2023-07-21,28000,2,29.4|59.65
12,중구,신당동,인성아트빌,432-502,11140-70,11140,,1,0432,0502,4,2024-05-16,18700,3,58.11|59.6|59.72
19,중구,신당동,진달래,333-42,11140-55,11140,,1,0333,0042,3,2019-08-31,55000,2,62.62|84.41
8,중구,신당동,청구103동,841-12,11140-1058,11140,,1,0841,0012,1,2024-10-07,28450,1,41.16
19,중구,신당동,청구드림,290-90,11140-42,11140,,1,0290,0090,6,2026-01-10,85000,2,84.94|84.99
19,중구,신당동,청구파크뷰,292-35,11140-63,11140,,1,0292,0035,3,2020-11-02,65000,2,76.9|78.29
15,중구,신당동,초원,432-479,11140-68,11140,,1,0432,0479,1,2021-10-28,34000,1,59.97
12,중구,신당동,타워,294-12,11140-43,11140,,1,0294,0012,6,2025-03-29,80000,3,74.52|99.03|99.09
7,중구,신당동,탑힐,313-8,11140-44,11140,,1,0313,0008,2,2024-12-21,100000,2,39.72|54.75
13,중구,신당동,태원팰리스,413-4,11140-309,11140,,1,0413,0004,3,2025-03-13,75000,2,73.9|83.75
17,중구,신당동,태원팰리스5차(432-1132),432-1132,11140-1003,11140,,1,0432,1132,7,2025-01-11,76000,4,84.15|84.78|96.42|98.8
12,중구,신당동,토토타워(5차),432-1061,11140-76,11140,,1,0432,1061,3,2025-12-20,31000,1,59.94
19,중구,신당동,푸른마을(432-921),432-921,11140-74,11140,,1,0432,0921,5,2022-03-12,22700,5,58.92|59.33|59.61|59.8|59.94
19,중구,신당동,푸른마을(B),432-922,11140-75,11140,,1,0432,0922,10,2025-10-17,33000,3,57.83|59.37|59.42
15,중구,신당동,프라임1,432-1632,11140-58,11140,,1,0432,1632,8,2025-03-28,74500,3,60.42|77.52|82.17
15,중구,신당동,프라임2,432-2837,11140-60,11140,,1,0432,2837,11,2025-09-26,76700,4,67.33|70.68|79.32|82.17
18,중구,신당동,하이1(113-5),113-5,11140-39,11140,,1,0113,0005,3,2026-03-30,79000,1,84.24
39,중구,예장동,예장동삼익,9,11140-18,11140,,1,0009,0000,7,2024-06-08,89500,7,57.24|59.94|60.39|84.45|110.49|114.78|115.17
27,중구,오장동,오장동오팰리오,139-7,11140-1364,11140,,1,0139,0007,12,2026-04-08,57000,5,19.04|22.31|29.2|29.48|39.69
29,중구,오장동,이지마루오장,206-34,11140-1321,11140,,1,0206,0034,6,2025-02-13,43000,4,14.49|22.46|23.94|41.38
27,중구,오장동,정석그라시아,90-8,11140-1343,11140,,1,0090,0008,17,2019-12-24,47750,5,18.13|18.43|24.89|28.44|37.13
43,중구,을지로5가,삼성파크빌,39-1,11140-998,11140,,1,0039,0001,16,2025-03-18,87000,5,84.65|84.85|84.87|84.92|84.96
19,중구,장충동1가,상지리츠빌장충동카일룸,104,11140-1053,11140,,1,0104,0000,4,2025-02-19,680000,2,244.69|244.75
18,중구,장충동1가,장충동라임카운티,105-1,11140-19,11140,,1,0105,0001,9,2025-07-09,360000,4,157.94|172.4|244.32|244.47
15,중구,장충동1가,장충레지던스,106-1,11140-20,11140,,1,0106,0001,6,2024-03-06,228000,5,52.05|152.68|155.88|156.08|309.7
49,중구,장충동2가,장충,193-29,11140-21,11140,,1,0193,0029,20,2024-05-28,22800,4,28.69|31.24|31.64|62.48
67,중구,중림동,성요셉,149,11140-52,11140,,1,0149,0000,18,2025-07-02,37000,7,36.36|39.67|41.32|49.59|56.2|68|70.98
28,중구,충무로5가,이지마루충무로,36-19,11140-1350,11140,,1,0036,0019,4,2025-10-15,33000,2,27.8|28.43
120,중구,충무로5가,충무로헤센스마트,90,11140-1303,11140,,1,0090,0000,63,2025-12-01,47500,4,19.76|21.04|31.02|40.65
5,중구,필동1가,하니맨션,51-11,11140-1131,11140,,1,0051,0011,1,2020-12-22,20000,1,40.14
31,중구,필동3가,미주,62-16,11140-17,11140,,1,0062,0016,5,2026-01-19,119500,4,114.38|130.95|138.93|152.31
12,중구,황학동,(1546-0),1546,11140-1248,11140,,1,1546,0000,2,2021-01-18,26000,2,29.35|29.72
40,중구,황학동,골드캐슬Ⅲ,1743,11140-1297,11140,,1,1743,0000,17,2026-03-07,35000,5,29.16|29.52|29.7|32.75|33.47
15,중구,황학동,그랜드힐오피스텔,19,11140-1286,11140,,1,0019,0000,9,2026-04-22,42500,4,21.72|24.15|24.48|55.33
8,중구,황학동,로얄,1005,11140-5,11140,,1,1005,0000,2,2018-07-31,39500,1,74.82
42,중구,황학동,위너빌(Winnervill),1200,11140-1315,11140,,1,1200,0000,31,2026-04-21,38000,5,25.42|28.55|28.78|29.79|29.87
39,중구,황학동,중구리버빌,981,11140-54,11140,,1,0981,0000,7,2023-03-29,55000,4,82.8|83.59|90.96|121.06
28,중구,황학동,청계랜드힐아파트,1531,11140-1380,11140,,1,1531,0000,3,2025-07-11,37700,2,29.79|29.87
45,중구,황학동,청계리버팰리스A,2033,11140-1330,11140,,1,2033,0000,16,2026-03-28,33000,5,26.14|26.35|26.49|27.84|34.26
36,중구,황학동,청계리버팰리스B,2015,11140-1319,11140,,1,2015,0000,5,2025-04-07,28000,2,25.5|26.94
23,중구,회현동1가,별장,147-20,11140-8,11140,,1,0147,0020,3,2024-06-07,28000,3,38.71|40.33|62.81
118,중구,회현동1가,삼풍,146-1,11140-9,11140,,1,0146,0001,18,2025-10-17,50000,9,47.54|49.3|63.87|63.88|66.15|66.16|68.34|68.61|69.13
15,중구,회현동1가,이지-빌,100-12,11140-1004,11140,,1,0100,0012,5,2024-07-17,47500,4,47.88|55.61|55.9|68.8
33,중구,회현동1가,평화,97-2,11140-10,11140,,1,0097,0002,5,2025-05-15,60000,3,56.08|58.02|64.12
56,중구,흥인동,동대문솔하임,8,11140-1274,11140,,1,0008,0000,12,2025-12-16,27500,5,17.67|19.6|19.67|21.93|23.42
86,중구,흥인동,우일타운,3-4,11140-26,11140,,1,0003,0004,26,2026-04-02,78000,6,42.37|56.43|69.39|75.45|84.87|114.57
68,중구,흥인동,위더스하임,142-1,11140-1301,11140,,1,0142,0001,28,2026-03-13,33800,3,16.18|22.42|23.82
103,중랑구,망우동,EGSoulLeader,506-8,11260-2668,11260,,1,0506,0008,67,2025-05-24,13500,4,13.07|13.42|13.55|17.95
78,중랑구,망우동,개나리,213-3,11260-67,11260,,1,0213,0003,26,2026-02-13,34800,1,41.88
24,중랑구,망우동,다우하임아파트,133-14,11260-4062,11260,,1,0133,0014,24,2020-07-08,41150,3,35.3|42.42|56.53
80,중랑구,망우동,대보,236-7,11260-69,11260,,1,0236,0007,27,2026-02-22,39200,3,41.49|43.65|44.01
63,중랑구,망우동,더하이어,508-6,11260-2772,11260,,1,0508,0006,30,2025-12-26,14500,1,12.0156
36,중랑구,망우동,로얄팰리스주상복합아파트,508-15,11260-4169,11260,,1,0508,0015,4,2026-03-30,58800,2,55.63|59.76
19,중랑구,망우동,문수해오름,490-30,11260-222,11260,,1,0490,0030,9,2024-09-30,56500,1,83.61
19,중랑구,망우동,산솔트윈,461-12,11260-2291,11260,,1,0461,0012,7,2022-05-13,40000,4,53.96|64.23|84.89|102.18
14,중랑구,망우동,성도아트빌,202-16,11260-2183,11260,,1,0202,0016,2,2025-11-29,44700,2,76.97|83.69
29,중랑구,망우동,세움삼익플라주,207-6,11260-4118,11260,,1,0207,0006,12,2021-05-27,63000,4,54.6|57.4|57.92|59.87
35,중랑구,망우동,아스테르아파트,506-22,11260-4565,11260,,1,0506,0022,12,2026-04-13,59500,3,37.6|50.85|55.82
19,중랑구,망우동,예아아트월드,133-15,11260-2011,11260,,1,0133,0015,2,2019-04-04,31000,1,73.31
24,중랑구,망우동,예원캐슬,508-34,11260-2620,11260,,1,0508,0034,18,2025-11-05,26800,3,30.14|33.94|38.56
35,중랑구,망우동,용마프라자,572,11260-73,11260,,1,0572,0000,5,2025-07-15,32500,1,59.28
14,중랑구,망우동,월드101,508-50,11260-78,11260,,1,0508,0050,3,2021-02-22,41000,1,62.86
18,중랑구,망우동,월드102,506-3,11260-157,11260,,1,0506,0003,1,2021-01-26,32000,1,55.62
12,중랑구,망우동,주영,184-13,11260-153,11260,,1,0184,0013,2,2019-12-11,28000,1,76.98
12,중랑구,망우동,주영파크뷰,184-16,11260-154,11260,,1,0184,0016,1,2021-03-06,39500,1,84.38
42,중랑구,망우동,주함해븐(101동),582,11260-2401,11260,,1,0582,0000,15,2025-10-10,38700,1,50.625
19,중랑구,망우동,진명,460-26,11260-76,11260,,1,0460,0026,1,2021-09-03,46700,1,73.36
19,중랑구,망우동,천보,494-17,11260-156,11260,,1,0494,0017,3,2023-12-07,36700,3,62.5|66.56|72.64
40,중랑구,망우동,해오름101동,508-14,11260-1966,11260,,1,0508,0014,9,2026-03-05,58500,1,84.972
28,중랑구,망우동,해오름102동,508-11,11260-1965,11260,,1,0508,0011,11,2026-02-05,43000,1,57.66
8,중랑구,망우동,현대,508-17,11260-77,11260,,1,0508,0017,2,2021-12-10,29400,1,51.69
32,중랑구,면목동,IS아파트,1534,11260-2612,11260,,1,1534,0000,5,2023-07-17,45500,3,53.61|64.52|84.84
19,중랑구,면목동,SM해그린,668-1,11260-166,11260,,1,0668,0001,4,2021-09-11,63500,2,81|84.87
10,중랑구,면목동,강호,624-5,11260-235,11260,,1,0624,0005,1,2018-08-03,26000,1,74.52
80,중랑구,면목동,개인택시주택조합(미성아파트),1-41,11260-9,11260,,1,0001,0041,25,2025-06-17,45000,4,50|54.32|54.4|55.4
30,중랑구,면목동,건원베스트원,105-4,11260-3260,11260,,1,0105,0004,15,2025-12-05,22000,6,17.43|21|21.59|21.92|23.64|26.38
17,중랑구,면목동,공감대(390-1),390-1,11260-651,11260,,1,0390,0001,1,2020-06-30,47500,1,84.96
18,중랑구,면목동,공감대(390-24),390-24,11260-652,11260,,1,0390,0024,6,2025-04-09,55500,2,84.24|84.96
13,중랑구,면목동,그린캐슬APT,136-2,11260-1928,11260,,1,0136,0002,6,2025-06-14,52500,5,59.62|74.27|84.68|84.81|88.39
17,중랑구,면목동,글로벌파크,564-1,11260-2062,11260,,1,0564,0001,1,2020-07-04,51500,1,93.94
56,중랑구,면목동,남청파인힐(101동),1526,11260-1993,11260,,1,1526,0000,14,2026-04-01,64400,3,81.93|82.09|84.97
19,중랑구,면목동,다울(178-10),178-10,11260-113,11260,,1,0178,0010,3,2021-09-07,54700,3,64.08|93.4|107.04
19,중랑구,면목동,다울(178-9),178-9,11260-111,11260,,1,0178,0009,2,2020-07-23,40500,2,84.58|135.51
19,중랑구,면목동,다울101동,178-50,11260-112,11260,,1,0178,0050,9,2025-11-29,49500,1,84.92
29,중랑구,면목동,대명미르테,1532,11260-2299,11260,,1,1532,0000,5,2021-04-06,60000,2,82.65|83.09
18,중랑구,면목동,동서그랜드맨션,174-1,11260-2,11260,,1,0174,0001,4,2025-12-19,65000,1,131.34
18,중랑구,면목동,동성네스트빌,181-30,11260-2154,11260,,1,0181,0030,7,2024-03-09,47400,4,44.1425|62.2|65.4725|83.29
19,중랑구,면목동,동성네스트빌101,1339-2,11260-3,11260,,1,1339,0002,6,2026-01-31,46500,2,71.68|75.76
94,중랑구,면목동,동원베네스트,1508,11260-114,11260,,1,1508,0000,31,2026-03-25,86500,1,84.86
18,중랑구,면목동,동일,376-5,11260-28,11260,,1,0376,0005,3,2019-12-24,32800,2,71.17|76.15
18,중랑구,면목동,동일스카이씨티(37차),1286-1,11260-2106,11260,,1,1286,0001,2,2021-08-18,45000,2,84.85|84.88
18,중랑구,면목동,동진노블클래스,353-55,11260-2356,11260,,1,0353,0055,6,2024-08-26,65000,3,77.94|80.37|80.4
172,중랑구,면목동,두산3,1511,11260-1974,11260,,1,1511,0000,54,2026-03-02,85000,1,84.77
258,중랑구,면목동,두산5,1522-1,11260-3753,11260,,1,1522,0001,70,2026-04-06,93500,5,59.72|59.97|60|84.87|134.7
18,중랑구,면목동,미래한건아파트,136-96,11260-1930,11260,,1,0136,0096,5,2025-05-07,59300,2,76.49|84.95
18,중랑구,면목동,미래한건아파트101동,136-77,11260-1929,11260,,1,0136,0077,2,2020-07-08,39000,1,84.81
26,중랑구,면목동,삼성제이드아파트,194-3,11260-3210,11260,,1,0194,0003,9,2026-01-03,50500,7,36.75|45.93|46.41|50.18|53.86|54.95|63.08
19,중랑구,면목동,삼일,499-42,11260-135,11260,,1,0499,0042,1,2019-12-19,23000,1,54.09
14,중랑구,면목동,세모,91-58,11260-14,11260,,1,0091,0058,2,2024-04-27,37900,1,68.35
14,중랑구,면목동,세모하이츠(A),132-63,11260-126,11260,,1,0132,0063,1,2023-10-02,42000,1,70.05
14,중랑구,면목동,세모하이츠(B),132-64,11260-127,11260,,1,0132,0064,4,2023-04-01,60000,3,47.18|75.75|76.38
18,중랑구,면목동,승일카이저,151-4,11260-134,11260,,1,0151,0004,2,2020-07-07,46000,2,58.16|121.02
54,중랑구,면목동,아람플러스,472-8,11260-2030,11260,,1,0472,0008,21,2026-03-03,65000,3,84.955|84.965|84.975
17,중랑구,면목동,아이쉐르빌,126-48,11260-131,11260,,1,0126,0048,3,2020-08-01,43200,1,74.14
19,중랑구,면목동,영우,157-3,11260-116,11260,,1,0157,0003,2,2025-03-25,49500,2,66.24|75.02
65,중랑구,면목동,온세솔내움,1524,11260-110,11260,,1,1524,0000,18,2024-07-12,60500,5,47.7606|59.8222|67.673|69.6946|83.1891
17,중랑구,면목동,우정아파트,138-15,11260-128,11260,,1,0138,0015,1,2025-09-04,34700,1,45.1
29,중랑구,면목동,유진뜨레지움,612-6,11260-4199,11260,,1,0612,0006,29,2021-07-27,53500,8,31.32|32.23|33.11|34.6|38.38|46.47|48.09|49.33
60,중랑구,면목동,이니지오,1554,11260-4501,11260,,1,1554,0000,42,2023-06-23,56800,18,20.68|21.18|21.45|24.21|25.73|26|27.13|28.72|29.09|29.35|39.89|51.68|54.33|56.81|57.01|58.32|59.06|59.42
19,중랑구,면목동,주함해븐,91-15,11260-2300,11260,,1,0091,0015,5,2022-06-29,47000,3,80.6|84.99|141.33
65,중랑구,면목동,진로,1517,11260-22,11260,10100,1,1517,0000,20,2026-04-06,46000,3,59.76|82.86|84.36
24,중랑구,면목동,진성그린건설테라스아파트,173-21,11260-3234,11260,,1,0173,0021,7,2020-12-17,28000,5,42.22|60|61.61|63.98|69.17
44,중랑구,면목동,킴스아파트,126-1,11260-3890,11260,,1,0126,0001,33,2025-12-31,36000,2,35.75|38.91
28,중랑구,면목동,킴스타워,637-2,11260-3987,11260,,1,0637,0002,28,2019-12-16,32200,4,30.04|30.61|32.24|33.01
22,중랑구,면목동,포르투나,727-302,11260-4573,11260,10100,1,0727,0302,13,2026-04-19,60000,1,51.99
18,중랑구,면목동,포인트아파트비동,142-8,11260-1976,11260,,1,0142,0008,6,2024-03-28,51500,2,83.2|83.68
12,중랑구,면목동,포인트아파트에이동,142-64,11260-1931,11260,,1,0142,0064,5,2025-09-30,60000,2,79.47|83.43
20,중랑구,면목동,한강훼미리(138-28),138-28,11260-132,11260,,1,0138,0028,4,2020-12-07,55000,2,84.02|84.75
19,중랑구,면목동,한강훼미리(138-62),138-62,11260-133,11260,,1,0138,0062,3,2018-09-11,36000,2,83|83.02
19,중랑구,면목동,한건브리앙,88-52,11260-233,11260,,1,0088,0052,3,2025-08-20,45000,2,57.36|84.81
19,중랑구,면목동,형제,1278,11260-125,11260,,1,1278,0000,6,2023-07-28,39300,4,41.4|72.8|79.53|102.54
76,중랑구,면목동,형진,1512,11260-26,11260,10100,1,1512,0000,14,2026-04-18,75000,4,59.94|84.18|87.33|109.68
19,중랑구,면목동,효성,177-56,11260-234,11260,,1,0177,0056,1,2019-09-29,29900,1,73.8
60,중랑구,묵동,SM해그린,390,11260-2019,11260,,1,0390,0000,23,2026-03-27,68700,4,81.48|84.09|84.32|84.47
16,중랑구,묵동,고덕골든빌(101동),168-8,11260-2666,11260,,1,0168,0008,3,2023-07-17,81000,2,74.94|95.31
16,중랑구,묵동,고덕골든빌(102동),168-16,11260-2667,11260,,1,0168,0016,2,2019-08-19,47000,1,80.45
15,중랑구,묵동,고덕골든빌(103동),168-7,11260-2665,11260,,1,0168,0007,1,2020-03-17,54500,1,89.36
18,중랑구,묵동,늘봄,168-4,11260-124,11260,,1,0168,0004,1,2020-05-06,43000,1,84.89
13,중랑구,묵동,로얄,122-55,11260-147,11260,,1,0122,0055,2,2023-11-03,33000,2,55.44|83.56
16,중랑구,묵동,리치빌,177-12,11260-1995,11260,,1,0177,0012,10,2025-11-30,68000,5,69.44|104.13|105.55|105.78|113.23
71,중랑구,묵동,묵동포레시타,393,11260-2711,11260,,1,0393,0000,38,2025-07-14,14500,4,14.95|15.35|18.25|18.59
42,중랑구,묵동,문수해오름,174-9,11260-165,11260,,1,0174,0009,5,2026-03-30,62500,1,84.62
19,중랑구,묵동,백운,122-146,11260-63,11260,,1,0122,0146,3,2020-02-14,32000,3,67.43|73.95|75.03
45,중랑구,묵동,삼성,161-4,11260-49,11260,,1,0161,0004,11,2025-09-27,45000,4,54.6|57.12|58.56|62.16
13,중랑구,묵동,성원팰리스,239-180,11260-4049,11260,,1,0239,0180,8,2022-08-20,50000,7,20.42|21.98|28.17|32.49|39.26|40.41|50.68
40,중랑구,묵동,세원,377,11260-51,11260,,1,0377,0000,13,2026-02-06,50000,5,59.82|59.91|74.1|84.63|84.66
49,중랑구,묵동,신도2,380,11260-56,11260,,1,0380,0000,15,2026-03-25,79800,4,58.11|58.59|84.9|123.87
36,중랑구,묵동,월등스카이뷰,170-27,11260-150,11260,,1,0170,0027,12,2025-04-02,72800,4,64.693|68.318|102.658|105.237
19,중랑구,묵동,정은스카이빌,154-18,11260-148,11260,,1,0154,0018,7,2025-12-27,74500,3,84.66|84.77|127.72
33,중랑구,묵동,태창네스트빌,389,11260-231,11260,,1,0389,0000,12,2026-02-23,63500,5,54.847|70.9883|84.3875|108.742|116.479
18,중랑구,묵동,풀내음(A동),58-1,11260-2010,11260,,1,0058,0001,7,2025-06-24,43000,3,57.63|60.75|66.12
6,중랑구,묵동,풀내음(B동),58-3,11260-1345,11260,,1,0058,0003,1,2019-11-04,33150,1,73.82
19,중랑구,묵동,풍산쉐르빌,184-20,11260-64,11260,,1,0184,0020,6,2025-02-03,44500,4,42.62|51.88|67.28|67.52
18,중랑구,묵동,하늘빛아파트,121-302,11260-2471,11260,,1,0121,0302,8,2025-11-13,60000,3,84.96|84.97|84.99
49,중랑구,묵동,헤르만스테이트,162-17,11260-2707,11260,,1,0162,0017,30,2025-12-17,19400,2,13.77|30
31,중랑구,묵동,효산센터빌,391,11260-2191,11260,,1,0391,0000,5,2026-04-01,60500,2,77.87|81.46
12,중랑구,상봉동,e-푸른나동,136-102,11260-140,11260,,1,0136,0102,3,2022-03-10,55000,3,65.19|82.6|84.59
14,중랑구,상봉동,그랑아파트,333-1,11260-141,11260,,1,0333,0001,3,2022-12-09,44500,3,55.7|63.6|84.88
39,중랑구,상봉동,금강산아파트,494,11260-34,11260,,1,0494,0000,10,2025-09-01,50000,3,58.6|59.98|66.54
35,중랑구,상봉동,더클래스,85-4,11260-3976,11260,,1,0085,0004,20,2025-11-18,31000,2,27.16|28.25
19,중랑구,상봉동,동성네스트빌1동,32-1,11260-39,11260,,1,0032,0001,9,2026-01-10,43000,3,71.1|71.24|72.08
19,중랑구,상봉동,동일스카이시티101동,284-11,11260-2310,11260,,1,0284,0011,9,2024-10-14,45000,5,60.76|61.37|62.28|62.58|62.72
18,중랑구,상봉동,동일스카이시티102동,284-13,11260-2333,11260,,1,0284,0013,10,2024-02-26,43000,3,61.54|62.62|63.82
55,중랑구,상봉동,레그노시티,89-10,11260-4076,11260,,1,0089,0010,55,2025-10-17,42500,5,20.858|25.451|26.908|29.683|37.583
49,중랑구,상봉동,리더스,104-10,11260-4017,11260,,1,0104,0010,29,2025-07-19,31500,7,26.03|28.01|29.03|29.34|29.57|31.05|31.24
11,중랑구,상봉동,매원아파트,136-100,11260-208,11260,,1,0136,0100,3,2025-04-07,40000,2,58|74.65
24,중랑구,상봉동,문수해오름,85-18,11260-118,11260,,1,0085,0018,7,2026-02-20,52000,2,81.24|84.84
18,중랑구,상봉동,미랜드프래임빌(102동),115-84,11260-2018,11260,,1,0115,0084,5,2026-04-04,59000,4,67|79.53|79.62|79.69
19,중랑구,상봉동,백운아파트,84-39,11260-137,11260,,1,0084,0039,7,2025-09-17,45000,3,67.62|69.79|77.98
100,중랑구,상봉동,상봉어반뷰,113,11260-3881,11260,,1,0113,0000,34,2026-02-13,29000,5,13.26|14.6|15.31|18.45|28.29
44,중랑구,상봉동,상봉태솔아파트101동,105-97,11260-4354,11260,,1,0105,0097,13,2025-06-09,65250,1,59.2
55,중랑구,상봉동,상봉힐스테이,106,11260-4284,11260,,1,0106,0000,48,2024-10-22,30500,4,14.47|14.75|16.94|17.25
50,중랑구,상봉동,센트럴파크55,87-27,11260-4032,11260,,1,0087,0027,31,2025-10-01,51700,5,46.45|47.62|48.49|48.83|49.1
35,중랑구,상봉동,솔렌시아3(85-1),85-1,11260-3807,11260,,1,0085,0001,4,2026-04-08,39500,1,49.84
76,중랑구,상봉동,솔렌시아5,84-11,11260-4025,11260,,1,0084,0011,28,2019-12-13,22350,3,17.98|19.82|21.28
127,중랑구,상봉동,스마트트라움,128-34,11260-4319,11260,,1,0128,0034,55,2022-05-06,60550,4,29.51|54.57|56.61|58.21
18,중랑구,상봉동,정우아파트,269-7,11260-117,11260,,1,0269,0007,5,2024-04-08,44000,3,76.38|81.5|83.47
53,중랑구,상봉동,청운명가프라임,87-43,11260-4063,11260,,1,0087,0043,26,2020-05-21,34700,2,29.08|34.89
19,중랑구,상봉동,태솔에버빌,474-10,11260-2997,11260,,1,0474,0010,8,2025-03-24,39400,3,54.56|57.5|58.14
120,중랑구,상봉동,포시티,113-1,11260-2879,11260,,1,0113,0001,64,2026-04-16,13900,1,14.855
19,중랑구,상봉동,풍산쉐르빌101동,226-20,11260-38,11260,,1,0226,0020,7,2021-09-13,38000,6,67.5|69.96|71.38|71.485|78.1|78.705
19,중랑구,상봉동,풍산쉐르빌102동,226-25,11260-41,11260,,1,0226,0025,7,2026-01-16,34700,5,46.04|47.35|47.5|59.63|68.82
42,중랑구,상봉동,한국프라우드,74,11260-228,11260,,1,0074,0000,6,2024-01-14,55000,2,84.99|113.42
15,중랑구,상봉동,해동훼미리,210-2,11260-1953,11260,,1,0210,0002,5,2021-05-10,44500,3,84.38|84.72|84.77
42,중랑구,신내동,광남,799,11260-80,11260,,1,0799,0000,24,2026-02-20,39500,6,37.743|41.556|44.45|49.692|53.485|54.345
36,중랑구,신내동,동광오뜨빌,800,11260-82,11260,,1,0800,0000,2,2026-04-03,52500,1,79.1736
75,중랑구,신내동,동성5,788,11260-102,11260,,1,0788,0000,23,2026-03-27,52900,1,59.91
96,중랑구,신내동,동성타워프라자,786,11260-84,11260,,1,0786,0000,31,2026-01-23,56000,3,59.01|61.95|84.21
99,중랑구,신내동,망우역신원아침도시,838,11260-4437,11260,,1,0838,0000,9,2026-04-03,64700,4,48.795|48.798|49.668|57.991
18,중랑구,신내동,신내아트빌,450-1,11260-224,11260,,1,0450,0001,4,2025-04-29,60500,1,119.59
19,중랑구,신내동,신천빌리지,495-42,11260-226,11260,,1,0495,0042,8,2026-01-30,55000,2,72.96|81.76
50,중랑구,신내동,원당,408-2,11260-93,11260,,1,0408,0002,9,2025-11-26,41000,1,63
18,중랑구,신내동,월드,493-158,11260-161,11260,,1,0493,0158,4,2025-09-02,48000,2,97.9|99.85
19,중랑구,신내동,월드크라운,616-1,11260-162,11260,,1,0616,0001,5,2025-10-03,53500,4,108.02|110.11|110.29|110.47
12,중랑구,신내동,조호그레이스,492-5,11260-159,11260,,1,0492,0005,4,2026-01-03,37000,2,61.65|84.13
19,중랑구,신내동,조호그레이스2,492-26,11260-160,11260,,1,0492,0026,5,2025-08-23,30600,3,42.5|55.99|59.24
19,중랑구,중화동,강오(A동),307-76,11260-146,11260,,1,0307,0076,6,2025-10-15,50000,4,70.68|82.28|82.7|84.78
18,중랑구,중화동,강오(B동),307-6,11260-145,11260,,1,0307,0006,9,2025-12-06,48900,4,67.74|70.06|71.86|80.88
10,중랑구,중화동,금강,297-84,11260-212,11260,,1,0297,0084,2,2022-08-31,23000,1,58.05
15,중랑구,중화동,남광타운,413-8,11260-2640,11260,,1,0413,0008,4,2025-09-08,34000,2,47.04|48.14
86,중랑구,중화동,동구햇살아파트101동,452,11260-44,11260,,1,0452,0000,8,2025-09-12,60000,1,75.61
18,중랑구,중화동,로얄,110-26,11260-119,11260,,1,0110,0026,5,2024-12-24,53700,3,78.88|80.33|80.97
84,중랑구,중화동,미영리치타운,207-14,11260-2114,11260,,1,0207,0014,12,2025-09-30,76000,1,84.71
27,중랑구,중화동,미영리치타운103,207-12,11260-2043,11260,,1,0207,0012,7,2026-02-10,72000,1,84.9
99,중랑구,중화동,삼익아파트.상가동,438,11260-45,11260,,1,0438,0000,26,2026-03-31,69500,4,59.34|59.82|80.58|84.9
,중랑구,중화동,연합파크빌,331-64,11260-104,11260,,1,0331,0064,3,2021-09-07,76500,2,80.01|80.34
98,중랑구,중화동,중화동건영아파트,42,11260-42,11260,,1,0042,0000,43,2026-02-24,61800,4,59.85|59.94|84.76|84.77
54,중랑구,중화동,청원다미소,286-22,11260-144,11260,,1,0286,0022,12,2022-05-17,83000,3,84.77|84.8|84.82
19,중랑구,중화동,태솔,318-81,11260-2009,11260,,1,0318,0081,4,2025-12-14,49800,2,69.6|73.99
17,중랑구,중화동,한솔e(A동),19-16,11260-143,11260,,1,0019,0016,5,2023-03-20,49500,4,64.84|71.34|75.7|78.52
18,중랑구,중화동,한솔e(B동),19-3,11260-142,11260,,1,0019,0003,5,2025-02-11,40000,3,54.54|77.85|82.65
16,중랑구,중화동,한영(101),274-51,11260-120,11260,,1,0274,0051,12,2026-03-12,57500,6,57.66|71.83|74.04|84.24|84.69|116.25
18,중랑구,중화동,한영(102),274-75,11260-121,11260,,1,0274,0075,8,2021-05-04,49500,5,57.18|58.87|66.54|72.22|84.34
19,중랑구,중화동,한영(103),274-76,11260-122,11260,,1,0274,0076,8,2021-08-20,61500,6,56.52|58.46|61.36|69.09|69.52|104.93
19,중랑구,중화동,한영(104),274-77,11260-123,11260,,1,0274,0077,6,2026-03-10,45400,6,65.49|66.24|67.57|70.96|75.88|106.21
18,중랑구,중화동,현대휴앤미,11,11260-2052,11260,,1,0011,0000,5,2024-03-26,54800,4,82.17|95.94|100.17|100.2
16,중랑구,중화동,현대휴앤미(102동),11-7,11260-2057,11260,,1,0011,0007,4,2024-04-04,53000,4,64.48|67.36|76.43|77.71
